country_code,country_name,sector_name,year,gender_pay_gap,vacancy_rate
AT,Austria,Accommodation and food service activities,2019,8.0,6.175000000000001
AT,Austria,Accommodation and food service activities,2020,7.4,4.425
AT,Austria,Accommodation and food service activities,2021,10.1,7.450000000000001
AT,Austria,Accommodation and food service activities,2022,8.0,10.075
AT,Austria,Accommodation and food service activities,2023,7.8,7.925
AT,Austria,Accommodation and food service activities,2024,7.2,6.824999999999999
AT,Austria,Accommodation and food service activities,2025,,5.449999999999999
AT,Austria,Administrative and support service activities,2019,17.3,6.15
AT,Austria,Administrative and support service activities,2020,17.0,4.975
AT,Austria,Administrative and support service activities,2021,17.2,5.475
AT,Austria,Administrative and support service activities,2022,18.2,8.450000000000001
AT,Austria,Administrative and support service activities,2023,18.6,8.15
AT,Austria,Administrative and support service activities,2024,18.6,7.35
AT,Austria,Administrative and support service activities,2025,,5.700000000000001
AT,Austria,"Arts, entertainment and recreation",2019,19.9,1.8250000000000002
AT,Austria,"Arts, entertainment and recreation",2020,20.1,3.25
AT,Austria,"Arts, entertainment and recreation",2021,23.0,2.675
AT,Austria,"Arts, entertainment and recreation",2022,23.3,4.7250000000000005
AT,Austria,"Arts, entertainment and recreation",2023,23.6,2.6
AT,Austria,"Arts, entertainment and recreation",2024,22.7,2.7750000000000004
AT,Austria,"Arts, entertainment and recreation",2025,,1.7999999999999998
AT,Austria,"Arts, entertainment and recreation; other service activities",2019,,2.35
AT,Austria,"Arts, entertainment and recreation; other service activities",2020,,2.175
AT,Austria,"Arts, entertainment and recreation; other service activities",2021,,2.45
AT,Austria,"Arts, entertainment and recreation; other service activities",2022,,4.4
AT,Austria,"Arts, entertainment and recreation; other service activities",2023,,3.5250000000000004
AT,Austria,"Arts, entertainment and recreation; other service activities",2024,,3.075
AT,Austria,"Arts, entertainment and recreation; other service activities",2025,,2.425
AT,Austria,Business economy,2019,21.7,4.075
AT,Austria,Business economy,2020,21.0,3.325
AT,Austria,Business economy,2021,21.0,4.75
AT,Austria,Business economy,2022,20.5,6.45
AT,Austria,Business economy,2023,20.2,5.574999999999999
AT,Austria,Business economy,2024,19.7,4.6
AT,Austria,Business economy,2025,,3.9
AT,Austria,Construction,2019,8.3,6.199999999999999
AT,Austria,Construction,2020,8.1,5.25
AT,Austria,Construction,2021,8.0,6.875
AT,Austria,Construction,2022,7.7,7.475
AT,Austria,Construction,2023,7.4,6.325
AT,Austria,Construction,2024,7.4,5.8
AT,Austria,Construction,2025,,4.824999999999999
AT,Austria,Education,2019,23.5,1.45
AT,Austria,Education,2020,23.4,1.25
AT,Austria,Education,2021,23.2,1.45
AT,Austria,Education,2022,22.8,2.0
AT,Austria,Education,2023,22.2,2.5999999999999996
AT,Austria,Education,2024,21.3,1.925
AT,Austria,Education,2025,,1.125
AT,Austria,"Electricity, gas, steam and air conditioning supply",2019,14.7,1.125
AT,Austria,"Electricity, gas, steam and air conditioning supply",2020,15.0,1.2
AT,Austria,"Electricity, gas, steam and air conditioning supply",2021,15.2,2.35
AT,Austria,"Electricity, gas, steam and air conditioning supply",2022,15.4,2.625
AT,Austria,"Electricity, gas, steam and air conditioning supply",2023,15.4,3.125
AT,Austria,"Electricity, gas, steam and air conditioning supply",2024,15.9,2.675
AT,Austria,"Electricity, gas, steam and air conditioning supply",2025,,2.6500000000000004
AT,Austria,Financial and insurance activities,2019,27.9,1.25
AT,Austria,Financial and insurance activities,2020,26.9,1.3499999999999999
AT,Austria,Financial and insurance activities,2021,26.9,1.5
AT,Austria,Financial and insurance activities,2022,26.7,3.2500000000000004
AT,Austria,Financial and insurance activities,2023,26.0,2.6750000000000003
AT,Austria,Financial and insurance activities,2024,25.6,2.0
AT,Austria,Financial and insurance activities,2025,,2.1
AT,Austria,Human health and social work activities,2019,14.5,2.5
AT,Austria,Human health and social work activities,2020,13.4,2.275
AT,Austria,Human health and social work activities,2021,11.1,2.9
AT,Austria,Human health and social work activities,2022,9.8,4.2
AT,Austria,Human health and social work activities,2023,9.2,4.175
AT,Austria,Human health and social work activities,2024,8.6,4.5
AT,Austria,Human health and social work activities,2025,,3.0749999999999997
AT,Austria,Industry (except construction),2019,,2.575
AT,Austria,Industry (except construction),2020,,2.075
AT,Austria,Industry (except construction),2021,,3.325
AT,Austria,Industry (except construction),2022,,4.875
AT,Austria,Industry (except construction),2023,,3.9
AT,Austria,Industry (except construction),2024,,3.0250000000000004
AT,Austria,Industry (except construction),2025,,2.8
AT,Austria,Industry and construction,2019,,3.675
AT,Austria,Industry and construction,2020,,3.05
AT,Austria,Industry and construction,2021,,4.425
AT,Austria,Industry and construction,2022,,5.675000000000001
AT,Austria,Industry and construction,2023,,4.65
AT,Austria,Industry and construction,2024,,3.875
AT,Austria,Industry and construction,2025,,3.4250000000000003
AT,Austria,"Industry, construction and services (except activities of households as employers and extra-territorial organisations and bodies)",2019,,3.3499999999999996
AT,Austria,"Industry, construction and services (except activities of households as employers and extra-territorial organisations and bodies)",2020,,2.8
AT,Austria,"Industry, construction and services (except activities of households as employers and extra-territorial organisations and bodies)",2021,,3.875
AT,Austria,"Industry, construction and services (except activities of households as employers and extra-territorial organisations and bodies)",2022,,5.3
AT,Austria,"Industry, construction and services (except activities of households as employers and extra-territorial organisations and bodies)",2023,,4.699999999999999
AT,Austria,"Industry, construction and services (except activities of households as employers and extra-territorial organisations and bodies)",2024,,4.0
AT,Austria,"Industry, construction and services (except activities of households as employers and extra-territorial organisations and bodies)",2025,,3.225
AT,Austria,"Industry, construction and services (except public administration, defense, compulsory social security)",2019,20.0,
AT,Austria,"Industry, construction and services (except public administration, defense, compulsory social security)",2020,19.2,
AT,Austria,"Industry, construction and services (except public administration, defense, compulsory social security)",2021,19.1,
AT,Austria,"Industry, construction and services (except public administration, defense, compulsory social security)",2022,18.7,
AT,Austria,"Industry, construction and services (except public administration, defense, compulsory social security)",2023,18.3,
AT,Austria,"Industry, construction and services (except public administration, defense, compulsory social security)",2024,17.6,
AT,Austria,Information and communication,2019,20.6,5.65
AT,Austria,Information and communication,2020,20.6,4.625
AT,Austria,Information and communication,2021,20.5,6.975
AT,Austria,Information and communication,2022,20.3,7.025
AT,Austria,Information and communication,2023,20.0,4.6499999999999995
AT,Austria,Information and communication,2024,19.9,4.35
AT,Austria,Information and communication,2025,,3.35
AT,Austria,Manufacturing,2019,20.2,2.675
AT,Austria,Manufacturing,2020,18.4,2.15
AT,Austria,Manufacturing,2021,18.7,3.3750000000000004
AT,Austria,Manufacturing,2022,17.9,4.975
AT,Austria,Manufacturing,2023,17.3,3.9499999999999997
AT,Austria,Manufacturing,2024,16.7,3.1
AT,Austria,Manufacturing,2025,,2.85
AT,Austria,Mining and quarrying,2019,7.8,1.5750000000000002
AT,Austria,Mining and quarrying,2020,10.9,1.4000000000000001
AT,Austria,Mining and quarrying,2021,9.6,2.775
AT,Austria,Mining and quarrying,2022,14.3,3.425
AT,Austria,Mining and quarrying,2023,12.8,2.925
AT,Austria,Mining and quarrying,2024,14.2,2.075
AT,Austria,Mining and quarrying,2025,,1.275
AT,Austria,Other service activities,2019,25.5,2.6
AT,Austria,Other service activities,2020,24.2,1.6500000000000001
AT,Austria,Other service activities,2021,23.8,2.3499999999999996
AT,Austria,Other service activities,2022,22.1,4.225
AT,Austria,Other service activities,2023,20.5,4.0249999999999995
AT,Austria,Other service activities,2024,19.7,3.2
AT,Austria,Other service activities,2025,,2.825
AT,Austria,"Professional, scientific and technical activities",2019,28.1,4.35
AT,Austria,"Professional, scientific and technical activities",2020,27.7,3.85
AT,Austria,"Professional, scientific and technical activities",2021,27.6,5.199999999999999
AT,Austria,"Professional, scientific and technical activities",2022,27.4,7.1499999999999995
AT,Austria,"Professional, scientific and technical activities",2023,26.9,6.574999999999999
AT,Austria,"Professional, scientific and technical activities",2024,25.7,4.85
AT,Austria,"Professional, scientific and technical activities",2025,,4.0249999999999995
AT,Austria,"Professional, scientific and technical activities; administrative and support service activities",2019,,5.35
AT,Austria,"Professional, scientific and technical activities; administrative and support service activities",2020,,4.425
AT,Austria,"Professional, scientific and technical activities; administrative and support service activities",2021,,5.375
AT,Austria,"Professional, scientific and technical activities; administrative and support service activities",2022,,7.825
AT,Austria,"Professional, scientific and technical activities; administrative and support service activities",2023,,7.375
AT,Austria,"Professional, scientific and technical activities; administrative and support service activities",2024,,6.1
AT,Austria,"Professional, scientific and technical activities; administrative and support service activities",2025,,4.85
AT,Austria,Public administration and defence; compulsory social security,2019,,0.9749999999999999
AT,Austria,Public administration and defence; compulsory social security,2020,,0.7000000000000001
AT,Austria,Public administration and defence; compulsory social security,2021,,0.9500000000000001
AT,Austria,Public administration and defence; compulsory social security,2022,,1.05
AT,Austria,Public administration and defence; compulsory social security,2023,,1.35
AT,Austria,Public administration and defence; compulsory social security,2024,,1.275
AT,Austria,Public administration and defence; compulsory social security,2025,,0.825
AT,Austria,"Public administration and defence; compulsory social security; education; human health and social work activities; arts, entertainment and recreation; other service activities",2019,,1.6
AT,Austria,"Public administration and defence; compulsory social security; education; human health and social work activities; arts, entertainment and recreation; other service activities",2020,,1.4
AT,Austria,"Public administration and defence; compulsory social security; education; human health and social work activities; arts, entertainment and recreation; other service activities",2021,,1.7750000000000001
AT,Austria,"Public administration and defence; compulsory social security; education; human health and social work activities; arts, entertainment and recreation; other service activities",2022,,2.5
AT,Austria,"Public administration and defence; compulsory social security; education; human health and social work activities; arts, entertainment and recreation; other service activities",2023,,2.65
AT,Austria,"Public administration and defence; compulsory social security; education; human health and social work activities; arts, entertainment and recreation; other service activities",2024,,2.5
AT,Austria,"Public administration and defence; compulsory social security; education; human health and social work activities; arts, entertainment and recreation; other service activities",2025,,1.725
AT,Austria,"Public administration, defence, education, human health and social work activities",2019,,1.5
AT,Austria,"Public administration, defence, education, human health and social work activities",2020,,1.3
AT,Austria,"Public administration, defence, education, human health and social work activities",2021,,1.6749999999999998
AT,Austria,"Public administration, defence, education, human health and social work activities",2022,,2.25
AT,Austria,"Public administration, defence, education, human health and social work activities",2023,,2.525
AT,Austria,"Public administration, defence, education, human health and social work activities",2024,,2.425
AT,Austria,"Public administration, defence, education, human health and social work activities",2025,,1.625
AT,Austria,Real estate activities,2019,27.2,1.675
AT,Austria,Real estate activities,2020,25.4,3.575
AT,Austria,Real estate activities,2021,23.5,2.7749999999999995
AT,Austria,Real estate activities,2022,21.6,2.75
AT,Austria,Real estate activities,2023,20.9,2.675
AT,Austria,Real estate activities,2024,19.5,2.75
AT,Austria,Real estate activities,2025,,2.85
AT,Austria,Services of the business economy,2019,,4.300000000000001
AT,Austria,Services of the business economy,2020,,3.5
AT,Austria,Services of the business economy,2021,,4.925000000000001
AT,Austria,Services of the business economy,2022,,6.824999999999999
AT,Austria,Services of the business economy,2023,,6.075000000000001
AT,Austria,Services of the business economy,2024,,5.025
AT,Austria,Services of the business economy,2025,,4.175
AT,Austria,Transportation and storage,2019,11.8,3.0250000000000004
AT,Austria,Transportation and storage,2020,12.1,2.15
AT,Austria,Transportation and storage,2021,10.6,3.9250000000000003
AT,Austria,Transportation and storage,2022,9.8,5.7250000000000005
AT,Austria,Transportation and storage,2023,9.3,5.199999999999999
AT,Austria,Transportation and storage,2024,9.5,3.95
AT,Austria,Transportation and storage,2025,,3.675
AT,Austria,"Water supply; sewerage, waste management and remediation activities",2019,7.5,1.825
AT,Austria,"Water supply; sewerage, waste management and remediation activities",2020,10.0,1.7249999999999999
AT,Austria,"Water supply; sewerage, waste management and remediation activities",2021,11.9,2.55
AT,Austria,"Water supply; sewerage, waste management and remediation activities",2022,11.5,4.9
AT,Austria,"Water supply; sewerage, waste management and remediation activities",2023,11.6,3.6750000000000003
AT,Austria,"Water supply; sewerage, waste management and remediation activities",2024,10.6,2.3
AT,Austria,"Water supply; sewerage, waste management and remediation activities",2025,,1.8499999999999999
AT,Austria,"Wholesale and retail trade, transport, accommodation and food service activities",2019,,4.1499999999999995
AT,Austria,"Wholesale and retail trade, transport, accommodation and food service activities",2020,,3.2
AT,Austria,"Wholesale and retail trade, transport, accommodation and food service activities",2021,,4.95
AT,Austria,"Wholesale and retail trade, transport, accommodation and food service activities",2022,,6.824999999999999
AT,Austria,"Wholesale and retail trade, transport, accommodation and food service activities",2023,,6.1
AT,Austria,"Wholesale and retail trade, transport, accommodation and food service activities",2024,,5.0
AT,Austria,"Wholesale and retail trade, transport, accommodation and food service activities",2025,,4.225
AT,Austria,Wholesale and retail trade; repair of motor vehicles and motorcycles,2019,22.6,3.6500000000000004
AT,Austria,Wholesale and retail trade; repair of motor vehicles and motorcycles,2020,21.6,3.025
AT,Austria,Wholesale and retail trade; repair of motor vehicles and motorcycles,2021,21.6,4.375
AT,Austria,Wholesale and retail trade; repair of motor vehicles and motorcycles,2022,20.9,5.800000000000001
AT,Austria,Wholesale and retail trade; repair of motor vehicles and motorcycles,2023,20.4,5.675
AT,Austria,Wholesale and retail trade; repair of motor vehicles and motorcycles,2024,19.5,4.55
AT,Austria,Wholesale and retail trade; repair of motor vehicles and motorcycles,2025,,3.875
BE,Belgium,Accommodation and food service activities,2019,2.9,4.9
BE,Belgium,Accommodation and food service activities,2020,2.3,3.5
BE,Belgium,Accommodation and food service activities,2021,1.9,7.624999999999999
BE,Belgium,Accommodation and food service activities,2022,1.5,7.225
BE,Belgium,Accommodation and food service activities,2023,1.5,6.875
BE,Belgium,Accommodation and food service activities,2024,1.5,4.225
BE,Belgium,Accommodation and food service activities,2025,,4.1
BE,Belgium,Administrative and support service activities,2019,8.0,7.075000000000001
BE,Belgium,Administrative and support service activities,2020,7.3,6.575
BE,Belgium,Administrative and support service activities,2021,6.8,8.575
BE,Belgium,Administrative and support service activities,2022,6.3,9.425
BE,Belgium,Administrative and support service activities,2023,6.3,8.975000000000001
BE,Belgium,Administrative and support service activities,2024,6.3,8.45
BE,Belgium,Administrative and support service activities,2025,,7.475
BE,Belgium,"Arts, entertainment and recreation",2019,1.1,3.575
BE,Belgium,"Arts, entertainment and recreation",2020,1.6,1.8499999999999999
BE,Belgium,"Arts, entertainment and recreation",2021,1.6,4.25
BE,Belgium,"Arts, entertainment and recreation",2022,2.2,3.5749999999999997
BE,Belgium,"Arts, entertainment and recreation",2023,2.1,3.95
BE,Belgium,"Arts, entertainment and recreation",2024,2.1,3.5250000000000004
BE,Belgium,"Arts, entertainment and recreation",2025,,2.625
BE,Belgium,"Arts, entertainment and recreation; other service activities",2019,,2.8750000000000004
BE,Belgium,"Arts, entertainment and recreation; other service activities",2020,,2.4750000000000005
BE,Belgium,"Arts, entertainment and recreation; other service activities",2021,,3.65
BE,Belgium,"Arts, entertainment and recreation; other service activities",2022,,3.425
BE,Belgium,"Arts, entertainment and recreation; other service activities",2023,,3.275
BE,Belgium,"Arts, entertainment and recreation; other service activities",2024,,3.175
BE,Belgium,"Arts, entertainment and recreation; other service activities",2025,,2.875
BE,Belgium,Business economy,2019,9.3,4.2
BE,Belgium,Business economy,2020,8.3,3.65
BE,Belgium,Business economy,2021,7.4,5.25
BE,Belgium,Business economy,2022,6.8,5.875
BE,Belgium,Business economy,2023,6.7,5.45
BE,Belgium,Business economy,2024,6.7,5.025
BE,Belgium,Business economy,2025,,4.574999999999999
BE,Belgium,Construction,2019,3.9,4.85
BE,Belgium,Construction,2020,0.1,3.775
BE,Belgium,Construction,2021,-3.3,6.025
BE,Belgium,Construction,2022,-6.8,5.875
BE,Belgium,Construction,2023,-6.8,5.425000000000001
BE,Belgium,Construction,2024,-6.8,5.925
BE,Belgium,Construction,2025,,5.5249999999999995
BE,Belgium,Education,2019,5.1,2.25
BE,Belgium,Education,2020,5.1,2.525
BE,Belgium,Education,2021,5.1,2.825
BE,Belgium,Education,2022,4.9,2.95
BE,Belgium,Education,2023,4.8,3.2249999999999996
BE,Belgium,Education,2024,4.8,2.7750000000000004
BE,Belgium,Education,2025,,2.75
BE,Belgium,"Electricity, gas, steam and air conditioning supply",2019,8.6,2.975
BE,Belgium,"Electricity, gas, steam and air conditioning supply",2020,11.0,1.95
BE,Belgium,"Electricity, gas, steam and air conditioning supply",2021,14.1,2.775
BE,Belgium,"Electricity, gas, steam and air conditioning supply",2022,16.6,3.625
BE,Belgium,"Electricity, gas, steam and air conditioning supply",2023,16.6,4.325
BE,Belgium,"Electricity, gas, steam and air conditioning supply",2024,16.6,5.1
BE,Belgium,"Electricity, gas, steam and air conditioning supply",2025,,4.2749999999999995
BE,Belgium,Financial and insurance activities,2019,8.4,2.675
BE,Belgium,Financial and insurance activities,2020,10.0,1.7
BE,Belgium,Financial and insurance activities,2021,12.4,2.7750000000000004
BE,Belgium,Financial and insurance activities,2022,14.1,3.7249999999999996
BE,Belgium,Financial and insurance activities,2023,14.0,3.5749999999999997
BE,Belgium,Financial and insurance activities,2024,14.0,3.325
BE,Belgium,Financial and insurance activities,2025,,2.9750000000000005
BE,Belgium,Human health and social work activities,2019,1.9,2.0
BE,Belgium,Human health and social work activities,2020,1.5,1.7750000000000001
BE,Belgium,Human health and social work activities,2021,0.8,2.25
BE,Belgium,Human health and social work activities,2022,0.3,3.0
BE,Belgium,Human health and social work activities,2023,0.0,3.025
BE,Belgium,Human health and social work activities,2024,0.0,2.9499999999999997
BE,Belgium,Human health and social work activities,2025,,2.625
BE,Belgium,Industry (except construction),2019,,2.475
BE,Belgium,Industry (except construction),2020,,2.375
BE,Belgium,Industry (except construction),2021,,3.275
BE,Belgium,Industry (except construction),2022,,4.2
BE,Belgium,Industry (except construction),2023,,3.8
BE,Belgium,Industry (except construction),2024,,3.275
BE,Belgium,Industry (except construction),2025,,2.975
BE,Belgium,Industry and construction,2019,,3.175
BE,Belgium,Industry and construction,2020,,2.75
BE,Belgium,Industry and construction,2021,,4.075
BE,Belgium,Industry and construction,2022,,4.725
BE,Belgium,Industry and construction,2023,,4.25
BE,Belgium,Industry and construction,2024,,4.074999999999999
BE,Belgium,Industry and construction,2025,,3.6999999999999997
BE,Belgium,"Industry, construction and services (except activities of households as employers and extra-territorial organisations and bodies)",2019,,3.45
BE,Belgium,"Industry, construction and services (except activities of households as employers and extra-territorial organisations and bodies)",2020,,3.075
BE,Belgium,"Industry, construction and services (except activities of households as employers and extra-territorial organisations and bodies)",2021,,4.3
BE,Belgium,"Industry, construction and services (except activities of households as employers and extra-territorial organisations and bodies)",2022,,4.8
BE,Belgium,"Industry, construction and services (except activities of households as employers and extra-territorial organisations and bodies)",2023,,4.6000000000000005
BE,Belgium,"Industry, construction and services (except activities of households as employers and extra-territorial organisations and bodies)",2024,,4.275
BE,Belgium,"Industry, construction and services (except activities of households as employers and extra-territorial organisations and bodies)",2025,,3.8249999999999997
BE,Belgium,"Industry, construction and services (except public administration, defense, compulsory social security)",2019,4.7,
BE,Belgium,"Industry, construction and services (except public administration, defense, compulsory social security)",2020,3.2,
BE,Belgium,"Industry, construction and services (except public administration, defense, compulsory social security)",2021,1.8,
BE,Belgium,"Industry, construction and services (except public administration, defense, compulsory social security)",2022,0.7,
BE,Belgium,"Industry, construction and services (except public administration, defense, compulsory social security)",2023,0.7,
BE,Belgium,"Industry, construction and services (except public administration, defense, compulsory social security)",2024,0.7,
BE,Belgium,Information and communication,2019,9.9,6.35
BE,Belgium,Information and communication,2020,8.6,5.775
BE,Belgium,Information and communication,2021,7.9,7.975
BE,Belgium,Information and communication,2022,6.6,8.55
BE,Belgium,Information and communication,2023,6.5,7.0249999999999995
BE,Belgium,Information and communication,2024,6.5,5.425000000000001
BE,Belgium,Information and communication,2025,,4.625
BE,Belgium,Manufacturing,2019,8.3,2.45
BE,Belgium,Manufacturing,2020,6.1,2.375
BE,Belgium,Manufacturing,2021,3.3,3.2750000000000004
BE,Belgium,Manufacturing,2022,1.1,4.35
BE,Belgium,Manufacturing,2023,0.9,3.775
BE,Belgium,Manufacturing,2024,0.9,3.175
BE,Belgium,Manufacturing,2025,,2.875
BE,Belgium,Mining and quarrying,2019,-2.0,1.4
BE,Belgium,Mining and quarrying,2020,-1.0,1.4000000000000001
BE,Belgium,Mining and quarrying,2021,-0.3,1.5750000000000002
BE,Belgium,Mining and quarrying,2022,1.2,1.4
BE,Belgium,Mining and quarrying,2023,1.0,1.025
BE,Belgium,Mining and quarrying,2024,1.0,1.6
BE,Belgium,Mining and quarrying,2025,,0.95
BE,Belgium,Other service activities,2019,7.6,2.55
BE,Belgium,Other service activities,2020,10.9,2.825
BE,Belgium,Other service activities,2021,14.0,3.3249999999999997
BE,Belgium,Other service activities,2022,17.4,3.35
BE,Belgium,Other service activities,2023,17.3,2.825
BE,Belgium,Other service activities,2024,17.3,2.9499999999999997
BE,Belgium,Other service activities,2025,,3.075
BE,Belgium,"Professional, scientific and technical activities",2019,5.9,6.2250000000000005
BE,Belgium,"Professional, scientific and technical activities",2020,6.5,5.2
BE,Belgium,"Professional, scientific and technical activities",2021,7.0,7.375
BE,Belgium,"Professional, scientific and technical activities",2022,7.6,8.25
BE,Belgium,"Professional, scientific and technical activities",2023,7.6,7.4750000000000005
BE,Belgium,"Professional, scientific and technical activities",2024,7.6,6.85
BE,Belgium,"Professional, scientific and technical activities",2025,,5.75
BE,Belgium,"Professional, scientific and technical activities; administrative and support service activities",2019,,6.800000000000001
BE,Belgium,"Professional, scientific and technical activities; administrative and support service activities",2020,,6.1
BE,Belgium,"Professional, scientific and technical activities; administrative and support service activities",2021,,8.2
BE,Belgium,"Professional, scientific and technical activities; administrative and support service activities",2022,,9.025
BE,Belgium,"Professional, scientific and technical activities; administrative and support service activities",2023,,8.475
BE,Belgium,"Professional, scientific and technical activities; administrative and support service activities",2024,,7.85
BE,Belgium,"Professional, scientific and technical activities; administrative and support service activities",2025,,6.875
BE,Belgium,Public administration and defence; compulsory social security,2019,,2.5
BE,Belgium,Public administration and defence; compulsory social security,2020,,2.525
BE,Belgium,Public administration and defence; compulsory social security,2021,,2.9999999999999996
BE,Belgium,Public administration and defence; compulsory social security,2022,,3.1
BE,Belgium,Public administration and defence; compulsory social security,2023,,3.25
BE,Belgium,Public administration and defence; compulsory social security,2024,,3.2249999999999996
BE,Belgium,Public administration and defence; compulsory social security,2025,,2.65
BE,Belgium,"Public administration and defence; compulsory social security; education; human health and social work activities; arts, entertainment and recreation; other service activities",2019,,2.225
BE,Belgium,"Public administration and defence; compulsory social security; education; human health and social work activities; arts, entertainment and recreation; other service activities",2020,,2.2
BE,Belgium,"Public administration and defence; compulsory social security; education; human health and social work activities; arts, entertainment and recreation; other service activities",2021,,2.7
BE,Belgium,"Public administration and defence; compulsory social security; education; human health and social work activities; arts, entertainment and recreation; other service activities",2022,,3.05
BE,Belgium,"Public administration and defence; compulsory social security; education; human health and social work activities; arts, entertainment and recreation; other service activities",2023,,3.15
BE,Belgium,"Public administration and defence; compulsory social security; education; human health and social work activities; arts, entertainment and recreation; other service activities",2024,,3.0
BE,Belgium,"Public administration and defence; compulsory social security; education; human health and social work activities; arts, entertainment and recreation; other service activities",2025,,2.675
BE,Belgium,"Public administration, defence, education, human health and social work activities",2019,,2.225
BE,Belgium,"Public administration, defence, education, human health and social work activities",2020,,2.175
BE,Belgium,"Public administration, defence, education, human health and social work activities",2021,,2.625
BE,Belgium,"Public administration, defence, education, human health and social work activities",2022,,3.0250000000000004
BE,Belgium,"Public administration, defence, education, human health and social work activities",2023,,3.15
BE,Belgium,"Public administration, defence, education, human health and social work activities",2024,,3.0000000000000004
BE,Belgium,"Public administration, defence, education, human health and social work activities",2025,,2.675
BE,Belgium,Real estate activities,2019,7.9,3.2750000000000004
BE,Belgium,Real estate activities,2020,5.6,2.8
BE,Belgium,Real estate activities,2021,3.0,3.075
BE,Belgium,Real estate activities,2022,0.8,2.375
BE,Belgium,Real estate activities,2023,0.7,2.8249999999999997
BE,Belgium,Real estate activities,2024,0.7,4.025
BE,Belgium,Real estate activities,2025,,3.75
BE,Belgium,Services of the business economy,2019,,4.65
BE,Belgium,Services of the business economy,2020,,3.9999999999999996
BE,Belgium,Services of the business economy,2021,,5.75
BE,Belgium,Services of the business economy,2022,,6.375
BE,Belgium,Services of the business economy,2023,,5.975
BE,Belgium,Services of the business economy,2024,,5.45
BE,Belgium,Services of the business economy,2025,,4.9
BE,Belgium,Transportation and storage,2019,2.5,2.875
BE,Belgium,Transportation and storage,2020,1.2,2.2
BE,Belgium,Transportation and storage,2021,-0.5,3.2249999999999996
BE,Belgium,Transportation and storage,2022,-1.5,4.025
BE,Belgium,Transportation and storage,2023,-1.7,3.7
BE,Belgium,Transportation and storage,2024,-1.7,3.4499999999999997
BE,Belgium,Transportation and storage,2025,,3.3
BE,Belgium,"Water supply; sewerage, waste management and remediation activities",2019,8.3,2.525
BE,Belgium,"Water supply; sewerage, waste management and remediation activities",2020,4.6,2.65
BE,Belgium,"Water supply; sewerage, waste management and remediation activities",2021,0.6,3.825
BE,Belgium,"Water supply; sewerage, waste management and remediation activities",2022,-3.1,3.0
BE,Belgium,"Water supply; sewerage, waste management and remediation activities",2023,-3.2,3.4000000000000004
BE,Belgium,"Water supply; sewerage, waste management and remediation activities",2024,-3.2,3.425
BE,Belgium,"Water supply; sewerage, waste management and remediation activities",2025,,2.7249999999999996
BE,Belgium,"Wholesale and retail trade, transport, accommodation and food service activities",2019,,3.15
BE,Belgium,"Wholesale and retail trade, transport, accommodation and food service activities",2020,,2.625
BE,Belgium,"Wholesale and retail trade, transport, accommodation and food service activities",2021,,4.050000000000001
BE,Belgium,"Wholesale and retail trade, transport, accommodation and food service activities",2022,,4.5
BE,Belgium,"Wholesale and retail trade, transport, accommodation and food service activities",2023,,4.375
BE,Belgium,"Wholesale and retail trade, transport, accommodation and food service activities",2024,,4.0
BE,Belgium,"Wholesale and retail trade, transport, accommodation and food service activities",2025,,3.675
BE,Belgium,Wholesale and retail trade; repair of motor vehicles and motorcycles,2019,9.6,2.85
BE,Belgium,Wholesale and retail trade; repair of motor vehicles and motorcycles,2020,9.0,2.625
BE,Belgium,Wholesale and retail trade; repair of motor vehicles and motorcycles,2021,8.2,3.6999999999999997
BE,Belgium,Wholesale and retail trade; repair of motor vehicles and motorcycles,2022,7.6,4.125
BE,Belgium,Wholesale and retail trade; repair of motor vehicles and motorcycles,2023,7.7,4.15
BE,Belgium,Wholesale and retail trade; repair of motor vehicles and motorcycles,2024,7.7,4.2
BE,Belgium,Wholesale and retail trade; repair of motor vehicles and motorcycles,2025,,3.8
BG,Bulgaria,Accommodation and food service activities,2019,6.8,1.7249999999999999
BG,Bulgaria,Accommodation and food service activities,2020,2.9,1.15
BG,Bulgaria,Accommodation and food service activities,2021,4.9,0.925
BG,Bulgaria,Accommodation and food service activities,2022,5.8,1.7499999999999998
BG,Bulgaria,Accommodation and food service activities,2023,7.3,1.425
BG,Bulgaria,Accommodation and food service activities,2024,4.2,1.3
BG,Bulgaria,Accommodation and food service activities,2025,,1.525
BG,Bulgaria,Administrative and support service activities,2019,-30.3,0.575
BG,Bulgaria,Administrative and support service activities,2020,-27.3,0.45
BG,Bulgaria,Administrative and support service activities,2021,-23.5,0.6
BG,Bulgaria,Administrative and support service activities,2022,-21.9,0.575
BG,Bulgaria,Administrative and support service activities,2023,-17.1,0.7249999999999999
BG,Bulgaria,Administrative and support service activities,2024,-17.9,0.7250000000000001
BG,Bulgaria,Administrative and support service activities,2025,,0.775
BG,Bulgaria,"Agriculture, forestry and fishing",2019,,0.8
BG,Bulgaria,"Agriculture, forestry and fishing",2020,,0.575
BG,Bulgaria,"Agriculture, forestry and fishing",2021,,1.175
BG,Bulgaria,"Agriculture, forestry and fishing",2022,,0.875
BG,Bulgaria,"Agriculture, forestry and fishing",2023,,1.05
BG,Bulgaria,"Agriculture, forestry and fishing",2024,,0.9249999999999999
BG,Bulgaria,"Agriculture, forestry and fishing",2025,,0.9
BG,Bulgaria,All NACE activities (except activities of households as employers and as own use producers; activities of extra-territorial organisations and bodies),2019,,0.875
BG,Bulgaria,All NACE activities (except activities of households as employers and as own use producers; activities of extra-territorial organisations and bodies),2020,,0.75
BG,Bulgaria,All NACE activities (except activities of households as employers and as own use producers; activities of extra-territorial organisations and bodies),2021,,0.825
BG,Bulgaria,All NACE activities (except activities of households as employers and as own use producers; activities of extra-territorial organisations and bodies),2022,,0.8500000000000001
BG,Bulgaria,All NACE activities (except activities of households as employers and as own use producers; activities of extra-territorial organisations and bodies),2023,,0.8
BG,Bulgaria,All NACE activities (except activities of households as employers and as own use producers; activities of extra-territorial organisations and bodies),2024,,0.7749999999999999
BG,Bulgaria,All NACE activities (except activities of households as employers and as own use producers; activities of extra-territorial organisations and bodies),2025,,0.875
BG,Bulgaria,"Arts, entertainment and recreation",2019,23.7,0.6499999999999999
BG,Bulgaria,"Arts, entertainment and recreation",2020,21.0,0.675
BG,Bulgaria,"Arts, entertainment and recreation",2021,19.1,0.925
BG,Bulgaria,"Arts, entertainment and recreation",2022,16.6,0.8
BG,Bulgaria,"Arts, entertainment and recreation",2023,14.9,0.8500000000000001
BG,Bulgaria,"Arts, entertainment and recreation",2024,10.9,0.825
BG,Bulgaria,"Arts, entertainment and recreation",2025,,0.825
BG,Bulgaria,"Arts, entertainment and recreation; other service activities",2019,,0.5
BG,Bulgaria,"Arts, entertainment and recreation; other service activities",2020,,0.475
BG,Bulgaria,"Arts, entertainment and recreation; other service activities",2021,,0.6749999999999999
BG,Bulgaria,"Arts, entertainment and recreation; other service activities",2022,,0.7
BG,Bulgaria,"Arts, entertainment and recreation; other service activities",2023,,0.7
BG,Bulgaria,"Arts, entertainment and recreation; other service activities",2024,,0.6749999999999999
BG,Bulgaria,"Arts, entertainment and recreation; other service activities",2025,,0.7
BG,Bulgaria,Business economy,2019,14.2,0.7
BG,Bulgaria,Business economy,2020,13.7,0.55
BG,Bulgaria,Business economy,2021,15.2,0.6749999999999999
BG,Bulgaria,Business economy,2022,15.3,0.7250000000000001
BG,Bulgaria,Business economy,2023,16.1,0.7
BG,Bulgaria,Business economy,2024,14.7,0.675
BG,Bulgaria,Business economy,2025,,0.8
BG,Bulgaria,Construction,2019,-12.4,0.7
BG,Bulgaria,Construction,2020,-17.3,0.625
BG,Bulgaria,Construction,2021,-16.9,0.75
BG,Bulgaria,Construction,2022,-19.7,0.6
BG,Bulgaria,Construction,2023,-25.0,0.525
BG,Bulgaria,Construction,2024,-24.8,0.55
BG,Bulgaria,Construction,2025,,0.525
BG,Bulgaria,Education,2019,8.1,0.45000000000000007
BG,Bulgaria,Education,2020,6.8,0.4
BG,Bulgaria,Education,2021,5.6,0.44999999999999996
BG,Bulgaria,Education,2022,2.2,0.42500000000000004
BG,Bulgaria,Education,2023,3.6,0.4
BG,Bulgaria,Education,2024,4.9,0.325
BG,Bulgaria,Education,2025,,0.325
BG,Bulgaria,"Electricity, gas, steam and air conditioning supply",2019,6.2,1.175
BG,Bulgaria,"Electricity, gas, steam and air conditioning supply",2020,2.2,0.9500000000000001
BG,Bulgaria,"Electricity, gas, steam and air conditioning supply",2021,1.8,1.025
BG,Bulgaria,"Electricity, gas, steam and air conditioning supply",2022,-2.0,0.975
BG,Bulgaria,"Electricity, gas, steam and air conditioning supply",2023,0.3,0.9
BG,Bulgaria,"Electricity, gas, steam and air conditioning supply",2024,0.1,0.925
BG,Bulgaria,"Electricity, gas, steam and air conditioning supply",2025,,0.75
BG,Bulgaria,Financial and insurance activities,2019,27.6,0.75
BG,Bulgaria,Financial and insurance activities,2020,28.7,0.6
BG,Bulgaria,Financial and insurance activities,2021,27.8,0.775
BG,Bulgaria,Financial and insurance activities,2022,22.6,0.575
BG,Bulgaria,Financial and insurance activities,2023,27.6,0.7
BG,Bulgaria,Financial and insurance activities,2024,20.3,0.7749999999999999
BG,Bulgaria,Financial and insurance activities,2025,,0.875
BG,Bulgaria,Human health and social work activities,2019,28.6,2.475
BG,Bulgaria,Human health and social work activities,2020,25.4,2.2750000000000004
BG,Bulgaria,Human health and social work activities,2021,23.8,1.675
BG,Bulgaria,Human health and social work activities,2022,20.5,1.6
BG,Bulgaria,Human health and social work activities,2023,21.5,1.25
BG,Bulgaria,Human health and social work activities,2024,17.4,1.2249999999999999
BG,Bulgaria,Human health and social work activities,2025,,1.275
BG,Bulgaria,Industry (except construction),2019,,0.7250000000000001
BG,Bulgaria,Industry (except construction),2020,,0.575
BG,Bulgaria,Industry (except construction),2021,,0.8
BG,Bulgaria,Industry (except construction),2022,,0.6499999999999999
BG,Bulgaria,Industry (except construction),2023,,0.7
BG,Bulgaria,Industry (except construction),2024,,0.625
BG,Bulgaria,Industry (except construction),2025,,0.7
BG,Bulgaria,Industry and construction,2019,,0.7250000000000001
BG,Bulgaria,Industry and construction,2020,,0.55
BG,Bulgaria,Industry and construction,2021,,0.7749999999999999
BG,Bulgaria,Industry and construction,2022,,0.675
BG,Bulgaria,Industry and construction,2023,,0.6749999999999999
BG,Bulgaria,Industry and construction,2024,,0.625
BG,Bulgaria,Industry and construction,2025,,0.675
BG,Bulgaria,"Industry, construction and services (except activities of households as employers and extra-territorial organisations and bodies)",2019,13.6,0.9
BG,Bulgaria,"Industry, construction and services (except activities of households as employers and extra-territorial organisations and bodies)",2020,12.0,0.75
BG,Bulgaria,"Industry, construction and services (except activities of households as employers and extra-territorial organisations and bodies)",2021,11.4,0.8
BG,Bulgaria,"Industry, construction and services (except activities of households as employers and extra-territorial organisations and bodies)",2022,12.1,0.8250000000000001
BG,Bulgaria,"Industry, construction and services (except activities of households as employers and extra-territorial organisations and bodies)",2023,13.1,0.8
BG,Bulgaria,"Industry, construction and services (except activities of households as employers and extra-territorial organisations and bodies)",2024,11.5,0.7749999999999999
BG,Bulgaria,"Industry, construction and services (except activities of households as employers and extra-territorial organisations and bodies)",2025,,0.875
BG,Bulgaria,"Industry, construction and services (except public administration, defense, compulsory social security)",2019,14.0,
BG,Bulgaria,"Industry, construction and services (except public administration, defense, compulsory social security)",2020,12.5,
BG,Bulgaria,"Industry, construction and services (except public administration, defense, compulsory social security)",2021,11.9,
BG,Bulgaria,"Industry, construction and services (except public administration, defense, compulsory social security)",2022,12.6,
BG,Bulgaria,"Industry, construction and services (except public administration, defense, compulsory social security)",2023,13.5,
BG,Bulgaria,"Industry, construction and services (except public administration, defense, compulsory social security)",2024,12.0,
BG,Bulgaria,Information and communication,2019,24.3,0.475
BG,Bulgaria,Information and communication,2020,26.2,0.4
BG,Bulgaria,Information and communication,2021,27.7,0.475
BG,Bulgaria,Information and communication,2022,27.3,0.7
BG,Bulgaria,Information and communication,2023,29.3,0.44999999999999996
BG,Bulgaria,Information and communication,2024,28.3,0.5
BG,Bulgaria,Information and communication,2025,,0.525
BG,Bulgaria,Manufacturing,2019,23.1,0.675
BG,Bulgaria,Manufacturing,2020,23.3,0.525
BG,Bulgaria,Manufacturing,2021,23.3,0.8
BG,Bulgaria,Manufacturing,2022,24.3,0.6499999999999999
BG,Bulgaria,Manufacturing,2023,22.7,0.675
BG,Bulgaria,Manufacturing,2024,21.5,0.625
BG,Bulgaria,Manufacturing,2025,,0.675
BG,Bulgaria,Mining and quarrying,2019,14.1,2.125
BG,Bulgaria,Mining and quarrying,2020,13.4,1.6749999999999998
BG,Bulgaria,Mining and quarrying,2021,14.3,0.8
BG,Bulgaria,Mining and quarrying,2022,14.7,0.85
BG,Bulgaria,Mining and quarrying,2023,18.2,0.975
BG,Bulgaria,Mining and quarrying,2024,10.9,0.75
BG,Bulgaria,Mining and quarrying,2025,,0.6749999999999999
BG,Bulgaria,Other service activities,2019,-2.7,0.35000000000000003
BG,Bulgaria,Other service activities,2020,-0.7,0.32499999999999996
BG,Bulgaria,Other service activities,2021,-3.0,0.475
BG,Bulgaria,Other service activities,2022,-10.1,0.6
BG,Bulgaria,Other service activities,2023,-10.1,0.55
BG,Bulgaria,Other service activities,2024,-9.4,0.5499999999999999
BG,Bulgaria,Other service activities,2025,,0.55
BG,Bulgaria,"Professional, scientific and technical activities",2019,16.1,0.5750000000000001
BG,Bulgaria,"Professional, scientific and technical activities",2020,8.2,0.625
BG,Bulgaria,"Professional, scientific and technical activities",2021,14.2,0.725
BG,Bulgaria,"Professional, scientific and technical activities",2022,12.0,0.6499999999999999
BG,Bulgaria,"Professional, scientific and technical activities",2023,12.8,0.6499999999999999
BG,Bulgaria,"Professional, scientific and technical activities",2024,16.2,0.7
BG,Bulgaria,"Professional, scientific and technical activities",2025,,0.6499999999999999
BG,Bulgaria,"Professional, scientific and technical activities; administrative and support service activities",2019,,0.575
BG,Bulgaria,"Professional, scientific and technical activities; administrative and support service activities",2020,,0.5
BG,Bulgaria,"Professional, scientific and technical activities; administrative and support service activities",2021,,0.6749999999999999
BG,Bulgaria,"Professional, scientific and technical activities; administrative and support service activities",2022,,0.6
BG,Bulgaria,"Professional, scientific and technical activities; administrative and support service activities",2023,,0.7
BG,Bulgaria,"Professional, scientific and technical activities; administrative and support service activities",2024,,0.7250000000000001
BG,Bulgaria,"Professional, scientific and technical activities; administrative and support service activities",2025,,0.75
BG,Bulgaria,Public administration and defence; compulsory social security,2019,8.6,2.425
BG,Bulgaria,Public administration and defence; compulsory social security,2020,10.7,2.3249999999999997
BG,Bulgaria,Public administration and defence; compulsory social security,2021,12.0,2.1500000000000004
BG,Bulgaria,Public administration and defence; compulsory social security,2022,9.7,2.175
BG,Bulgaria,Public administration and defence; compulsory social security,2023,12.7,2.1
BG,Bulgaria,Public administration and defence; compulsory social security,2024,9.8,2.05
BG,Bulgaria,Public administration and defence; compulsory social security,2025,,1.875
BG,Bulgaria,"Public administration and defence; compulsory social security; education; human health and social work activities; arts, entertainment and recreation; other service activities",2019,,1.5
BG,Bulgaria,"Public administration and defence; compulsory social security; education; human health and social work activities; arts, entertainment and recreation; other service activities",2020,,1.425
BG,Bulgaria,"Public administration and defence; compulsory social security; education; human health and social work activities; arts, entertainment and recreation; other service activities",2021,,1.225
BG,Bulgaria,"Public administration and defence; compulsory social security; education; human health and social work activities; arts, entertainment and recreation; other service activities",2022,,1.2
BG,Bulgaria,"Public administration and defence; compulsory social security; education; human health and social work activities; arts, entertainment and recreation; other service activities",2023,,1.1
BG,Bulgaria,"Public administration and defence; compulsory social security; education; human health and social work activities; arts, entertainment and recreation; other service activities",2024,,1.05
BG,Bulgaria,"Public administration and defence; compulsory social security; education; human health and social work activities; arts, entertainment and recreation; other service activities",2025,,1.025
BG,Bulgaria,"Public administration, defence, education, human health and social work activities",2019,,1.7
BG,Bulgaria,"Public administration, defence, education, human health and social work activities",2020,,1.575
BG,Bulgaria,"Public administration, defence, education, human health and social work activities",2021,,1.3499999999999999
BG,Bulgaria,"Public administration, defence, education, human health and social work activities",2022,,1.2999999999999998
BG,Bulgaria,"Public administration, defence, education, human health and social work activities",2023,,1.175
BG,Bulgaria,"Public administration, defence, education, human health and social work activities",2024,,1.125
BG,Bulgaria,"Public administration, defence, education, human health and social work activities",2025,,1.0750000000000002
BG,Bulgaria,Real estate activities,2019,-2.5,0.925
BG,Bulgaria,Real estate activities,2020,-0.1,0.825
BG,Bulgaria,Real estate activities,2021,7.9,0.5750000000000001
BG,Bulgaria,Real estate activities,2022,10.1,1.475
BG,Bulgaria,Real estate activities,2023,9.5,0.7250000000000001
BG,Bulgaria,Real estate activities,2024,7.7,0.525
BG,Bulgaria,Real estate activities,2025,,0.275
BG,Bulgaria,Services of the business economy,2019,,0.6499999999999999
BG,Bulgaria,Services of the business economy,2020,,0.55
BG,Bulgaria,Services of the business economy,2021,,0.625
BG,Bulgaria,Services of the business economy,2022,,0.7749999999999999
BG,Bulgaria,Services of the business economy,2023,,0.7
BG,Bulgaria,Services of the business economy,2024,,0.75
BG,Bulgaria,Services of the business economy,2025,,0.9
BG,Bulgaria,Transportation and storage,2019,10.5,0.95
BG,Bulgaria,Transportation and storage,2020,9.1,0.85
BG,Bulgaria,Transportation and storage,2021,7.2,0.7749999999999999
BG,Bulgaria,Transportation and storage,2022,8.1,0.9500000000000001
BG,Bulgaria,Transportation and storage,2023,5.5,1.025
BG,Bulgaria,Transportation and storage,2024,5.8,1.175
BG,Bulgaria,Transportation and storage,2025,,1.6500000000000001
BG,Bulgaria,"Water supply; sewerage, waste management and remediation activities",2019,6.4,0.375
BG,Bulgaria,"Water supply; sewerage, waste management and remediation activities",2020,10.0,0.32499999999999996
BG,Bulgaria,"Water supply; sewerage, waste management and remediation activities",2021,10.3,0.4
BG,Bulgaria,"Water supply; sewerage, waste management and remediation activities",2022,8.4,0.625
BG,Bulgaria,"Water supply; sewerage, waste management and remediation activities",2023,13.1,0.825
BG,Bulgaria,"Water supply; sewerage, waste management and remediation activities",2024,10.3,0.8999999999999999
BG,Bulgaria,"Water supply; sewerage, waste management and remediation activities",2025,,0.95
BG,Bulgaria,"Wholesale and retail trade, transport, accommodation and food service activities",2019,,0.7
BG,Bulgaria,"Wholesale and retail trade, transport, accommodation and food service activities",2020,,0.6
BG,Bulgaria,"Wholesale and retail trade, transport, accommodation and food service activities",2021,,0.625
BG,Bulgaria,"Wholesale and retail trade, transport, accommodation and food service activities",2022,,0.8500000000000001
BG,Bulgaria,"Wholesale and retail trade, transport, accommodation and food service activities",2023,,0.7749999999999999
BG,Bulgaria,"Wholesale and retail trade, transport, accommodation and food service activities",2024,,0.7750000000000001
BG,Bulgaria,"Wholesale and retail trade, transport, accommodation and food service activities",2025,,1.025
BG,Bulgaria,Wholesale and retail trade; repair of motor vehicles and motorcycles,2019,11.8,0.325
BG,Bulgaria,Wholesale and retail trade; repair of motor vehicles and motorcycles,2020,9.8,0.30000000000000004
BG,Bulgaria,Wholesale and retail trade; repair of motor vehicles and motorcycles,2021,11.1,0.475
BG,Bulgaria,Wholesale and retail trade; repair of motor vehicles and motorcycles,2022,9.4,0.55
BG,Bulgaria,Wholesale and retail trade; repair of motor vehicles and motorcycles,2023,9.3,0.5
BG,Bulgaria,Wholesale and retail trade; repair of motor vehicles and motorcycles,2024,9.4,0.44999999999999996
BG,Bulgaria,Wholesale and retail trade; repair of motor vehicles and motorcycles,2025,,0.6749999999999999
CY,Cyprus,Accommodation and food service activities,2019,15.5,2.525
CY,Cyprus,Accommodation and food service activities,2020,14.1,2.4250000000000003
CY,Cyprus,Accommodation and food service activities,2021,11.1,5.050000000000001
CY,Cyprus,Accommodation and food service activities,2022,8.0,6.199999999999999
CY,Cyprus,Accommodation and food service activities,2023,7.1,5.3
CY,Cyprus,Accommodation and food service activities,2024,7.2,6.4
CY,Cyprus,Accommodation and food service activities,2025,,4.825
CY,Cyprus,Administrative and support service activities,2019,9.0,2.625
CY,Cyprus,Administrative and support service activities,2020,14.4,1.075
CY,Cyprus,Administrative and support service activities,2021,19.1,2.3249999999999997
CY,Cyprus,Administrative and support service activities,2022,23.4,3.125
CY,Cyprus,Administrative and support service activities,2023,24.7,3.925
CY,Cyprus,Administrative and support service activities,2024,22.8,3.1
CY,Cyprus,Administrative and support service activities,2025,,3.625
CY,Cyprus,"Arts, entertainment and recreation",2019,31.1,1.5
CY,Cyprus,"Arts, entertainment and recreation",2020,26.2,0.65
CY,Cyprus,"Arts, entertainment and recreation",2021,22.2,1.1
CY,Cyprus,"Arts, entertainment and recreation",2022,20.2,1.4
CY,Cyprus,"Arts, entertainment and recreation",2023,19.6,1.65
CY,Cyprus,"Arts, entertainment and recreation",2024,18.9,3.925
CY,Cyprus,"Arts, entertainment and recreation",2025,,4.6499999999999995
CY,Cyprus,"Arts, entertainment and recreation; other service activities",2019,,1.8
CY,Cyprus,"Arts, entertainment and recreation; other service activities",2020,,0.7000000000000001
CY,Cyprus,"Arts, entertainment and recreation; other service activities",2021,,1.2
CY,Cyprus,"Arts, entertainment and recreation; other service activities",2022,,1.425
CY,Cyprus,"Arts, entertainment and recreation; other service activities",2023,,2.35
CY,Cyprus,"Arts, entertainment and recreation; other service activities",2024,,2.75
CY,Cyprus,"Arts, entertainment and recreation; other service activities",2025,,3.2
CY,Cyprus,Business economy,2019,18.8,1.9
CY,Cyprus,Business economy,2020,18.9,1.6
CY,Cyprus,Business economy,2021,20.6,2.525
CY,Cyprus,Business economy,2022,21.8,2.8
CY,Cyprus,Business economy,2023,22.1,3.0
CY,Cyprus,Business economy,2024,21.3,3.4
CY,Cyprus,Business economy,2025,,3.25
CY,Cyprus,Construction,2019,-2.0,1.5
CY,Cyprus,Construction,2020,-2.9,1.5
CY,Cyprus,Construction,2021,-3.8,1.3250000000000002
CY,Cyprus,Construction,2022,-5.0,0.975
CY,Cyprus,Construction,2023,-4.7,2.0
CY,Cyprus,Construction,2024,-5.4,2.5
CY,Cyprus,Construction,2025,,2.45
CY,Cyprus,Education,2019,16.4,0.925
CY,Cyprus,Education,2020,11.4,1.3250000000000002
CY,Cyprus,Education,2021,10.4,1.5749999999999997
CY,Cyprus,Education,2022,8.4,1.775
CY,Cyprus,Education,2023,7.6,2.25
CY,Cyprus,Education,2024,10.0,1.275
CY,Cyprus,Education,2025,,1.35
CY,Cyprus,"Electricity, gas, steam and air conditioning supply",2019,-0.6,0.07500000000000001
CY,Cyprus,"Electricity, gas, steam and air conditioning supply",2020,-1.1,0.15
CY,Cyprus,"Electricity, gas, steam and air conditioning supply",2021,-2.2,2.4250000000000003
CY,Cyprus,"Electricity, gas, steam and air conditioning supply",2022,-3.1,0.75
CY,Cyprus,"Electricity, gas, steam and air conditioning supply",2023,-2.1,1.2
CY,Cyprus,"Electricity, gas, steam and air conditioning supply",2024,0.1,2.525
CY,Cyprus,"Electricity, gas, steam and air conditioning supply",2025,,1.25
CY,Cyprus,Financial and insurance activities,2019,20.8,1.5750000000000002
CY,Cyprus,Financial and insurance activities,2020,21.6,1.0750000000000002
CY,Cyprus,Financial and insurance activities,2021,21.8,1.375
CY,Cyprus,Financial and insurance activities,2022,24.3,2.3
CY,Cyprus,Financial and insurance activities,2023,25.9,2.225
CY,Cyprus,Financial and insurance activities,2024,23.1,2.2
CY,Cyprus,Financial and insurance activities,2025,,1.725
CY,Cyprus,Human health and social work activities,2019,19.7,1.35
CY,Cyprus,Human health and social work activities,2020,21.8,2.125
CY,Cyprus,Human health and social work activities,2021,24.0,3.05
CY,Cyprus,Human health and social work activities,2022,25.1,2.175
CY,Cyprus,Human health and social work activities,2023,26.0,2.325
CY,Cyprus,Human health and social work activities,2024,25.8,3.075
CY,Cyprus,Human health and social work activities,2025,,2.1
CY,Cyprus,Industry (except construction),2019,,1.6749999999999998
CY,Cyprus,Industry (except construction),2020,,1.9500000000000002
CY,Cyprus,Industry (except construction),2021,,2.95
CY,Cyprus,Industry (except construction),2022,,1.85
CY,Cyprus,Industry (except construction),2023,,1.9749999999999999
CY,Cyprus,Industry (except construction),2024,,2.6750000000000003
CY,Cyprus,Industry (except construction),2025,,2.775
CY,Cyprus,Industry and construction,2019,,1.6
CY,Cyprus,Industry and construction,2020,,1.725
CY,Cyprus,Industry and construction,2021,,2.15
CY,Cyprus,Industry and construction,2022,,1.425
CY,Cyprus,Industry and construction,2023,,2.0
CY,Cyprus,Industry and construction,2024,,2.575
CY,Cyprus,Industry and construction,2025,,2.625
CY,Cyprus,"Industry, construction and services (except activities of households as employers and extra-territorial organisations and bodies)",2019,11.2,1.75
CY,Cyprus,"Industry, construction and services (except activities of households as employers and extra-territorial organisations and bodies)",2020,10.3,1.525
CY,Cyprus,"Industry, construction and services (except activities of households as employers and extra-territorial organisations and bodies)",2021,11.4,2.3
CY,Cyprus,"Industry, construction and services (except activities of households as employers and extra-territorial organisations and bodies)",2022,12.2,2.5
CY,Cyprus,"Industry, construction and services (except activities of households as employers and extra-territorial organisations and bodies)",2023,12.4,2.825
CY,Cyprus,"Industry, construction and services (except activities of households as employers and extra-territorial organisations and bodies)",2024,12.3,3.075
CY,Cyprus,"Industry, construction and services (except activities of households as employers and extra-territorial organisations and bodies)",2025,,2.9749999999999996
CY,Cyprus,"Industry, construction and services (except public administration, defense, compulsory social security)",2019,10.5,
CY,Cyprus,"Industry, construction and services (except public administration, defense, compulsory social security)",2020,9.9,
CY,Cyprus,"Industry, construction and services (except public administration, defense, compulsory social security)",2021,11.0,
CY,Cyprus,"Industry, construction and services (except public administration, defense, compulsory social security)",2022,11.9,
CY,Cyprus,"Industry, construction and services (except public administration, defense, compulsory social security)",2023,12.0,
CY,Cyprus,"Industry, construction and services (except public administration, defense, compulsory social security)",2024,11.8,
CY,Cyprus,Information and communication,2019,18.6,2.0
CY,Cyprus,Information and communication,2020,21.0,2.325
CY,Cyprus,Information and communication,2021,24.2,3.45
CY,Cyprus,Information and communication,2022,27.7,2.5
CY,Cyprus,Information and communication,2023,28.7,3.375
CY,Cyprus,Information and communication,2024,29.0,3.6
CY,Cyprus,Information and communication,2025,,3.15
CY,Cyprus,Manufacturing,2019,26.8,1.7999999999999998
CY,Cyprus,Manufacturing,2020,27.6,2.075
CY,Cyprus,Manufacturing,2021,29.9,3.05
CY,Cyprus,Manufacturing,2022,30.9,1.8
CY,Cyprus,Manufacturing,2023,27.1,2.0
CY,Cyprus,Manufacturing,2024,25.2,2.7249999999999996
CY,Cyprus,Manufacturing,2025,,2.825
CY,Cyprus,Mining and quarrying,2019,39.2,1.85
CY,Cyprus,Mining and quarrying,2020,30.0,0.22499999999999998
CY,Cyprus,Mining and quarrying,2021,20.7,0.42500000000000004
CY,Cyprus,Mining and quarrying,2022,7.4,0.75
CY,Cyprus,Mining and quarrying,2023,10.8,1.125
CY,Cyprus,Mining and quarrying,2024,11.3,1.075
CY,Cyprus,Mining and quarrying,2025,,4.2
CY,Cyprus,Other service activities,2019,27.9,2.0999999999999996
CY,Cyprus,Other service activities,2020,27.0,0.65
CY,Cyprus,Other service activities,2021,26.9,1.2249999999999999
CY,Cyprus,Other service activities,2022,25.4,1.4500000000000002
CY,Cyprus,Other service activities,2023,24.6,2.825
CY,Cyprus,Other service activities,2024,24.2,1.75
CY,Cyprus,Other service activities,2025,,2.0749999999999997
CY,Cyprus,"Professional, scientific and technical activities",2019,28.0,1.8250000000000002
CY,Cyprus,"Professional, scientific and technical activities",2020,27.6,1.45
CY,Cyprus,"Professional, scientific and technical activities",2021,26.7,2.05
CY,Cyprus,"Professional, scientific and technical activities",2022,26.2,2.4499999999999997
CY,Cyprus,"Professional, scientific and technical activities",2023,25.9,2.4
CY,Cyprus,"Professional, scientific and technical activities",2024,25.4,3.0250000000000004
CY,Cyprus,"Professional, scientific and technical activities",2025,,2.95
CY,Cyprus,"Professional, scientific and technical activities; administrative and support service activities",2019,,2.0500000000000003
CY,Cyprus,"Professional, scientific and technical activities; administrative and support service activities",2020,,1.275
CY,Cyprus,"Professional, scientific and technical activities; administrative and support service activities",2021,,2.125
CY,Cyprus,"Professional, scientific and technical activities; administrative and support service activities",2022,,2.625
CY,Cyprus,"Professional, scientific and technical activities; administrative and support service activities",2023,,2.9
CY,Cyprus,"Professional, scientific and technical activities; administrative and support service activities",2024,,3.025
CY,Cyprus,"Professional, scientific and technical activities; administrative and support service activities",2025,,3.1
CY,Cyprus,Public administration and defence; compulsory social security,2019,15.2,1.15
CY,Cyprus,Public administration and defence; compulsory social security,2020,14.4,1.7000000000000002
CY,Cyprus,Public administration and defence; compulsory social security,2021,14.1,1.9249999999999998
CY,Cyprus,Public administration and defence; compulsory social security,2022,12.5,1.45
CY,Cyprus,Public administration and defence; compulsory social security,2023,15.5,1.65
CY,Cyprus,Public administration and defence; compulsory social security,2024,16.8,1.0999999999999999
CY,Cyprus,Public administration and defence; compulsory social security,2025,,2.0
CY,Cyprus,"Public administration and defence; compulsory social security; education; human health and social work activities; arts, entertainment and recreation; other service activities",2019,,1.175
CY,Cyprus,"Public administration and defence; compulsory social security; education; human health and social work activities; arts, entertainment and recreation; other service activities",2020,,1.45
CY,Cyprus,"Public administration and defence; compulsory social security; education; human health and social work activities; arts, entertainment and recreation; other service activities",2021,,1.875
CY,Cyprus,"Public administration and defence; compulsory social security; education; human health and social work activities; arts, entertainment and recreation; other service activities",2022,,1.6749999999999998
CY,Cyprus,"Public administration and defence; compulsory social security; education; human health and social work activities; arts, entertainment and recreation; other service activities",2023,,2.15
CY,Cyprus,"Public administration and defence; compulsory social security; education; human health and social work activities; arts, entertainment and recreation; other service activities",2024,,1.8749999999999998
CY,Cyprus,"Public administration and defence; compulsory social security; education; human health and social work activities; arts, entertainment and recreation; other service activities",2025,,2.05
CY,Cyprus,"Public administration, defence, education, human health and social work activities",2019,,1.1
CY,Cyprus,"Public administration, defence, education, human health and social work activities",2020,,1.6749999999999998
CY,Cyprus,"Public administration, defence, education, human health and social work activities",2021,,2.0500000000000003
CY,Cyprus,"Public administration, defence, education, human health and social work activities",2022,,1.75
CY,Cyprus,"Public administration, defence, education, human health and social work activities",2023,,2.0749999999999997
CY,Cyprus,"Public administration, defence, education, human health and social work activities",2024,,1.7
CY,Cyprus,"Public administration, defence, education, human health and social work activities",2025,,1.7999999999999998
CY,Cyprus,Real estate activities,2019,-21.3,1.675
CY,Cyprus,Real estate activities,2020,-9.3,1.85
CY,Cyprus,Real estate activities,2021,5.3,0.475
CY,Cyprus,Real estate activities,2022,5.3,1.4500000000000002
CY,Cyprus,Real estate activities,2023,6.4,2.1
CY,Cyprus,Real estate activities,2024,6.8,1.375
CY,Cyprus,Real estate activities,2025,,2.5250000000000004
CY,Cyprus,Services of the business economy,2019,,2.05
CY,Cyprus,Services of the business economy,2020,,1.525
CY,Cyprus,Services of the business economy,2021,,2.6
CY,Cyprus,Services of the business economy,2022,,3.225
CY,Cyprus,Services of the business economy,2023,,3.4749999999999996
CY,Cyprus,Services of the business economy,2024,,3.75
CY,Cyprus,Services of the business economy,2025,,3.45
CY,Cyprus,Transportation and storage,2019,19.4,1.2000000000000002
CY,Cyprus,Transportation and storage,2020,23.5,0.825
CY,Cyprus,Transportation and storage,2021,27.5,1.975
CY,Cyprus,Transportation and storage,2022,30.3,3.375
CY,Cyprus,Transportation and storage,2023,29.9,3.5
CY,Cyprus,Transportation and storage,2024,32.3,3.125
CY,Cyprus,Transportation and storage,2025,,3.275
CY,Cyprus,"Water supply; sewerage, waste management and remediation activities",2019,-25.8,0.85
CY,Cyprus,"Water supply; sewerage, waste management and remediation activities",2020,-36.2,0.8500000000000001
CY,Cyprus,"Water supply; sewerage, waste management and remediation activities",2021,-45.6,1.5
CY,Cyprus,"Water supply; sewerage, waste management and remediation activities",2022,-54.8,3.0250000000000004
CY,Cyprus,"Water supply; sewerage, waste management and remediation activities",2023,-54.8,1.975
CY,Cyprus,"Water supply; sewerage, waste management and remediation activities",2024,-54.8,2.225
CY,Cyprus,"Water supply; sewerage, waste management and remediation activities",2025,,2.5
CY,Cyprus,"Wholesale and retail trade, transport, accommodation and food service activities",2019,,2.125
CY,Cyprus,"Wholesale and retail trade, transport, accommodation and food service activities",2020,,1.7
CY,Cyprus,"Wholesale and retail trade, transport, accommodation and food service activities",2021,,2.9
CY,Cyprus,"Wholesale and retail trade, transport, accommodation and food service activities",2022,,3.725
CY,Cyprus,"Wholesale and retail trade, transport, accommodation and food service activities",2023,,3.85
CY,Cyprus,"Wholesale and retail trade, transport, accommodation and food service activities",2024,,4.25
CY,Cyprus,"Wholesale and retail trade, transport, accommodation and food service activities",2025,,3.95
CY,Cyprus,Wholesale and retail trade; repair of motor vehicles and motorcycles,2019,27.1,2.0749999999999997
CY,Cyprus,Wholesale and retail trade; repair of motor vehicles and motorcycles,2020,26.2,1.4
CY,Cyprus,Wholesale and retail trade; repair of motor vehicles and motorcycles,2021,26.1,2.5
CY,Cyprus,Wholesale and retail trade; repair of motor vehicles and motorcycles,2022,23.6,2.1500000000000004
CY,Cyprus,Wholesale and retail trade; repair of motor vehicles and motorcycles,2023,23.2,3.025
CY,Cyprus,Wholesale and retail trade; repair of motor vehicles and motorcycles,2024,22.3,3.175
CY,Cyprus,Wholesale and retail trade; repair of motor vehicles and motorcycles,2025,,3.55
CZ,Czechia,Accommodation and food service activities,2019,10.8,8.925
CZ,Czechia,Accommodation and food service activities,2020,8.4,8.125
CZ,Czechia,Accommodation and food service activities,2021,8.4,7.1
CZ,Czechia,Accommodation and food service activities,2022,10.7,8.0
CZ,Czechia,Accommodation and food service activities,2023,8.1,7.775
CZ,Czechia,Accommodation and food service activities,2024,10.1,8.725
CZ,Czechia,Accommodation and food service activities,2025,,5.449999999999999
CZ,Czechia,Administrative and support service activities,2019,10.0,31.799999999999997
CZ,Czechia,Administrative and support service activities,2020,13.0,28.65
CZ,Czechia,Administrative and support service activities,2021,10.6,28.525
CZ,Czechia,Administrative and support service activities,2022,11.6,20.974999999999998
CZ,Czechia,Administrative and support service activities,2023,11.5,15.674999999999999
CZ,Czechia,Administrative and support service activities,2024,12.6,15.75
CZ,Czechia,Administrative and support service activities,2025,,9.525
CZ,Czechia,"Agriculture, forestry and fishing",2019,,11.275
CZ,Czechia,"Agriculture, forestry and fishing",2020,,12.4
CZ,Czechia,"Agriculture, forestry and fishing",2021,,10.924999999999999
CZ,Czechia,"Agriculture, forestry and fishing",2022,,8.5
CZ,Czechia,"Agriculture, forestry and fishing",2023,,5.7
CZ,Czechia,"Agriculture, forestry and fishing",2024,,4.825
CZ,Czechia,"Agriculture, forestry and fishing",2025,,2.975
CZ,Czechia,All NACE activities (except activities of households as employers and as own use producers; activities of extra-territorial organisations and bodies),2019,,6.325
CZ,Czechia,All NACE activities (except activities of households as employers and as own use producers; activities of extra-territorial organisations and bodies),2020,,5.525
CZ,Czechia,All NACE activities (except activities of households as employers and as own use producers; activities of extra-territorial organisations and bodies),2021,,5.1
CZ,Czechia,All NACE activities (except activities of households as employers and as own use producers; activities of extra-territorial organisations and bodies),2022,,4.775
CZ,Czechia,All NACE activities (except activities of households as employers and as own use producers; activities of extra-territorial organisations and bodies),2023,,3.725
CZ,Czechia,All NACE activities (except activities of households as employers and as own use producers; activities of extra-territorial organisations and bodies),2024,,3.3000000000000003
CZ,Czechia,All NACE activities (except activities of households as employers and as own use producers; activities of extra-territorial organisations and bodies),2025,,1.9500000000000002
CZ,Czechia,"Arts, entertainment and recreation",2019,13.3,2.075
CZ,Czechia,"Arts, entertainment and recreation",2020,12.3,1.75
CZ,Czechia,"Arts, entertainment and recreation",2021,13.3,1.4749999999999999
CZ,Czechia,"Arts, entertainment and recreation",2022,13.2,1.75
CZ,Czechia,"Arts, entertainment and recreation",2023,14.3,1.475
CZ,Czechia,"Arts, entertainment and recreation",2024,15.2,1.45
CZ,Czechia,"Arts, entertainment and recreation",2025,,0.75
CZ,Czechia,"Arts, entertainment and recreation; other service activities",2019,,4.125
CZ,Czechia,"Arts, entertainment and recreation; other service activities",2020,,3.8000000000000003
CZ,Czechia,"Arts, entertainment and recreation; other service activities",2021,,3.2500000000000004
CZ,Czechia,"Arts, entertainment and recreation; other service activities",2022,,3.7
CZ,Czechia,"Arts, entertainment and recreation; other service activities",2023,,3.1500000000000004
CZ,Czechia,"Arts, entertainment and recreation; other service activities",2024,,3.1499999999999995
CZ,Czechia,"Arts, entertainment and recreation; other service activities",2025,,2.1500000000000004
CZ,Czechia,Business economy,2019,16.9,7.8
CZ,Czechia,Business economy,2020,16.6,6.824999999999999
CZ,Czechia,Business economy,2021,18.0,6.425000000000001
CZ,Czechia,Business economy,2022,20.8,6.025
CZ,Czechia,Business economy,2023,12.1,4.675000000000001
CZ,Czechia,Business economy,2024,12.1,4.125
CZ,Czechia,Business economy,2025,,2.45
CZ,Czechia,Construction,2019,9.3,15.125
CZ,Czechia,Construction,2020,9.3,13.9
CZ,Czechia,Construction,2021,7.5,12.425
CZ,Czechia,Construction,2022,8.4,10.799999999999999
CZ,Czechia,Construction,2023,8.5,8.05
CZ,Czechia,Construction,2024,8.9,6.525
CZ,Czechia,Construction,2025,,3.7750000000000004
CZ,Czechia,Education,2019,22.1,0.8999999999999999
CZ,Czechia,Education,2020,19.1,0.7749999999999999
CZ,Czechia,Education,2021,18.3,0.55
CZ,Czechia,Education,2022,19.2,0.6499999999999999
CZ,Czechia,Education,2023,18.2,0.675
CZ,Czechia,Education,2024,20.4,0.6499999999999999
CZ,Czechia,Education,2025,,0.45
CZ,Czechia,"Electricity, gas, steam and air conditioning supply",2019,17.2,0.525
CZ,Czechia,"Electricity, gas, steam and air conditioning supply",2020,17.2,0.525
CZ,Czechia,"Electricity, gas, steam and air conditioning supply",2021,16.5,0.325
CZ,Czechia,"Electricity, gas, steam and air conditioning supply",2022,17.0,0.475
CZ,Czechia,"Electricity, gas, steam and air conditioning supply",2023,20.0,0.4
CZ,Czechia,"Electricity, gas, steam and air conditioning supply",2024,17.8,0.275
CZ,Czechia,"Electricity, gas, steam and air conditioning supply",2025,,0.1
CZ,Czechia,Financial and insurance activities,2019,37.5,1.0
CZ,Czechia,Financial and insurance activities,2020,37.6,0.75
CZ,Czechia,Financial and insurance activities,2021,35.5,0.6
CZ,Czechia,Financial and insurance activities,2022,35.2,0.625
CZ,Czechia,Financial and insurance activities,2023,36.4,0.525
CZ,Czechia,Financial and insurance activities,2024,35.6,0.625
CZ,Czechia,Financial and insurance activities,2025,,0.5
CZ,Czechia,Human health and social work activities,2019,19.9,2.3
CZ,Czechia,Human health and social work activities,2020,19.4,1.9249999999999998
CZ,Czechia,Human health and social work activities,2021,17.7,1.6
CZ,Czechia,Human health and social work activities,2022,18.6,1.7000000000000002
CZ,Czechia,Human health and social work activities,2023,21.4,1.5499999999999998
CZ,Czechia,Human health and social work activities,2024,24.9,1.4249999999999998
CZ,Czechia,Human health and social work activities,2025,,0.75
CZ,Czechia,Industry (except construction),2019,,5.45
CZ,Czechia,Industry (except construction),2020,,4.425000000000001
CZ,Czechia,Industry (except construction),2021,,4.625
CZ,Czechia,Industry (except construction),2022,,4.925000000000001
CZ,Czechia,Industry (except construction),2023,,3.9000000000000004
CZ,Czechia,Industry (except construction),2024,,3.2
CZ,Czechia,Industry (except construction),2025,,1.8
CZ,Czechia,Industry and construction,2019,,6.800000000000001
CZ,Czechia,Industry and construction,2020,,5.8500000000000005
CZ,Czechia,Industry and construction,2021,,5.85
CZ,Czechia,Industry and construction,2022,,5.85
CZ,Czechia,Industry and construction,2023,,4.525
CZ,Czechia,Industry and construction,2024,,3.775
CZ,Czechia,Industry and construction,2025,,2.075
CZ,Czechia,"Industry, construction and services (except activities of households as employers and extra-territorial organisations and bodies)",2019,18.9,6.175
CZ,Czechia,"Industry, construction and services (except activities of households as employers and extra-territorial organisations and bodies)",2020,16.5,5.35
CZ,Czechia,"Industry, construction and services (except activities of households as employers and extra-territorial organisations and bodies)",2021,15.5,4.975
CZ,Czechia,"Industry, construction and services (except activities of households as employers and extra-territorial organisations and bodies)",2022,18.3,4.675
CZ,Czechia,"Industry, construction and services (except activities of households as employers and extra-territorial organisations and bodies)",2023,17.5,3.6999999999999997
CZ,Czechia,"Industry, construction and services (except activities of households as employers and extra-territorial organisations and bodies)",2024,18.0,3.2749999999999995
CZ,Czechia,"Industry, construction and services (except activities of households as employers and extra-territorial organisations and bodies)",2025,,1.9500000000000002
CZ,Czechia,"Industry, construction and services (except public administration, defense, compulsory social security)",2019,19.3,
CZ,Czechia,"Industry, construction and services (except public administration, defense, compulsory social security)",2020,16.7,
CZ,Czechia,"Industry, construction and services (except public administration, defense, compulsory social security)",2021,15.4,
CZ,Czechia,"Industry, construction and services (except public administration, defense, compulsory social security)",2022,18.4,
CZ,Czechia,"Industry, construction and services (except public administration, defense, compulsory social security)",2023,18.0,
CZ,Czechia,"Industry, construction and services (except public administration, defense, compulsory social security)",2024,18.5,
CZ,Czechia,Information and communication,2019,30.8,4.6
CZ,Czechia,Information and communication,2020,30.2,4.3999999999999995
CZ,Czechia,Information and communication,2021,28.6,3.375
CZ,Czechia,Information and communication,2022,28.2,4.425
CZ,Czechia,Information and communication,2023,28.7,3.0
CZ,Czechia,Information and communication,2024,28.4,1.85
CZ,Czechia,Information and communication,2025,,0.875
CZ,Czechia,Manufacturing,2019,24.5,5.7
CZ,Czechia,Manufacturing,2020,23.0,4.675
CZ,Czechia,Manufacturing,2021,22.5,4.85
CZ,Czechia,Manufacturing,2022,22.9,5.225
CZ,Czechia,Manufacturing,2023,22.9,4.125
CZ,Czechia,Manufacturing,2024,22.6,3.425
CZ,Czechia,Manufacturing,2025,,1.95
CZ,Czechia,Mining and quarrying,2019,15.9,2.4
CZ,Czechia,Mining and quarrying,2020,13.0,1.375
CZ,Czechia,Mining and quarrying,2021,11.0,0.75
CZ,Czechia,Mining and quarrying,2022,9.3,1.075
CZ,Czechia,Mining and quarrying,2023,11.4,1.4000000000000001
CZ,Czechia,Mining and quarrying,2024,10.3,1.05
CZ,Czechia,Mining and quarrying,2025,,0.275
CZ,Czechia,Other service activities,2019,14.5,7.375
CZ,Czechia,Other service activities,2020,14.1,6.9
CZ,Czechia,Other service activities,2021,11.8,6.050000000000001
CZ,Czechia,Other service activities,2022,7.4,7.35
CZ,Czechia,Other service activities,2023,12.3,6.275
CZ,Czechia,Other service activities,2024,14.8,5.9
CZ,Czechia,Other service activities,2025,,4.575
CZ,Czechia,"Professional, scientific and technical activities",2019,24.5,12.075
CZ,Czechia,"Professional, scientific and technical activities",2020,20.2,9.4
CZ,Czechia,"Professional, scientific and technical activities",2021,20.6,7.4
CZ,Czechia,"Professional, scientific and technical activities",2022,20.8,5.675000000000001
CZ,Czechia,"Professional, scientific and technical activities",2023,21.2,3.3249999999999997
CZ,Czechia,"Professional, scientific and technical activities",2024,20.2,2.825
CZ,Czechia,"Professional, scientific and technical activities",2025,,1.8499999999999999
CZ,Czechia,"Professional, scientific and technical activities; administrative and support service activities",2019,,22.05
CZ,Czechia,"Professional, scientific and technical activities; administrative and support service activities",2020,,18.9
CZ,Czechia,"Professional, scientific and technical activities; administrative and support service activities",2021,,16.950000000000003
CZ,Czechia,"Professional, scientific and technical activities; administrative and support service activities",2022,,12.2
CZ,Czechia,"Professional, scientific and technical activities; administrative and support service activities",2023,,7.95
CZ,Czechia,"Professional, scientific and technical activities; administrative and support service activities",2024,,8.125
CZ,Czechia,"Professional, scientific and technical activities; administrative and support service activities",2025,,5.1499999999999995
CZ,Czechia,Public administration and defence; compulsory social security,2019,16.6,0.9750000000000001
CZ,Czechia,Public administration and defence; compulsory social security,2020,17.2,0.65
CZ,Czechia,Public administration and defence; compulsory social security,2021,18.4,0.55
CZ,Czechia,Public administration and defence; compulsory social security,2022,17.7,0.75
CZ,Czechia,Public administration and defence; compulsory social security,2023,13.6,0.8
CZ,Czechia,Public administration and defence; compulsory social security,2024,12.5,0.6749999999999999
CZ,Czechia,Public administration and defence; compulsory social security,2025,,0.4
CZ,Czechia,"Public administration and defence; compulsory social security; education; human health and social work activities; arts, entertainment and recreation; other service activities",2019,,1.725
CZ,Czechia,"Public administration and defence; compulsory social security; education; human health and social work activities; arts, entertainment and recreation; other service activities",2020,,1.4
CZ,Czechia,"Public administration and defence; compulsory social security; education; human health and social work activities; arts, entertainment and recreation; other service activities",2021,,1.125
CZ,Czechia,"Public administration and defence; compulsory social security; education; human health and social work activities; arts, entertainment and recreation; other service activities",2022,,1.275
CZ,Czechia,"Public administration and defence; compulsory social security; education; human health and social work activities; arts, entertainment and recreation; other service activities",2023,,1.2
CZ,Czechia,"Public administration and defence; compulsory social security; education; human health and social work activities; arts, entertainment and recreation; other service activities",2024,,1.15
CZ,Czechia,"Public administration and defence; compulsory social security; education; human health and social work activities; arts, entertainment and recreation; other service activities",2025,,0.7
CZ,Czechia,"Public administration, defence, education, human health and social work activities",2019,,1.425
CZ,Czechia,"Public administration, defence, education, human health and social work activities",2020,,1.125
CZ,Czechia,"Public administration, defence, education, human health and social work activities",2021,,0.9
CZ,Czechia,"Public administration, defence, education, human health and social work activities",2022,,1.0750000000000002
CZ,Czechia,"Public administration, defence, education, human health and social work activities",2023,,1.025
CZ,Czechia,"Public administration, defence, education, human health and social work activities",2024,,0.9249999999999999
CZ,Czechia,"Public administration, defence, education, human health and social work activities",2025,,0.55
CZ,Czechia,Real estate activities,2019,12.3,25.550000000000004
CZ,Czechia,Real estate activities,2020,15.9,25.874999999999996
CZ,Czechia,Real estate activities,2021,17.3,22.3
CZ,Czechia,Real estate activities,2022,19.9,16.125
CZ,Czechia,Real estate activities,2023,8.3,10.075000000000001
CZ,Czechia,Real estate activities,2024,9.8,9.45
CZ,Czechia,Real estate activities,2025,,7.550000000000001
CZ,Czechia,Services of the business economy,2019,,8.975
CZ,Czechia,Services of the business economy,2020,,8.05
CZ,Czechia,Services of the business economy,2021,,7.1
CZ,Czechia,Services of the business economy,2022,,6.225
CZ,Czechia,Services of the business economy,2023,,4.799999999999999
CZ,Czechia,Services of the business economy,2024,,4.475
CZ,Czechia,Services of the business economy,2025,,2.85
CZ,Czechia,Transportation and storage,2019,4.2,5.050000000000001
CZ,Czechia,Transportation and storage,2020,4.2,4.925
CZ,Czechia,Transportation and storage,2021,6.3,5.175
CZ,Czechia,Transportation and storage,2022,8.4,5.550000000000001
CZ,Czechia,Transportation and storage,2023,6.7,4.55
CZ,Czechia,Transportation and storage,2024,7.1,4.475
CZ,Czechia,Transportation and storage,2025,,2.9999999999999996
CZ,Czechia,"Water supply; sewerage, waste management and remediation activities",2019,4.3,3.425
CZ,Czechia,"Water supply; sewerage, waste management and remediation activities",2020,3.1,2.775
CZ,Czechia,"Water supply; sewerage, waste management and remediation activities",2021,3.1,3.6750000000000003
CZ,Czechia,"Water supply; sewerage, waste management and remediation activities",2022,3.1,2.8249999999999997
CZ,Czechia,"Water supply; sewerage, waste management and remediation activities",2023,2.2,1.925
CZ,Czechia,"Water supply; sewerage, waste management and remediation activities",2024,1.3,2.2
CZ,Czechia,"Water supply; sewerage, waste management and remediation activities",2025,,1.025
CZ,Czechia,"Wholesale and retail trade, transport, accommodation and food service activities",2019,,5.575
CZ,Czechia,"Wholesale and retail trade, transport, accommodation and food service activities",2020,,5.025
CZ,Czechia,"Wholesale and retail trade, transport, accommodation and food service activities",2021,,4.725
CZ,Czechia,"Wholesale and retail trade, transport, accommodation and food service activities",2022,,4.8999999999999995
CZ,Czechia,"Wholesale and retail trade, transport, accommodation and food service activities",2023,,4.275
CZ,Czechia,"Wholesale and retail trade, transport, accommodation and food service activities",2024,,4.1
CZ,Czechia,"Wholesale and retail trade, transport, accommodation and food service activities",2025,,2.575
CZ,Czechia,Wholesale and retail trade; repair of motor vehicles and motorcycles,2019,23.3,4.825
CZ,Czechia,Wholesale and retail trade; repair of motor vehicles and motorcycles,2020,20.7,4.15
CZ,Czechia,Wholesale and retail trade; repair of motor vehicles and motorcycles,2021,22.0,3.8499999999999996
CZ,Czechia,Wholesale and retail trade; repair of motor vehicles and motorcycles,2022,23.9,3.625
CZ,Czechia,Wholesale and retail trade; repair of motor vehicles and motorcycles,2023,21.9,2.925
CZ,Czechia,Wholesale and retail trade; repair of motor vehicles and motorcycles,2024,20.7,2.375
CZ,Czechia,Wholesale and retail trade; repair of motor vehicles and motorcycles,2025,,1.4500000000000002
DE,Germany,Accommodation and food service activities,2019,6.8,4.6
DE,Germany,Accommodation and food service activities,2020,8.3,2.875
DE,Germany,Accommodation and food service activities,2021,7.9,5.925
DE,Germany,Accommodation and food service activities,2022,8.7,7.65
DE,Germany,Accommodation and food service activities,2023,8.2,5.574999999999999
DE,Germany,Accommodation and food service activities,2024,6.2,3.8000000000000003
DE,Germany,Accommodation and food service activities,2025,,2.55
DE,Germany,Administrative and support service activities,2019,14.2,7.550000000000001
DE,Germany,Administrative and support service activities,2020,14.1,4.85
DE,Germany,Administrative and support service activities,2021,14.2,6.875
DE,Germany,Administrative and support service activities,2022,12.6,8.8
DE,Germany,Administrative and support service activities,2023,13.1,8.275
DE,Germany,Administrative and support service activities,2024,13.3,7.3999999999999995
DE,Germany,Administrative and support service activities,2025,,5.625
DE,Germany,"Agriculture, forestry and fishing",2019,,3.025
DE,Germany,"Agriculture, forestry and fishing",2020,,2.85
DE,Germany,"Agriculture, forestry and fishing",2021,,3.2749999999999995
DE,Germany,"Agriculture, forestry and fishing",2022,,3.9
DE,Germany,"Agriculture, forestry and fishing",2023,,3.5999999999999996
DE,Germany,"Agriculture, forestry and fishing",2024,,2.85
DE,Germany,"Agriculture, forestry and fishing",2025,,2.6
DE,Germany,All NACE activities (except activities of households as employers and as own use producers; activities of extra-territorial organisations and bodies),2019,,3.2750000000000004
DE,Germany,All NACE activities (except activities of households as employers and as own use producers; activities of extra-territorial organisations and bodies),2020,,2.5250000000000004
DE,Germany,All NACE activities (except activities of households as employers and as own use producers; activities of extra-territorial organisations and bodies),2021,,3.225
DE,Germany,All NACE activities (except activities of households as employers and as own use producers; activities of extra-territorial organisations and bodies),2022,,4.3
DE,Germany,All NACE activities (except activities of households as employers and as own use producers; activities of extra-territorial organisations and bodies),2023,,4.025
DE,Germany,All NACE activities (except activities of households as employers and as own use producers; activities of extra-territorial organisations and bodies),2024,,3.2
DE,Germany,All NACE activities (except activities of households as employers and as own use producers; activities of extra-territorial organisations and bodies),2025,,2.6
DE,Germany,"Arts, entertainment and recreation",2019,29.2,2.3
DE,Germany,"Arts, entertainment and recreation",2020,30.8,1.525
DE,Germany,"Arts, entertainment and recreation",2021,29.8,2.475
DE,Germany,"Arts, entertainment and recreation",2022,19.6,3.6250000000000004
DE,Germany,"Arts, entertainment and recreation",2023,20.2,3.3
DE,Germany,"Arts, entertainment and recreation",2024,20.6,2.825
DE,Germany,"Arts, entertainment and recreation",2025,,1.975
DE,Germany,"Arts, entertainment and recreation; other service activities",2019,,2.7750000000000004
DE,Germany,"Arts, entertainment and recreation; other service activities",2020,,2.175
DE,Germany,"Arts, entertainment and recreation; other service activities",2021,,2.6
DE,Germany,"Arts, entertainment and recreation; other service activities",2022,,3.15
DE,Germany,"Arts, entertainment and recreation; other service activities",2023,,3.35
DE,Germany,"Arts, entertainment and recreation; other service activities",2024,,2.8499999999999996
DE,Germany,"Arts, entertainment and recreation; other service activities",2025,,2.5250000000000004
DE,Germany,Business economy,2019,22.5,3.55
DE,Germany,Business economy,2020,21.6,2.6249999999999996
DE,Germany,Business economy,2021,20.9,3.5
DE,Germany,Business economy,2022,20.4,4.675
DE,Germany,Business economy,2023,19.9,4.300000000000001
DE,Germany,Business economy,2024,19.1,3.45
DE,Germany,Business economy,2025,,2.7749999999999995
DE,Germany,Construction,2019,11.3,5.7
DE,Germany,Construction,2020,11.1,5.4
DE,Germany,Construction,2021,11.8,6.075
DE,Germany,Construction,2022,12.1,7.250000000000001
DE,Germany,Construction,2023,10.8,6.449999999999999
DE,Germany,Construction,2024,10.0,4.65
DE,Germany,Construction,2025,,4.1
DE,Germany,Education,2019,10.4,2.325
DE,Germany,Education,2020,10.8,2.2750000000000004
DE,Germany,Education,2021,10.8,2.7
DE,Germany,Education,2022,9.0,3.5
DE,Germany,Education,2023,9.6,2.85
DE,Germany,Education,2024,8.9,2.325
DE,Germany,Education,2025,,1.775
DE,Germany,"Electricity, gas, steam and air conditioning supply",2019,20.5,1.175
DE,Germany,"Electricity, gas, steam and air conditioning supply",2020,19.8,1.05
DE,Germany,"Electricity, gas, steam and air conditioning supply",2021,19.5,1.425
DE,Germany,"Electricity, gas, steam and air conditioning supply",2022,14.4,2.2
DE,Germany,"Electricity, gas, steam and air conditioning supply",2023,14.3,2.5
DE,Germany,"Electricity, gas, steam and air conditioning supply",2024,13.8,2.5
DE,Germany,"Electricity, gas, steam and air conditioning supply",2025,,1.725
DE,Germany,Financial and insurance activities,2019,24.2,1.825
DE,Germany,Financial and insurance activities,2020,23.3,2.1
DE,Germany,Financial and insurance activities,2021,23.2,2.175
DE,Germany,Financial and insurance activities,2022,26.9,2.4
DE,Germany,Financial and insurance activities,2023,26.1,2.7750000000000004
DE,Germany,Financial and insurance activities,2024,26.0,2.45
DE,Germany,Financial and insurance activities,2025,,1.925
DE,Germany,Human health and social work activities,2019,24.6,3.3499999999999996
DE,Germany,Human health and social work activities,2020,23.8,2.925
DE,Germany,Human health and social work activities,2021,23.2,3.275
DE,Germany,Human health and social work activities,2022,21.3,4.275
DE,Germany,Human health and social work activities,2023,20.1,4.3999999999999995
DE,Germany,Human health and social work activities,2024,18.7,3.225
DE,Germany,Human health and social work activities,2025,,2.65
DE,Germany,Industry (except construction),2019,,1.8
DE,Germany,Industry (except construction),2020,,1.25
DE,Germany,Industry (except construction),2021,,2.05
DE,Germany,Industry (except construction),2022,,2.9
DE,Germany,Industry (except construction),2023,,2.65
DE,Germany,Industry (except construction),2024,,2.025
DE,Germany,Industry (except construction),2025,,1.65
DE,Germany,Industry and construction,2019,,2.7
DE,Germany,Industry and construction,2020,,2.2
DE,Germany,Industry and construction,2021,,2.9749999999999996
DE,Germany,Industry and construction,2022,,3.925
DE,Germany,Industry and construction,2023,,3.55
DE,Germany,Industry and construction,2024,,2.625
DE,Germany,Industry and construction,2025,,2.25
DE,Germany,"Industry, construction and services (except activities of households as employers and extra-territorial organisations and bodies)",2019,18.3,3.275
DE,Germany,"Industry, construction and services (except activities of households as employers and extra-territorial organisations and bodies)",2020,17.3,2.5
DE,Germany,"Industry, construction and services (except activities of households as employers and extra-territorial organisations and bodies)",2021,16.8,3.2249999999999996
DE,Germany,"Industry, construction and services (except activities of households as employers and extra-territorial organisations and bodies)",2022,16.7,4.300000000000001
DE,Germany,"Industry, construction and services (except activities of households as employers and extra-territorial organisations and bodies)",2023,16.8,4.0249999999999995
DE,Germany,"Industry, construction and services (except activities of households as employers and extra-territorial organisations and bodies)",2024,14.8,3.2
DE,Germany,"Industry, construction and services (except activities of households as employers and extra-territorial organisations and bodies)",2025,,2.6
DE,Germany,"Industry, construction and services (except public administration, defense, compulsory social security)",2019,19.2,
DE,Germany,"Industry, construction and services (except public administration, defense, compulsory social security)",2020,18.3,
DE,Germany,"Industry, construction and services (except public administration, defense, compulsory social security)",2021,17.6,
DE,Germany,"Industry, construction and services (except public administration, defense, compulsory social security)",2022,17.7,
DE,Germany,"Industry, construction and services (except public administration, defense, compulsory social security)",2023,17.6,
DE,Germany,"Industry, construction and services (except public administration, defense, compulsory social security)",2024,15.6,
DE,Germany,Information and communication,2019,24.5,4.25
DE,Germany,Information and communication,2020,23.6,3.4250000000000003
DE,Germany,Information and communication,2021,23.6,4.2250000000000005
DE,Germany,Information and communication,2022,22.4,5.625
DE,Germany,Information and communication,2023,21.0,4.449999999999999
DE,Germany,Information and communication,2024,19.3,4.275
DE,Germany,Information and communication,2025,,2.7249999999999996
DE,Germany,Manufacturing,2019,22.8,1.8249999999999997
DE,Germany,Manufacturing,2020,21.9,1.25
DE,Germany,Manufacturing,2021,21.5,2.1
DE,Germany,Manufacturing,2022,20.7,2.9000000000000004
DE,Germany,Manufacturing,2023,19.8,2.675
DE,Germany,Manufacturing,2024,19.1,1.975
DE,Germany,Manufacturing,2025,,1.675
DE,Germany,Mining and quarrying,2019,9.3,1.0750000000000002
DE,Germany,Mining and quarrying,2020,7.7,1.2750000000000001
DE,Germany,Mining and quarrying,2021,7.8,1.075
DE,Germany,Mining and quarrying,2022,2.1,2.325
DE,Germany,Mining and quarrying,2023,-0.8,2.4
DE,Germany,Mining and quarrying,2024,-0.4,1.625
DE,Germany,Mining and quarrying,2025,,0.975
DE,Germany,Other service activities,2019,13.7,2.925
DE,Germany,Other service activities,2020,13.0,2.425
DE,Germany,Other service activities,2021,12.2,2.5999999999999996
DE,Germany,Other service activities,2022,16.5,2.975
DE,Germany,Other service activities,2023,17.0,3.375
DE,Germany,Other service activities,2024,13.8,2.875
DE,Germany,Other service activities,2025,,2.7750000000000004
DE,Germany,"Professional, scientific and technical activities",2019,27.7,3.775
DE,Germany,"Professional, scientific and technical activities",2020,27.6,2.9000000000000004
DE,Germany,"Professional, scientific and technical activities",2021,26.8,3.625
DE,Germany,"Professional, scientific and technical activities",2022,26.6,4.975
DE,Germany,"Professional, scientific and technical activities",2023,26.3,4.8
DE,Germany,"Professional, scientific and technical activities",2024,25.2,3.3
DE,Germany,"Professional, scientific and technical activities",2025,,3.225
DE,Germany,"Professional, scientific and technical activities; administrative and support service activities",2019,,5.775
DE,Germany,"Professional, scientific and technical activities; administrative and support service activities",2020,,3.9
DE,Germany,"Professional, scientific and technical activities; administrative and support service activities",2021,,5.35
DE,Germany,"Professional, scientific and technical activities; administrative and support service activities",2022,,6.9750000000000005
DE,Germany,"Professional, scientific and technical activities; administrative and support service activities",2023,,6.575
DE,Germany,"Professional, scientific and technical activities; administrative and support service activities",2024,,5.45
DE,Germany,"Professional, scientific and technical activities; administrative and support service activities",2025,,4.475
DE,Germany,Public administration and defence; compulsory social security,2019,6.8,0.975
DE,Germany,Public administration and defence; compulsory social security,2020,6.6,0.975
DE,Germany,Public administration and defence; compulsory social security,2021,6.1,1.125
DE,Germany,Public administration and defence; compulsory social security,2022,5.9,1.4499999999999997
DE,Germany,Public administration and defence; compulsory social security,2023,6.0,1.35
DE,Germany,Public administration and defence; compulsory social security,2024,7.0,1.425
DE,Germany,Public administration and defence; compulsory social security,2025,,1.475
DE,Germany,"Public administration and defence; compulsory social security; education; human health and social work activities; arts, entertainment and recreation; other service activities",2019,,2.5749999999999997
DE,Germany,"Public administration and defence; compulsory social security; education; human health and social work activities; arts, entertainment and recreation; other service activities",2020,,2.25
DE,Germany,"Public administration and defence; compulsory social security; education; human health and social work activities; arts, entertainment and recreation; other service activities",2021,,2.65
DE,Germany,"Public administration and defence; compulsory social security; education; human health and social work activities; arts, entertainment and recreation; other service activities",2022,,3.375
DE,Germany,"Public administration and defence; compulsory social security; education; human health and social work activities; arts, entertainment and recreation; other service activities",2023,,3.35
DE,Germany,"Public administration and defence; compulsory social security; education; human health and social work activities; arts, entertainment and recreation; other service activities",2024,,2.65
DE,Germany,"Public administration and defence; compulsory social security; education; human health and social work activities; arts, entertainment and recreation; other service activities",2025,,2.25
DE,Germany,"Public administration, defence, education, human health and social work activities",2019,,2.55
DE,Germany,"Public administration, defence, education, human health and social work activities",2020,,2.3
DE,Germany,"Public administration, defence, education, human health and social work activities",2021,,2.65
DE,Germany,"Public administration, defence, education, human health and social work activities",2022,,3.4250000000000003
DE,Germany,"Public administration, defence, education, human health and social work activities",2023,,3.4
DE,Germany,"Public administration, defence, education, human health and social work activities",2024,,2.6
DE,Germany,"Public administration, defence, education, human health and social work activities",2025,,2.2
DE,Germany,Real estate activities,2019,16.3,1.8
DE,Germany,Real estate activities,2020,13.9,2.125
DE,Germany,Real estate activities,2021,12.8,2.075
DE,Germany,Real estate activities,2022,15.9,2.625
DE,Germany,Real estate activities,2023,8.4,2.2750000000000004
DE,Germany,Real estate activities,2024,12.2,2.375
DE,Germany,Real estate activities,2025,,1.375
DE,Germany,Services of the business economy,2019,,4.025
DE,Germany,Services of the business economy,2020,,2.8499999999999996
DE,Germany,Services of the business economy,2021,,3.7750000000000004
DE,Germany,Services of the business economy,2022,,5.125
DE,Germany,Services of the business economy,2023,,4.675000000000001
DE,Germany,Services of the business economy,2024,,3.8999999999999995
DE,Germany,Services of the business economy,2025,,3.025
DE,Germany,Transportation and storage,2019,4.7,4.0
DE,Germany,Transportation and storage,2020,5.4,2.55
DE,Germany,Transportation and storage,2021,5.3,3.075
DE,Germany,Transportation and storage,2022,3.5,4.675
DE,Germany,Transportation and storage,2023,1.2,4.225
DE,Germany,Transportation and storage,2024,3.1,3.075
DE,Germany,Transportation and storage,2025,,2.825
DE,Germany,"Water supply; sewerage, waste management and remediation activities",2019,3.7,2.175
DE,Germany,"Water supply; sewerage, waste management and remediation activities",2020,2.4,1.7249999999999999
DE,Germany,"Water supply; sewerage, waste management and remediation activities",2021,2.1,1.9500000000000002
DE,Germany,"Water supply; sewerage, waste management and remediation activities",2022,-1.3,2.8
DE,Germany,"Water supply; sewerage, waste management and remediation activities",2023,-0.6,2.9000000000000004
DE,Germany,"Water supply; sewerage, waste management and remediation activities",2024,-2.2,2.325
DE,Germany,"Water supply; sewerage, waste management and remediation activities",2025,,1.7999999999999998
DE,Germany,"Wholesale and retail trade, transport, accommodation and food service activities",2019,,3.225
DE,Germany,"Wholesale and retail trade, transport, accommodation and food service activities",2020,,2.25
DE,Germany,"Wholesale and retail trade, transport, accommodation and food service activities",2021,,3.0249999999999995
DE,Germany,"Wholesale and retail trade, transport, accommodation and food service activities",2022,,4.3
DE,Germany,"Wholesale and retail trade, transport, accommodation and food service activities",2023,,3.875
DE,Germany,"Wholesale and retail trade, transport, accommodation and food service activities",2024,,3.075
DE,Germany,"Wholesale and retail trade, transport, accommodation and food service activities",2025,,2.375
DE,Germany,Wholesale and retail trade; repair of motor vehicles and motorcycles,2019,21.2,2.475
DE,Germany,Wholesale and retail trade; repair of motor vehicles and motorcycles,2020,20.5,1.925
DE,Germany,Wholesale and retail trade; repair of motor vehicles and motorcycles,2021,19.8,2.1
DE,Germany,Wholesale and retail trade; repair of motor vehicles and motorcycles,2022,21.6,3.2
DE,Germany,Wholesale and retail trade; repair of motor vehicles and motorcycles,2023,20.6,3.1750000000000003
DE,Germany,Wholesale and retail trade; repair of motor vehicles and motorcycles,2024,19.3,2.8000000000000003
DE,Germany,Wholesale and retail trade; repair of motor vehicles and motorcycles,2025,,2.15
DK,Denmark,Accommodation and food service activities,2019,4.5,1.6749999999999998
DK,Denmark,Accommodation and food service activities,2020,4.8,1.35
DK,Denmark,Accommodation and food service activities,2021,5.0,4.449999999999999
DK,Denmark,Accommodation and food service activities,2022,5.1,4.525
DK,Denmark,Accommodation and food service activities,2023,5.4,3.0
DK,Denmark,Accommodation and food service activities,2024,5.4,2.825
DK,Denmark,Accommodation and food service activities,2025,,3.175
DK,Denmark,Administrative and support service activities,2019,1.4,2.6750000000000003
DK,Denmark,Administrative and support service activities,2020,1.1,2.4749999999999996
DK,Denmark,Administrative and support service activities,2021,-0.6,3.55
DK,Denmark,Administrative and support service activities,2022,-0.9,4.575
DK,Denmark,Administrative and support service activities,2023,2.1,3.325
DK,Denmark,Administrative and support service activities,2024,3.3,3.1500000000000004
DK,Denmark,Administrative and support service activities,2025,,3.2
DK,Denmark,"Arts, entertainment and recreation",2019,10.1,
DK,Denmark,"Arts, entertainment and recreation",2020,10.7,
DK,Denmark,"Arts, entertainment and recreation",2021,11.4,
DK,Denmark,"Arts, entertainment and recreation",2022,11.5,
DK,Denmark,"Arts, entertainment and recreation",2023,9.0,
DK,Denmark,"Arts, entertainment and recreation",2024,8.5,
DK,Denmark,Business economy,2019,14.2,2.0
DK,Denmark,Business economy,2020,13.9,1.8
DK,Denmark,Business economy,2021,13.8,2.95
DK,Denmark,Business economy,2022,13.1,3.4250000000000003
DK,Denmark,Business economy,2023,13.4,2.675
DK,Denmark,Business economy,2024,13.7,2.55
DK,Denmark,Business economy,2025,,2.45
DK,Denmark,Construction,2019,7.1,2.3499999999999996
DK,Denmark,Construction,2020,7.7,2.275
DK,Denmark,Construction,2021,9.8,3.325
DK,Denmark,Construction,2022,8.1,3.175
DK,Denmark,Construction,2023,8.3,2.35
DK,Denmark,Construction,2024,8.7,2.45
DK,Denmark,Construction,2025,,2.2249999999999996
DK,Denmark,Education,2019,5.9,
DK,Denmark,Education,2020,6.0,
DK,Denmark,Education,2021,6.0,
DK,Denmark,Education,2022,6.5,
DK,Denmark,Education,2023,5.0,
DK,Denmark,Education,2024,4.7,
DK,Denmark,"Electricity, gas, steam and air conditioning supply",2019,16.1,1.875
DK,Denmark,"Electricity, gas, steam and air conditioning supply",2020,15.1,1.875
DK,Denmark,"Electricity, gas, steam and air conditioning supply",2021,15.8,3.05
DK,Denmark,"Electricity, gas, steam and air conditioning supply",2022,14.8,4.4
DK,Denmark,"Electricity, gas, steam and air conditioning supply",2023,12.7,3.7750000000000004
DK,Denmark,"Electricity, gas, steam and air conditioning supply",2024,10.8,3.5749999999999997
DK,Denmark,"Electricity, gas, steam and air conditioning supply",2025,,3.0
DK,Denmark,Financial and insurance activities,2019,17.6,1.5499999999999998
DK,Denmark,Financial and insurance activities,2020,18.5,1.525
DK,Denmark,Financial and insurance activities,2021,17.0,2.075
DK,Denmark,Financial and insurance activities,2022,16.0,2.95
DK,Denmark,Financial and insurance activities,2023,14.8,2.2
DK,Denmark,Financial and insurance activities,2024,15.5,2.075
DK,Denmark,Financial and insurance activities,2025,,2.7
DK,Denmark,Human health and social work activities,2019,9.1,
DK,Denmark,Human health and social work activities,2020,8.7,
DK,Denmark,Human health and social work activities,2021,8.0,
DK,Denmark,Human health and social work activities,2022,7.7,
DK,Denmark,Human health and social work activities,2023,7.5,
DK,Denmark,Human health and social work activities,2024,6.8,
DK,Denmark,Industry (except construction),2019,,1.6500000000000001
DK,Denmark,Industry (except construction),2020,,1.5
DK,Denmark,Industry (except construction),2021,,2.375
DK,Denmark,Industry (except construction),2022,,3.075
DK,Denmark,Industry (except construction),2023,,2.475
DK,Denmark,Industry (except construction),2024,,2.15
DK,Denmark,Industry (except construction),2025,,1.9
DK,Denmark,Industry and construction,2019,,1.9
DK,Denmark,Industry and construction,2020,,1.7999999999999998
DK,Denmark,Industry and construction,2021,,2.7
DK,Denmark,Industry and construction,2022,,3.075
DK,Denmark,Industry and construction,2023,,2.425
DK,Denmark,Industry and construction,2024,,2.25
DK,Denmark,Industry and construction,2025,,2.0
DK,Denmark,"Industry, construction and services (except activities of households as employers and extra-territorial organisations and bodies)",2019,13.6,
DK,Denmark,"Industry, construction and services (except activities of households as employers and extra-territorial organisations and bodies)",2020,13.4,
DK,Denmark,"Industry, construction and services (except activities of households as employers and extra-territorial organisations and bodies)",2021,13.7,
DK,Denmark,"Industry, construction and services (except activities of households as employers and extra-territorial organisations and bodies)",2022,13.6,
DK,Denmark,"Industry, construction and services (except activities of households as employers and extra-territorial organisations and bodies)",2023,13.5,
DK,Denmark,"Industry, construction and services (except activities of households as employers and extra-territorial organisations and bodies)",2024,13.4,
DK,Denmark,"Industry, construction and services (except public administration, defense, compulsory social security)",2019,17.7,
DK,Denmark,"Industry, construction and services (except public administration, defense, compulsory social security)",2020,13.8,
DK,Denmark,"Industry, construction and services (except public administration, defense, compulsory social security)",2021,14.2,
DK,Denmark,"Industry, construction and services (except public administration, defense, compulsory social security)",2022,13.8,
DK,Denmark,"Industry, construction and services (except public administration, defense, compulsory social security)",2023,14.0,
DK,Denmark,"Industry, construction and services (except public administration, defense, compulsory social security)",2024,14.0,
DK,Denmark,Information and communication,2019,15.5,3.8750000000000004
DK,Denmark,Information and communication,2020,15.7,2.6
DK,Denmark,Information and communication,2021,15.9,4.475
DK,Denmark,Information and communication,2022,15.5,4.4
DK,Denmark,Information and communication,2023,16.6,3.1500000000000004
DK,Denmark,Information and communication,2024,15.5,3.3
DK,Denmark,Information and communication,2025,,3.1
DK,Denmark,Manufacturing,2019,10.4,1.5999999999999999
DK,Denmark,Manufacturing,2020,10.1,1.5
DK,Denmark,Manufacturing,2021,9.0,2.375
DK,Denmark,Manufacturing,2022,8.5,3.075
DK,Denmark,Manufacturing,2023,6.7,2.425
DK,Denmark,Manufacturing,2024,6.3,2.1
DK,Denmark,Manufacturing,2025,,1.85
DK,Denmark,Mining and quarrying,2019,18.4,2.35
DK,Denmark,Mining and quarrying,2020,18.5,1.6749999999999998
DK,Denmark,Mining and quarrying,2021,15.0,1.5
DK,Denmark,Mining and quarrying,2022,13.3,2.825
DK,Denmark,Mining and quarrying,2023,14.3,3.0
DK,Denmark,Mining and quarrying,2024,21.4,2.5
DK,Denmark,Mining and quarrying,2025,,1.175
DK,Denmark,Other service activities,2019,9.3,
DK,Denmark,Other service activities,2020,9.3,
DK,Denmark,Other service activities,2021,9.5,
DK,Denmark,Other service activities,2022,9.9,
DK,Denmark,Other service activities,2023,8.5,
DK,Denmark,Other service activities,2024,8.1,
DK,Denmark,"Professional, scientific and technical activities",2019,18.1,2.325
DK,Denmark,"Professional, scientific and technical activities",2020,17.1,2.45
DK,Denmark,"Professional, scientific and technical activities",2021,15.6,3.5
DK,Denmark,"Professional, scientific and technical activities",2022,14.7,4.05
DK,Denmark,"Professional, scientific and technical activities",2023,16.4,3.3
DK,Denmark,"Professional, scientific and technical activities",2024,16.5,2.9749999999999996
DK,Denmark,"Professional, scientific and technical activities",2025,,2.575
DK,Denmark,"Professional, scientific and technical activities; administrative and support service activities",2019,,2.5
DK,Denmark,"Professional, scientific and technical activities; administrative and support service activities",2020,,2.4749999999999996
DK,Denmark,"Professional, scientific and technical activities; administrative and support service activities",2021,,3.525
DK,Denmark,"Professional, scientific and technical activities; administrative and support service activities",2022,,4.300000000000001
DK,Denmark,"Professional, scientific and technical activities; administrative and support service activities",2023,,3.3
DK,Denmark,"Professional, scientific and technical activities; administrative and support service activities",2024,,3.075
DK,Denmark,"Professional, scientific and technical activities; administrative and support service activities",2025,,2.875
DK,Denmark,Public administration and defence; compulsory social security,2019,8.0,
DK,Denmark,Public administration and defence; compulsory social security,2020,7.5,
DK,Denmark,Public administration and defence; compulsory social security,2021,8.8,
DK,Denmark,Public administration and defence; compulsory social security,2022,9.3,
DK,Denmark,Public administration and defence; compulsory social security,2023,4.7,
DK,Denmark,Public administration and defence; compulsory social security,2024,4.3,
DK,Denmark,Real estate activities,2019,9.0,1.2000000000000002
DK,Denmark,Real estate activities,2020,10.3,1.2
DK,Denmark,Real estate activities,2021,8.4,2.4749999999999996
DK,Denmark,Real estate activities,2022,11.4,2.475
DK,Denmark,Real estate activities,2023,10.6,1.95
DK,Denmark,Real estate activities,2024,9.6,2.3
DK,Denmark,Real estate activities,2025,,2.45
DK,Denmark,Services of the business economy,2019,,2.025
DK,Denmark,Services of the business economy,2020,,1.8
DK,Denmark,Services of the business economy,2021,,3.0749999999999997
DK,Denmark,Services of the business economy,2022,,3.55
DK,Denmark,Services of the business economy,2023,,2.7750000000000004
DK,Denmark,Services of the business economy,2024,,2.6500000000000004
DK,Denmark,Services of the business economy,2025,,2.6
DK,Denmark,Transportation and storage,2019,7.5,1.825
DK,Denmark,Transportation and storage,2020,9.9,1.575
DK,Denmark,Transportation and storage,2021,10.8,2.225
DK,Denmark,Transportation and storage,2022,8.9,3.375
DK,Denmark,Transportation and storage,2023,8.8,2.5249999999999995
DK,Denmark,Transportation and storage,2024,6.2,2.425
DK,Denmark,Transportation and storage,2025,,2.675
DK,Denmark,"Water supply; sewerage, waste management and remediation activities",2019,5.1,2.4000000000000004
DK,Denmark,"Water supply; sewerage, waste management and remediation activities",2020,3.1,1.6749999999999998
DK,Denmark,"Water supply; sewerage, waste management and remediation activities",2021,3.5,1.525
DK,Denmark,"Water supply; sewerage, waste management and remediation activities",2022,3.0,2.0749999999999997
DK,Denmark,"Water supply; sewerage, waste management and remediation activities",2023,2.6,1.7999999999999998
DK,Denmark,"Water supply; sewerage, waste management and remediation activities",2024,3.5,1.525
DK,Denmark,"Water supply; sewerage, waste management and remediation activities",2025,,1.675
DK,Denmark,"Wholesale and retail trade, transport, accommodation and food service activities",2019,,1.65
DK,Denmark,"Wholesale and retail trade, transport, accommodation and food service activities",2020,,1.475
DK,Denmark,"Wholesale and retail trade, transport, accommodation and food service activities",2021,,2.775
DK,Denmark,"Wholesale and retail trade, transport, accommodation and food service activities",2022,,3.2
DK,Denmark,"Wholesale and retail trade, transport, accommodation and food service activities",2023,,2.575
DK,Denmark,"Wholesale and retail trade, transport, accommodation and food service activities",2024,,2.475
DK,Denmark,"Wholesale and retail trade, transport, accommodation and food service activities",2025,,2.45
DK,Denmark,Wholesale and retail trade; repair of motor vehicles and motorcycles,2019,16.6,1.5750000000000002
DK,Denmark,Wholesale and retail trade; repair of motor vehicles and motorcycles,2020,16.5,1.4500000000000002
DK,Denmark,Wholesale and retail trade; repair of motor vehicles and motorcycles,2021,16.8,2.45
DK,Denmark,Wholesale and retail trade; repair of motor vehicles and motorcycles,2022,15.9,2.775
DK,Denmark,Wholesale and retail trade; repair of motor vehicles and motorcycles,2023,15.1,2.4000000000000004
DK,Denmark,Wholesale and retail trade; repair of motor vehicles and motorcycles,2024,16.2,2.35
DK,Denmark,Wholesale and retail trade; repair of motor vehicles and motorcycles,2025,,2.125
EE,Estonia,Accommodation and food service activities,2019,11.4,1.9
EE,Estonia,Accommodation and food service activities,2020,12.4,0.975
EE,Estonia,Accommodation and food service activities,2021,7.2,1.075
EE,Estonia,Accommodation and food service activities,2022,17.3,1.525
EE,Estonia,Accommodation and food service activities,2023,17.9,1.9499999999999997
EE,Estonia,Accommodation and food service activities,2024,15.6,1.1
EE,Estonia,Accommodation and food service activities,2025,,0.7749999999999999
EE,Estonia,Administrative and support service activities,2019,19.7,2.175
EE,Estonia,Administrative and support service activities,2020,20.7,1.3749999999999998
EE,Estonia,Administrative and support service activities,2021,21.8,2.05
EE,Estonia,Administrative and support service activities,2022,15.1,1.9
EE,Estonia,Administrative and support service activities,2023,10.7,1.825
EE,Estonia,Administrative and support service activities,2024,17.5,1.4
EE,Estonia,Administrative and support service activities,2025,,1.375
EE,Estonia,"Agriculture, forestry and fishing",2019,,0.95
EE,Estonia,"Agriculture, forestry and fishing",2020,,0.8999999999999999
EE,Estonia,"Agriculture, forestry and fishing",2021,,0.45
EE,Estonia,"Agriculture, forestry and fishing",2022,,0.42499999999999993
EE,Estonia,"Agriculture, forestry and fishing",2023,,0.1
EE,Estonia,"Agriculture, forestry and fishing",2024,,0.15
EE,Estonia,"Agriculture, forestry and fishing",2025,,0.125
EE,Estonia,All NACE activities (except activities of households as employers and as own use producers; activities of extra-territorial organisations and bodies),2019,,1.8499999999999999
EE,Estonia,All NACE activities (except activities of households as employers and as own use producers; activities of extra-territorial organisations and bodies),2020,,1.4
EE,Estonia,All NACE activities (except activities of households as employers and as own use producers; activities of extra-territorial organisations and bodies),2021,,1.725
EE,Estonia,All NACE activities (except activities of households as employers and as own use producers; activities of extra-territorial organisations and bodies),2022,,2.0
EE,Estonia,All NACE activities (except activities of households as employers and as own use producers; activities of extra-territorial organisations and bodies),2023,,1.775
EE,Estonia,All NACE activities (except activities of households as employers and as own use producers; activities of extra-territorial organisations and bodies),2024,,1.5750000000000002
EE,Estonia,All NACE activities (except activities of households as employers and as own use producers; activities of extra-territorial organisations and bodies),2025,,1.6
EE,Estonia,"Arts, entertainment and recreation",2019,20.4,1.65
EE,Estonia,"Arts, entertainment and recreation",2020,18.4,1.9250000000000003
EE,Estonia,"Arts, entertainment and recreation",2021,17.8,1.7000000000000002
EE,Estonia,"Arts, entertainment and recreation",2022,18.2,1.975
EE,Estonia,"Arts, entertainment and recreation",2023,19.0,1.55
EE,Estonia,"Arts, entertainment and recreation",2024,15.8,1.5499999999999998
EE,Estonia,"Arts, entertainment and recreation",2025,,1.5
EE,Estonia,"Arts, entertainment and recreation; other service activities",2019,,1.4
EE,Estonia,"Arts, entertainment and recreation; other service activities",2020,,1.625
EE,Estonia,"Arts, entertainment and recreation; other service activities",2021,,1.375
EE,Estonia,"Arts, entertainment and recreation; other service activities",2022,,2.1000000000000005
EE,Estonia,"Arts, entertainment and recreation; other service activities",2023,,1.4
EE,Estonia,"Arts, entertainment and recreation; other service activities",2024,,1.15
EE,Estonia,"Arts, entertainment and recreation; other service activities",2025,,1.025
EE,Estonia,Business economy,2019,23.1,1.825
EE,Estonia,Business economy,2020,22.9,1.125
EE,Estonia,Business economy,2021,22.1,1.5250000000000001
EE,Estonia,Business economy,2022,23.2,1.8250000000000002
EE,Estonia,Business economy,2023,23.0,1.5250000000000001
EE,Estonia,Business economy,2024,22.6,1.325
EE,Estonia,Business economy,2025,,1.3250000000000002
EE,Estonia,Construction,2019,17.2,1.5000000000000002
EE,Estonia,Construction,2020,17.0,0.475
EE,Estonia,Construction,2021,28.2,0.775
EE,Estonia,Construction,2022,7.1,1.35
EE,Estonia,Construction,2023,10.6,0.15000000000000002
EE,Estonia,Construction,2024,10.9,0.275
EE,Estonia,Construction,2025,,0.525
EE,Estonia,Education,2019,15.8,1.8250000000000002
EE,Estonia,Education,2020,13.9,2.1
EE,Estonia,Education,2021,12.4,2.375
EE,Estonia,Education,2022,12.2,2.7250000000000005
EE,Estonia,Education,2023,13.7,1.9999999999999998
EE,Estonia,Education,2024,13.9,2.15
EE,Estonia,Education,2025,,2.525
EE,Estonia,"Electricity, gas, steam and air conditioning supply",2019,16.6,1.2999999999999998
EE,Estonia,"Electricity, gas, steam and air conditioning supply",2020,11.6,0.8999999999999999
EE,Estonia,"Electricity, gas, steam and air conditioning supply",2021,9.9,1.725
EE,Estonia,"Electricity, gas, steam and air conditioning supply",2022,12.7,1.875
EE,Estonia,"Electricity, gas, steam and air conditioning supply",2023,6.8,1.9249999999999998
EE,Estonia,"Electricity, gas, steam and air conditioning supply",2024,8.0,2.5250000000000004
EE,Estonia,"Electricity, gas, steam and air conditioning supply",2025,,2.775
EE,Estonia,Financial and insurance activities,2019,29.1,2.475
EE,Estonia,Financial and insurance activities,2020,31.0,2.3
EE,Estonia,Financial and insurance activities,2021,30.9,2.925
EE,Estonia,Financial and insurance activities,2022,33.2,3.4
EE,Estonia,Financial and insurance activities,2023,27.6,2.0749999999999997
EE,Estonia,Financial and insurance activities,2024,28.0,2.45
EE,Estonia,Financial and insurance activities,2025,,2.1500000000000004
EE,Estonia,Human health and social work activities,2019,25.8,1.9249999999999998
EE,Estonia,Human health and social work activities,2020,29.6,2.25
EE,Estonia,Human health and social work activities,2021,29.1,2.475
EE,Estonia,Human health and social work activities,2022,29.6,2.0999999999999996
EE,Estonia,Human health and social work activities,2023,20.8,2.375
EE,Estonia,Human health and social work activities,2024,20.0,2.3
EE,Estonia,Human health and social work activities,2025,,1.825
EE,Estonia,Industry (except construction),2019,,1.2999999999999998
EE,Estonia,Industry (except construction),2020,,1.0750000000000002
EE,Estonia,Industry (except construction),2021,,1.35
EE,Estonia,Industry (except construction),2022,,1.3499999999999999
EE,Estonia,Industry (except construction),2023,,1.175
EE,Estonia,Industry (except construction),2024,,1.0750000000000002
EE,Estonia,Industry (except construction),2025,,1.05
EE,Estonia,Industry and construction,2019,,1.2999999999999998
EE,Estonia,Industry and construction,2020,,0.9249999999999999
EE,Estonia,Industry and construction,2021,,1.175
EE,Estonia,Industry and construction,2022,,1.2999999999999998
EE,Estonia,Industry and construction,2023,,0.9000000000000001
EE,Estonia,Industry and construction,2024,,0.8500000000000001
EE,Estonia,Industry and construction,2025,,0.8999999999999999
EE,Estonia,"Industry, construction and services (except activities of households as employers and extra-territorial organisations and bodies)",2019,20.5,1.875
EE,Estonia,"Industry, construction and services (except activities of households as employers and extra-territorial organisations and bodies)",2020,19.3,1.425
EE,Estonia,"Industry, construction and services (except activities of households as employers and extra-territorial organisations and bodies)",2021,19.1,1.7500000000000002
EE,Estonia,"Industry, construction and services (except activities of households as employers and extra-territorial organisations and bodies)",2022,19.8,2.05
EE,Estonia,"Industry, construction and services (except activities of households as employers and extra-territorial organisations and bodies)",2023,16.3,1.8250000000000002
EE,Estonia,"Industry, construction and services (except activities of households as employers and extra-territorial organisations and bodies)",2024,,1.6
EE,Estonia,"Industry, construction and services (except activities of households as employers and extra-territorial organisations and bodies)",2025,,1.6
EE,Estonia,"Industry, construction and services (except public administration, defense, compulsory social security)",2019,21.6,
EE,Estonia,"Industry, construction and services (except public administration, defense, compulsory social security)",2020,21.0,
EE,Estonia,"Industry, construction and services (except public administration, defense, compulsory social security)",2021,20.3,
EE,Estonia,"Industry, construction and services (except public administration, defense, compulsory social security)",2022,21.1,
EE,Estonia,"Industry, construction and services (except public administration, defense, compulsory social security)",2023,19.6,
EE,Estonia,"Industry, construction and services (except public administration, defense, compulsory social security)",2024,18.8,
EE,Estonia,Information and communication,2019,25.8,3.2
EE,Estonia,Information and communication,2020,26.9,1.925
EE,Estonia,Information and communication,2021,24.3,3.45
EE,Estonia,Information and communication,2022,26.9,2.9000000000000004
EE,Estonia,Information and communication,2023,24.9,2.8499999999999996
EE,Estonia,Information and communication,2024,24.5,2.9250000000000003
EE,Estonia,Information and communication,2025,,1.7000000000000002
EE,Estonia,Manufacturing,2019,25.3,1.3
EE,Estonia,Manufacturing,2020,22.9,1.1
EE,Estonia,Manufacturing,2021,23.6,1.325
EE,Estonia,Manufacturing,2022,26.3,1.325
EE,Estonia,Manufacturing,2023,23.9,1.125
EE,Estonia,Manufacturing,2024,22.1,1.05
EE,Estonia,Manufacturing,2025,,0.975
EE,Estonia,Mining and quarrying,2019,27.1,0.25
EE,Estonia,Mining and quarrying,2020,26.4,0.325
EE,Estonia,Mining and quarrying,2021,15.9,0.55
EE,Estonia,Mining and quarrying,2022,14.5,0.575
EE,Estonia,Mining and quarrying,2023,18.2,0.6250000000000001
EE,Estonia,Mining and quarrying,2024,16.8,0.45
EE,Estonia,Mining and quarrying,2025,,0.375
EE,Estonia,Other service activities,2019,18.5,1.05
EE,Estonia,Other service activities,2020,11.0,1.2499999999999998
EE,Estonia,Other service activities,2021,11.1,0.8499999999999999
EE,Estonia,Other service activities,2022,10.4,2.3
EE,Estonia,Other service activities,2023,12.0,1.175
EE,Estonia,Other service activities,2024,15.7,0.625
EE,Estonia,Other service activities,2025,,0.32500000000000007
EE,Estonia,"Professional, scientific and technical activities",2019,11.1,1.8
EE,Estonia,"Professional, scientific and technical activities",2020,13.3,1.075
EE,Estonia,"Professional, scientific and technical activities",2021,13.9,1.1
EE,Estonia,"Professional, scientific and technical activities",2022,16.2,1.6
EE,Estonia,"Professional, scientific and technical activities",2023,23.5,2.9499999999999997
EE,Estonia,"Professional, scientific and technical activities",2024,25.9,0.9500000000000001
EE,Estonia,"Professional, scientific and technical activities",2025,,1.2999999999999998
EE,Estonia,"Professional, scientific and technical activities; administrative and support service activities",2019,,2.025
EE,Estonia,"Professional, scientific and technical activities; administrative and support service activities",2020,,1.25
EE,Estonia,"Professional, scientific and technical activities; administrative and support service activities",2021,,1.6250000000000002
EE,Estonia,"Professional, scientific and technical activities; administrative and support service activities",2022,,1.775
EE,Estonia,"Professional, scientific and technical activities; administrative and support service activities",2023,,2.325
EE,Estonia,"Professional, scientific and technical activities; administrative and support service activities",2024,,1.2000000000000002
EE,Estonia,"Professional, scientific and technical activities; administrative and support service activities",2025,,1.325
EE,Estonia,Public administration and defence; compulsory social security,2019,7.8,2.875
EE,Estonia,Public administration and defence; compulsory social security,2020,4.5,2.625
EE,Estonia,Public administration and defence; compulsory social security,2021,6.0,2.6
EE,Estonia,Public administration and defence; compulsory social security,2022,5.9,3.5250000000000004
EE,Estonia,Public administration and defence; compulsory social security,2023,6.0,4.0
EE,Estonia,Public administration and defence; compulsory social security,2024,,3.25
EE,Estonia,Public administration and defence; compulsory social security,2025,,3.0999999999999996
EE,Estonia,"Public administration and defence; compulsory social security; education; human health and social work activities; arts, entertainment and recreation; other service activities",2019,,2.05
EE,Estonia,"Public administration and defence; compulsory social security; education; human health and social work activities; arts, entertainment and recreation; other service activities",2020,,2.2
EE,Estonia,"Public administration and defence; compulsory social security; education; human health and social work activities; arts, entertainment and recreation; other service activities",2021,,2.3499999999999996
EE,Estonia,"Public administration and defence; compulsory social security; education; human health and social work activities; arts, entertainment and recreation; other service activities",2022,,2.6500000000000004
EE,Estonia,"Public administration and defence; compulsory social security; education; human health and social work activities; arts, entertainment and recreation; other service activities",2023,,2.5
EE,Estonia,"Public administration and defence; compulsory social security; education; human health and social work activities; arts, entertainment and recreation; other service activities",2024,,2.325
EE,Estonia,"Public administration and defence; compulsory social security; education; human health and social work activities; arts, entertainment and recreation; other service activities",2025,,2.225
EE,Estonia,"Public administration, defence, education, human health and social work activities",2019,,2.1500000000000004
EE,Estonia,"Public administration, defence, education, human health and social work activities",2020,,2.3
EE,Estonia,"Public administration, defence, education, human health and social work activities",2021,,2.4499999999999997
EE,Estonia,"Public administration, defence, education, human health and social work activities",2022,,2.75
EE,Estonia,"Public administration, defence, education, human health and social work activities",2023,,2.7249999999999996
EE,Estonia,"Public administration, defence, education, human health and social work activities",2024,,2.5250000000000004
EE,Estonia,"Public administration, defence, education, human health and social work activities",2025,,2.4499999999999997
EE,Estonia,Real estate activities,2019,14.5,0.375
EE,Estonia,Real estate activities,2020,10.0,0.75
EE,Estonia,Real estate activities,2021,18.2,0.825
EE,Estonia,Real estate activities,2022,18.5,1.5499999999999998
EE,Estonia,Real estate activities,2023,18.4,1.575
EE,Estonia,Real estate activities,2024,8.0,0.625
EE,Estonia,Real estate activities,2025,,3.1500000000000004
EE,Estonia,Services of the business economy,2019,,2.1
EE,Estonia,Services of the business economy,2020,,1.225
EE,Estonia,Services of the business economy,2021,,1.725
EE,Estonia,Services of the business economy,2022,,2.0749999999999997
EE,Estonia,Services of the business economy,2023,,1.925
EE,Estonia,Services of the business economy,2024,,1.575
EE,Estonia,Services of the business economy,2025,,1.6
EE,Estonia,Transportation and storage,2019,3.6,1.9500000000000002
EE,Estonia,Transportation and storage,2020,2.5,0.925
EE,Estonia,Transportation and storage,2021,5.7,1.175
EE,Estonia,Transportation and storage,2022,2.1,1.3
EE,Estonia,Transportation and storage,2023,-3.1,1.8249999999999997
EE,Estonia,Transportation and storage,2024,-4.5,2.1
EE,Estonia,Transportation and storage,2025,,1.675
EE,Estonia,"Water supply; sewerage, waste management and remediation activities",2019,8.8,1.2000000000000002
EE,Estonia,"Water supply; sewerage, waste management and remediation activities",2020,10.1,0.85
EE,Estonia,"Water supply; sewerage, waste management and remediation activities",2021,13.4,1.375
EE,Estonia,"Water supply; sewerage, waste management and remediation activities",2022,10.7,1.575
EE,Estonia,"Water supply; sewerage, waste management and remediation activities",2023,8.8,1.8499999999999999
EE,Estonia,"Water supply; sewerage, waste management and remediation activities",2024,4.6,0.8500000000000001
EE,Estonia,"Water supply; sewerage, waste management and remediation activities",2025,,1.0250000000000001
EE,Estonia,"Wholesale and retail trade, transport, accommodation and food service activities",2019,,2.0250000000000004
EE,Estonia,"Wholesale and retail trade, transport, accommodation and food service activities",2020,,1.125
EE,Estonia,"Wholesale and retail trade, transport, accommodation and food service activities",2021,,1.5250000000000001
EE,Estonia,"Wholesale and retail trade, transport, accommodation and food service activities",2022,,1.95
EE,Estonia,"Wholesale and retail trade, transport, accommodation and food service activities",2023,,1.625
EE,Estonia,"Wholesale and retail trade, transport, accommodation and food service activities",2024,,1.475
EE,Estonia,"Wholesale and retail trade, transport, accommodation and food service activities",2025,,1.45
EE,Estonia,Wholesale and retail trade; repair of motor vehicles and motorcycles,2019,32.3,2.25
EE,Estonia,Wholesale and retail trade; repair of motor vehicles and motorcycles,2020,29.7,1.175
EE,Estonia,Wholesale and retail trade; repair of motor vehicles and motorcycles,2021,30.6,1.775
EE,Estonia,Wholesale and retail trade; repair of motor vehicles and motorcycles,2022,31.9,2.425
EE,Estonia,Wholesale and retail trade; repair of motor vehicles and motorcycles,2023,32.9,1.4
EE,Estonia,Wholesale and retail trade; repair of motor vehicles and motorcycles,2024,29.4,1.35
EE,Estonia,Wholesale and retail trade; repair of motor vehicles and motorcycles,2025,,1.5750000000000002
EL,Greece,Accommodation and food service activities,2019,,2.2750000000000004
EL,Greece,Accommodation and food service activities,2020,,0.925
EL,Greece,Accommodation and food service activities,2021,,1.4000000000000001
EL,Greece,Accommodation and food service activities,2022,7.3,4.475
EL,Greece,Accommodation and food service activities,2023,7.2,4.15
EL,Greece,Accommodation and food service activities,2024,7.6,7.6499999999999995
EL,Greece,Accommodation and food service activities,2025,,3.0250000000000004
EL,Greece,Administrative and support service activities,2019,,0.5
EL,Greece,Administrative and support service activities,2020,,0.39999999999999997
EL,Greece,Administrative and support service activities,2021,,0.775
EL,Greece,Administrative and support service activities,2022,6.6,1.15
EL,Greece,Administrative and support service activities,2023,7.9,1.5999999999999999
EL,Greece,Administrative and support service activities,2024,7.8,4.45
EL,Greece,Administrative and support service activities,2025,,2.025
EL,Greece,"Arts, entertainment and recreation",2019,,4.075
EL,Greece,"Arts, entertainment and recreation",2020,,2.1500000000000004
EL,Greece,"Arts, entertainment and recreation",2021,,3.0999999999999996
EL,Greece,"Arts, entertainment and recreation",2022,8.6,3.35
EL,Greece,"Arts, entertainment and recreation",2023,8.8,4.575
EL,Greece,"Arts, entertainment and recreation",2024,9.8,4.9
EL,Greece,"Arts, entertainment and recreation",2025,,3.3
EL,Greece,"Arts, entertainment and recreation; other service activities",2019,,1.725
EL,Greece,"Arts, entertainment and recreation; other service activities",2020,,0.775
EL,Greece,"Arts, entertainment and recreation; other service activities",2021,,1.0499999999999998
EL,Greece,"Arts, entertainment and recreation; other service activities",2022,,1.8
EL,Greece,"Arts, entertainment and recreation; other service activities",2023,,1.85
EL,Greece,"Arts, entertainment and recreation; other service activities",2024,,3.05
EL,Greece,"Arts, entertainment and recreation; other service activities",2025,,2.2
EL,Greece,Business economy,2019,,0.7250000000000001
EL,Greece,Business economy,2020,,0.475
EL,Greece,Business economy,2021,,0.725
EL,Greece,Business economy,2022,15.6,1.25
EL,Greece,Business economy,2023,15.5,2.15
EL,Greece,Business economy,2024,15.0,2.4250000000000003
EL,Greece,Business economy,2025,,1.85
EL,Greece,Construction,2019,,0.225
EL,Greece,Construction,2020,,0.425
EL,Greece,Construction,2021,,4.55
EL,Greece,Construction,2022,12.6,6.575
EL,Greece,Construction,2023,9.9,2.8500000000000005
EL,Greece,Construction,2024,9.7,3.1750000000000003
EL,Greece,Construction,2025,,3.7249999999999996
EL,Greece,Education,2019,,0.175
EL,Greece,Education,2020,,0.07500000000000001
EL,Greece,Education,2021,,0.07500000000000001
EL,Greece,Education,2022,9.1,0.17500000000000002
EL,Greece,Education,2023,9.4,0.575
EL,Greece,Education,2024,10.0,1.35
EL,Greece,Education,2025,,1.25
EL,Greece,"Electricity, gas, steam and air conditioning supply",2019,,0.1
EL,Greece,"Electricity, gas, steam and air conditioning supply",2020,,0.05
EL,Greece,"Electricity, gas, steam and air conditioning supply",2021,,0.15
EL,Greece,"Electricity, gas, steam and air conditioning supply",2022,14.5,0.5499999999999999
EL,Greece,"Electricity, gas, steam and air conditioning supply",2023,13.0,0.725
EL,Greece,"Electricity, gas, steam and air conditioning supply",2024,8.7,0.8999999999999999
EL,Greece,"Electricity, gas, steam and air conditioning supply",2025,,1.075
EL,Greece,Financial and insurance activities,2019,,0.025
EL,Greece,Financial and insurance activities,2020,,0.125
EL,Greece,Financial and insurance activities,2021,,0.15000000000000002
EL,Greece,Financial and insurance activities,2022,19.2,0.39999999999999997
EL,Greece,Financial and insurance activities,2023,19.4,0.525
EL,Greece,Financial and insurance activities,2024,19.0,0.5249999999999999
EL,Greece,Financial and insurance activities,2025,,0.35
EL,Greece,Human health and social work activities,2019,,0.7000000000000001
EL,Greece,Human health and social work activities,2020,,0.5750000000000001
EL,Greece,Human health and social work activities,2021,,0.6749999999999999
EL,Greece,Human health and social work activities,2022,14.5,0.675
EL,Greece,Human health and social work activities,2023,14.5,1.5000000000000002
EL,Greece,Human health and social work activities,2024,14.4,1.475
EL,Greece,Human health and social work activities,2025,,1.5
EL,Greece,Industry (except construction),2019,,0.525
EL,Greece,Industry (except construction),2020,,0.475
EL,Greece,Industry (except construction),2021,,0.44999999999999996
EL,Greece,Industry (except construction),2022,,0.575
EL,Greece,Industry (except construction),2023,,1.925
EL,Greece,Industry (except construction),2024,,1.7750000000000001
EL,Greece,Industry (except construction),2025,,1.8250000000000002
EL,Greece,Industry and construction,2019,,0.475
EL,Greece,Industry and construction,2020,,0.47500000000000003
EL,Greece,Industry and construction,2021,,1.175
EL,Greece,Industry and construction,2022,,1.55
EL,Greece,Industry and construction,2023,,2.075
EL,Greece,Industry and construction,2024,,2.075
EL,Greece,Industry and construction,2025,,2.2
EL,Greece,"Industry, construction and services (except activities of households as employers and extra-territorial organisations and bodies)",2019,,0.6499999999999999
EL,Greece,"Industry, construction and services (except activities of households as employers and extra-territorial organisations and bodies)",2020,,0.42500000000000004
EL,Greece,"Industry, construction and services (except activities of households as employers and extra-territorial organisations and bodies)",2021,,0.575
EL,Greece,"Industry, construction and services (except activities of households as employers and extra-territorial organisations and bodies)",2022,,0.95
EL,Greece,"Industry, construction and services (except activities of households as employers and extra-territorial organisations and bodies)",2023,,1.65
EL,Greece,"Industry, construction and services (except activities of households as employers and extra-territorial organisations and bodies)",2024,,2.125
EL,Greece,"Industry, construction and services (except activities of households as employers and extra-territorial organisations and bodies)",2025,,1.7000000000000002
EL,Greece,"Industry, construction and services (except public administration, defense, compulsory social security)",2022,13.5,
EL,Greece,"Industry, construction and services (except public administration, defense, compulsory social security)",2023,13.6,
EL,Greece,"Industry, construction and services (except public administration, defense, compulsory social security)",2024,13.4,
EL,Greece,Information and communication,2019,,0.6500000000000001
EL,Greece,Information and communication,2020,,0.35
EL,Greece,Information and communication,2021,,0.45000000000000007
EL,Greece,Information and communication,2022,24.6,1.2000000000000002
EL,Greece,Information and communication,2023,24.9,0.975
EL,Greece,Information and communication,2024,25.3,0.9249999999999999
EL,Greece,Information and communication,2025,,0.575
EL,Greece,Manufacturing,2019,,0.375
EL,Greece,Manufacturing,2020,,0.42499999999999993
EL,Greece,Manufacturing,2021,,0.4
EL,Greece,Manufacturing,2022,18.0,0.475
EL,Greece,Manufacturing,2023,17.8,2.0
EL,Greece,Manufacturing,2024,17.4,1.8
EL,Greece,Manufacturing,2025,,1.85
EL,Greece,Mining and quarrying,2019,,0.4
EL,Greece,Mining and quarrying,2020,,0.25
EL,Greece,Mining and quarrying,2021,,0.0
EL,Greece,Mining and quarrying,2022,9.5,0.1
EL,Greece,Mining and quarrying,2023,7.0,0.3
EL,Greece,Mining and quarrying,2024,9.2,0.55
EL,Greece,Mining and quarrying,2025,,0.6
EL,Greece,Other service activities,2019,,0.775
EL,Greece,Other service activities,2020,,0.225
EL,Greece,Other service activities,2021,,0.475
EL,Greece,Other service activities,2022,4.6,1.125
EL,Greece,Other service activities,2023,5.2,0.825
EL,Greece,Other service activities,2024,3.8,2.3
EL,Greece,Other service activities,2025,,1.5999999999999999
EL,Greece,"Professional, scientific and technical activities",2019,,2.625
EL,Greece,"Professional, scientific and technical activities",2020,,1.425
EL,Greece,"Professional, scientific and technical activities",2021,,2.125
EL,Greece,"Professional, scientific and technical activities",2022,13.8,1.5499999999999998
EL,Greece,"Professional, scientific and technical activities",2023,13.3,4.2
EL,Greece,"Professional, scientific and technical activities",2024,11.8,3.375
EL,Greece,"Professional, scientific and technical activities",2025,,3.25
EL,Greece,"Professional, scientific and technical activities; administrative and support service activities",2019,,1.4
EL,Greece,"Professional, scientific and technical activities; administrative and support service activities",2020,,0.9
EL,Greece,"Professional, scientific and technical activities; administrative and support service activities",2021,,1.525
EL,Greece,"Professional, scientific and technical activities; administrative and support service activities",2022,,1.35
EL,Greece,"Professional, scientific and technical activities; administrative and support service activities",2023,,2.975
EL,Greece,"Professional, scientific and technical activities; administrative and support service activities",2024,,3.8999999999999995
EL,Greece,"Professional, scientific and technical activities; administrative and support service activities",2025,,2.65
EL,Greece,Public administration and defence; compulsory social security,2019,,0.425
EL,Greece,Public administration and defence; compulsory social security,2020,,0.42500000000000004
EL,Greece,Public administration and defence; compulsory social security,2021,,0.375
EL,Greece,Public administration and defence; compulsory social security,2022,,0.6499999999999999
EL,Greece,Public administration and defence; compulsory social security,2023,,0.7
EL,Greece,Public administration and defence; compulsory social security,2024,,2.0
EL,Greece,Public administration and defence; compulsory social security,2025,,1.675
EL,Greece,"Public administration and defence; compulsory social security; education; human health and social work activities; arts, entertainment and recreation; other service activities",2019,,0.525
EL,Greece,"Public administration and defence; compulsory social security; education; human health and social work activities; arts, entertainment and recreation; other service activities",2020,,0.4
EL,Greece,"Public administration and defence; compulsory social security; education; human health and social work activities; arts, entertainment and recreation; other service activities",2021,,0.4
EL,Greece,"Public administration and defence; compulsory social security; education; human health and social work activities; arts, entertainment and recreation; other service activities",2022,,0.6
EL,Greece,"Public administration and defence; compulsory social security; education; human health and social work activities; arts, entertainment and recreation; other service activities",2023,,0.975
EL,Greece,"Public administration and defence; compulsory social security; education; human health and social work activities; arts, entertainment and recreation; other service activities",2024,,1.7000000000000002
EL,Greece,"Public administration and defence; compulsory social security; education; human health and social work activities; arts, entertainment and recreation; other service activities",2025,,1.5
EL,Greece,"Public administration, defence, education, human health and social work activities",2019,,0.42499999999999993
EL,Greece,"Public administration, defence, education, human health and social work activities",2020,,0.35
EL,Greece,"Public administration, defence, education, human health and social work activities",2021,,0.375
EL,Greece,"Public administration, defence, education, human health and social work activities",2022,,0.5
EL,Greece,"Public administration, defence, education, human health and social work activities",2023,,0.925
EL,Greece,"Public administration, defence, education, human health and social work activities",2024,,1.6
EL,Greece,"Public administration, defence, education, human health and social work activities",2025,,1.4249999999999998
EL,Greece,Real estate activities,2019,,4.3
EL,Greece,Real estate activities,2020,,1.55
EL,Greece,Real estate activities,2021,,0.725
EL,Greece,Real estate activities,2022,17.9,1.15
EL,Greece,Real estate activities,2023,18.8,1.9249999999999998
EL,Greece,Real estate activities,2024,18.7,3.025
EL,Greece,Real estate activities,2025,,0.65
EL,Greece,Services of the business economy,2019,,0.8
EL,Greece,Services of the business economy,2020,,0.44999999999999996
EL,Greece,Services of the business economy,2021,,0.55
EL,Greece,Services of the business economy,2022,,1.15
EL,Greece,Services of the business economy,2023,,2.15
EL,Greece,Services of the business economy,2024,,2.575
EL,Greece,Services of the business economy,2025,,1.7000000000000002
EL,Greece,Transportation and storage,2019,,1.025
EL,Greece,Transportation and storage,2020,,0.55
EL,Greece,Transportation and storage,2021,,0.55
EL,Greece,Transportation and storage,2022,9.7,0.4
EL,Greece,Transportation and storage,2023,10.2,1.05
EL,Greece,Transportation and storage,2024,10.1,1.225
EL,Greece,Transportation and storage,2025,,1.375
EL,Greece,"Water supply; sewerage, waste management and remediation activities",2019,,4.0
EL,Greece,"Water supply; sewerage, waste management and remediation activities",2020,,3.1750000000000003
EL,Greece,"Water supply; sewerage, waste management and remediation activities",2021,,4.3
EL,Greece,"Water supply; sewerage, waste management and remediation activities",2022,-5.4,2.375
EL,Greece,"Water supply; sewerage, waste management and remediation activities",2023,-4.4,4.5
EL,Greece,"Water supply; sewerage, waste management and remediation activities",2024,-5.5,3.75
EL,Greece,"Water supply; sewerage, waste management and remediation activities",2025,,3.575
EL,Greece,"Wholesale and retail trade, transport, accommodation and food service activities",2019,,0.8
EL,Greece,"Wholesale and retail trade, transport, accommodation and food service activities",2020,,0.45
EL,Greece,"Wholesale and retail trade, transport, accommodation and food service activities",2021,,0.425
EL,Greece,"Wholesale and retail trade, transport, accommodation and food service activities",2022,,1.125
EL,Greece,"Wholesale and retail trade, transport, accommodation and food service activities",2023,,2.3249999999999997
EL,Greece,"Wholesale and retail trade, transport, accommodation and food service activities",2024,,2.6999999999999997
EL,Greece,"Wholesale and retail trade, transport, accommodation and food service activities",2025,,1.8
EL,Greece,Wholesale and retail trade; repair of motor vehicles and motorcycles,2019,,0.275
EL,Greece,Wholesale and retail trade; repair of motor vehicles and motorcycles,2020,,0.32499999999999996
EL,Greece,Wholesale and retail trade; repair of motor vehicles and motorcycles,2021,,0.1
EL,Greece,Wholesale and retail trade; repair of motor vehicles and motorcycles,2022,20.2,0.2
EL,Greece,Wholesale and retail trade; repair of motor vehicles and motorcycles,2023,20.2,2.025
EL,Greece,Wholesale and retail trade; repair of motor vehicles and motorcycles,2024,20.1,1.375
EL,Greece,Wholesale and retail trade; repair of motor vehicles and motorcycles,2025,,1.5
ES,Spain,Accommodation and food service activities,2019,7.9,0.5
ES,Spain,Accommodation and food service activities,2020,7.7,0.22499999999999998
ES,Spain,Accommodation and food service activities,2021,8.6,0.42500000000000004
ES,Spain,Accommodation and food service activities,2022,8.0,0.5
ES,Spain,Accommodation and food service activities,2023,10.8,0.55
ES,Spain,Accommodation and food service activities,2024,10.8,0.55
ES,Spain,Accommodation and food service activities,2025,,0.575
ES,Spain,Administrative and support service activities,2019,12.1,0.625
ES,Spain,Administrative and support service activities,2020,15.0,0.625
ES,Spain,Administrative and support service activities,2021,15.0,0.6
ES,Spain,Administrative and support service activities,2022,15.1,0.825
ES,Spain,Administrative and support service activities,2023,14.0,0.825
ES,Spain,Administrative and support service activities,2024,14.0,0.875
ES,Spain,Administrative and support service activities,2025,,0.75
ES,Spain,"Arts, entertainment and recreation",2019,7.6,0.625
ES,Spain,"Arts, entertainment and recreation",2020,8.0,0.47500000000000003
ES,Spain,"Arts, entertainment and recreation",2021,7.0,0.7
ES,Spain,"Arts, entertainment and recreation",2022,10.4,0.675
ES,Spain,"Arts, entertainment and recreation",2023,6.7,0.625
ES,Spain,"Arts, entertainment and recreation",2024,6.7,0.6
ES,Spain,"Arts, entertainment and recreation",2025,,0.6499999999999999
ES,Spain,"Arts, entertainment and recreation; other service activities",2019,,0.6
ES,Spain,"Arts, entertainment and recreation; other service activities",2020,,0.475
ES,Spain,"Arts, entertainment and recreation; other service activities",2021,,0.6
ES,Spain,"Arts, entertainment and recreation; other service activities",2022,,0.7499999999999999
ES,Spain,"Arts, entertainment and recreation; other service activities",2023,,0.625
ES,Spain,"Arts, entertainment and recreation; other service activities",2024,,0.625
ES,Spain,"Arts, entertainment and recreation; other service activities",2025,,0.6499999999999999
ES,Spain,Business economy,2019,15.3,0.5
ES,Spain,Business economy,2020,15.2,0.4
ES,Spain,Business economy,2021,14.7,0.5750000000000001
ES,Spain,Business economy,2022,15.1,0.675
ES,Spain,Business economy,2023,13.6,0.7
ES,Spain,Business economy,2024,13.6,0.6749999999999999
ES,Spain,Business economy,2025,,0.7
ES,Spain,Construction,2019,-9.3,0.5
ES,Spain,Construction,2020,-10.3,0.45000000000000007
ES,Spain,Construction,2021,-11.3,0.7749999999999999
ES,Spain,Construction,2022,-12.3,0.525
ES,Spain,Construction,2023,-10.9,0.7
ES,Spain,Construction,2024,-10.9,0.725
ES,Spain,Construction,2025,,0.625
ES,Spain,Education,2019,11.2,0.4
ES,Spain,Education,2020,10.8,0.35000000000000003
ES,Spain,Education,2021,11.1,0.3
ES,Spain,Education,2022,9.7,0.325
ES,Spain,Education,2023,8.9,0.35000000000000003
ES,Spain,Education,2024,8.9,0.35
ES,Spain,Education,2025,,0.30000000000000004
ES,Spain,"Electricity, gas, steam and air conditioning supply",2019,12.9,0.575
ES,Spain,"Electricity, gas, steam and air conditioning supply",2020,15.6,1.075
ES,Spain,"Electricity, gas, steam and air conditioning supply",2021,15.6,0.5
ES,Spain,"Electricity, gas, steam and air conditioning supply",2022,9.2,0.6
ES,Spain,"Electricity, gas, steam and air conditioning supply",2023,15.6,0.35000000000000003
ES,Spain,"Electricity, gas, steam and air conditioning supply",2024,15.6,0.4
ES,Spain,"Electricity, gas, steam and air conditioning supply",2025,,0.65
ES,Spain,Financial and insurance activities,2019,13.4,0.4
ES,Spain,Financial and insurance activities,2020,14.1,0.25
ES,Spain,Financial and insurance activities,2021,12.5,0.44999999999999996
ES,Spain,Financial and insurance activities,2022,14.1,0.525
ES,Spain,Financial and insurance activities,2023,12.2,0.475
ES,Spain,Financial and insurance activities,2024,12.2,0.55
ES,Spain,Financial and insurance activities,2025,,0.525
ES,Spain,Human health and social work activities,2019,21.9,0.625
ES,Spain,Human health and social work activities,2020,24.1,0.625
ES,Spain,Human health and social work activities,2021,25.7,0.725
ES,Spain,Human health and social work activities,2022,20.7,0.8999999999999999
ES,Spain,Human health and social work activities,2023,21.1,0.6499999999999999
ES,Spain,Human health and social work activities,2024,21.1,0.8500000000000001
ES,Spain,Human health and social work activities,2025,,0.75
ES,Spain,Industry (except construction),2019,,0.35
ES,Spain,Industry (except construction),2020,,0.325
ES,Spain,Industry (except construction),2021,,0.35
ES,Spain,Industry (except construction),2022,,0.4
ES,Spain,Industry (except construction),2023,,0.44999999999999996
ES,Spain,Industry (except construction),2024,,0.44999999999999996
ES,Spain,Industry (except construction),2025,,0.55
ES,Spain,Industry and construction,2019,,0.42500000000000004
ES,Spain,Industry and construction,2020,,0.35000000000000003
ES,Spain,Industry and construction,2021,,0.5
ES,Spain,Industry and construction,2022,,0.45
ES,Spain,Industry and construction,2023,,0.5
ES,Spain,Industry and construction,2024,,0.55
ES,Spain,Industry and construction,2025,,0.6
ES,Spain,"Industry, construction and services (except activities of households as employers and extra-territorial organisations and bodies)",2019,8.8,0.7
ES,Spain,"Industry, construction and services (except activities of households as employers and extra-territorial organisations and bodies)",2020,8.6,0.6
ES,Spain,"Industry, construction and services (except activities of households as employers and extra-territorial organisations and bodies)",2021,8.9,0.7749999999999999
ES,Spain,"Industry, construction and services (except activities of households as employers and extra-territorial organisations and bodies)",2022,8.9,0.875
ES,Spain,"Industry, construction and services (except activities of households as employers and extra-territorial organisations and bodies)",2023,7.0,0.9
ES,Spain,"Industry, construction and services (except activities of households as employers and extra-territorial organisations and bodies)",2024,7.0,0.9
ES,Spain,"Industry, construction and services (except activities of households as employers and extra-territorial organisations and bodies)",2025,,0.9
ES,Spain,"Industry, construction and services (except public administration, defense, compulsory social security)",2019,9.6,
ES,Spain,"Industry, construction and services (except public administration, defense, compulsory social security)",2020,9.3,
ES,Spain,"Industry, construction and services (except public administration, defense, compulsory social security)",2021,9.3,
ES,Spain,"Industry, construction and services (except public administration, defense, compulsory social security)",2022,9.2,
ES,Spain,"Industry, construction and services (except public administration, defense, compulsory social security)",2023,7.3,
ES,Spain,"Industry, construction and services (except public administration, defense, compulsory social security)",2024,7.3,
ES,Spain,Information and communication,2019,9.2,1.175
ES,Spain,Information and communication,2020,8.6,0.7250000000000001
ES,Spain,Information and communication,2021,8.3,1.25
ES,Spain,Information and communication,2022,10.2,1.5000000000000002
ES,Spain,Information and communication,2023,9.5,1.55
ES,Spain,Information and communication,2024,9.5,1.475
ES,Spain,Information and communication,2025,,1.25
ES,Spain,Manufacturing,2019,14.8,0.4
ES,Spain,Manufacturing,2020,14.0,0.275
ES,Spain,Manufacturing,2021,13.7,0.325
ES,Spain,Manufacturing,2022,14.3,0.45
ES,Spain,Manufacturing,2023,13.5,0.42500000000000004
ES,Spain,Manufacturing,2024,13.5,0.44999999999999996
ES,Spain,Manufacturing,2025,,0.55
ES,Spain,Mining and quarrying,2019,-16.7,0.1
ES,Spain,Mining and quarrying,2020,-17.3,0.05
ES,Spain,Mining and quarrying,2021,-17.9,0.175
ES,Spain,Mining and quarrying,2022,-18.5,0.325
ES,Spain,Mining and quarrying,2023,-13.5,0.175
ES,Spain,Mining and quarrying,2024,-13.5,0.22500000000000003
ES,Spain,Mining and quarrying,2025,,0.8749999999999999
ES,Spain,Other service activities,2019,13.7,0.6749999999999999
ES,Spain,Other service activities,2020,11.1,0.45000000000000007
ES,Spain,Other service activities,2021,9.0,0.5750000000000001
ES,Spain,Other service activities,2022,15.0,0.8
ES,Spain,Other service activities,2023,8.3,0.625
ES,Spain,Other service activities,2024,8.3,0.6
ES,Spain,Other service activities,2025,,0.7
ES,Spain,"Professional, scientific and technical activities",2019,20.8,0.825
ES,Spain,"Professional, scientific and technical activities",2020,20.7,0.675
ES,Spain,"Professional, scientific and technical activities",2021,17.7,1.025
ES,Spain,"Professional, scientific and technical activities",2022,17.1,1.15
ES,Spain,"Professional, scientific and technical activities",2023,15.5,1.1749999999999998
ES,Spain,"Professional, scientific and technical activities",2024,15.5,1.075
ES,Spain,"Professional, scientific and technical activities",2025,,1.05
ES,Spain,"Professional, scientific and technical activities; administrative and support service activities",2019,,0.7
ES,Spain,"Professional, scientific and technical activities; administrative and support service activities",2020,,0.625
ES,Spain,"Professional, scientific and technical activities; administrative and support service activities",2021,,0.7749999999999999
ES,Spain,"Professional, scientific and technical activities; administrative and support service activities",2022,,0.95
ES,Spain,"Professional, scientific and technical activities; administrative and support service activities",2023,,0.975
ES,Spain,"Professional, scientific and technical activities; administrative and support service activities",2024,,0.9249999999999999
ES,Spain,"Professional, scientific and technical activities; administrative and support service activities",2025,,0.8500000000000001
ES,Spain,Public administration and defence; compulsory social security,2019,1.9,2.3
ES,Spain,Public administration and defence; compulsory social security,2020,3.9,2.225
ES,Spain,Public administration and defence; compulsory social security,2021,6.7,2.525
ES,Spain,Public administration and defence; compulsory social security,2022,7.4,3.1500000000000004
ES,Spain,Public administration and defence; compulsory social security,2023,6.2,3.425
ES,Spain,Public administration and defence; compulsory social security,2024,6.2,3.375
ES,Spain,Public administration and defence; compulsory social security,2025,,3.45
ES,Spain,"Public administration and defence; compulsory social security; education; human health and social work activities; arts, entertainment and recreation; other service activities",2019,,1.0
ES,Spain,"Public administration and defence; compulsory social security; education; human health and social work activities; arts, entertainment and recreation; other service activities",2020,,0.975
ES,Spain,"Public administration and defence; compulsory social security; education; human health and social work activities; arts, entertainment and recreation; other service activities",2021,,1.1
ES,Spain,"Public administration and defence; compulsory social security; education; human health and social work activities; arts, entertainment and recreation; other service activities",2022,,1.375
ES,Spain,"Public administration and defence; compulsory social security; education; human health and social work activities; arts, entertainment and recreation; other service activities",2023,,1.35
ES,Spain,"Public administration and defence; compulsory social security; education; human health and social work activities; arts, entertainment and recreation; other service activities",2024,,1.4
ES,Spain,"Public administration and defence; compulsory social security; education; human health and social work activities; arts, entertainment and recreation; other service activities",2025,,1.35
ES,Spain,"Public administration, defence, education, human health and social work activities",2019,,1.0750000000000002
ES,Spain,"Public administration, defence, education, human health and social work activities",2020,,1.075
ES,Spain,"Public administration, defence, education, human health and social work activities",2021,,1.175
ES,Spain,"Public administration, defence, education, human health and social work activities",2022,,1.4249999999999998
ES,Spain,"Public administration, defence, education, human health and social work activities",2023,,1.45
ES,Spain,"Public administration, defence, education, human health and social work activities",2024,,1.5
ES,Spain,"Public administration, defence, education, human health and social work activities",2025,,1.4500000000000002
ES,Spain,Real estate activities,2019,14.6,0.5
ES,Spain,Real estate activities,2020,16.5,0.42500000000000004
ES,Spain,Real estate activities,2021,15.6,0.8
ES,Spain,Real estate activities,2022,6.5,0.725
ES,Spain,Real estate activities,2023,10.5,0.8499999999999999
ES,Spain,Real estate activities,2024,10.5,0.65
ES,Spain,Real estate activities,2025,,0.45
ES,Spain,Services of the business economy,2019,,0.6
ES,Spain,Services of the business economy,2020,,0.375
ES,Spain,Services of the business economy,2021,,0.6
ES,Spain,Services of the business economy,2022,,0.75
ES,Spain,Services of the business economy,2023,,0.7749999999999999
ES,Spain,Services of the business economy,2024,,0.7
ES,Spain,Services of the business economy,2025,,0.7
ES,Spain,Transportation and storage,2019,3.2,0.4
ES,Spain,Transportation and storage,2020,-0.3,0.175
ES,Spain,Transportation and storage,2021,2.1,0.4
ES,Spain,Transportation and storage,2022,4.0,0.55
ES,Spain,Transportation and storage,2023,-2.3,0.55
ES,Spain,Transportation and storage,2024,-2.3,0.525
ES,Spain,Transportation and storage,2025,,0.6499999999999999
ES,Spain,"Water supply; sewerage, waste management and remediation activities",2019,8.5,0.42500000000000004
ES,Spain,"Water supply; sewerage, waste management and remediation activities",2020,8.7,0.475
ES,Spain,"Water supply; sewerage, waste management and remediation activities",2021,7.5,0.45
ES,Spain,"Water supply; sewerage, waste management and remediation activities",2022,5.8,0.5
ES,Spain,"Water supply; sewerage, waste management and remediation activities",2023,5.6,0.525
ES,Spain,"Water supply; sewerage, waste management and remediation activities",2024,5.6,0.7500000000000001
ES,Spain,"Water supply; sewerage, waste management and remediation activities",2025,,0.625
ES,Spain,"Wholesale and retail trade, transport, accommodation and food service activities",2019,,0.5
ES,Spain,"Wholesale and retail trade, transport, accommodation and food service activities",2020,,0.24999999999999997
ES,Spain,"Wholesale and retail trade, transport, accommodation and food service activities",2021,,0.47500000000000003
ES,Spain,"Wholesale and retail trade, transport, accommodation and food service activities",2022,,0.575
ES,Spain,"Wholesale and retail trade, transport, accommodation and food service activities",2023,,0.6
ES,Spain,"Wholesale and retail trade, transport, accommodation and food service activities",2024,,0.525
ES,Spain,"Wholesale and retail trade, transport, accommodation and food service activities",2025,,0.575
ES,Spain,Wholesale and retail trade; repair of motor vehicles and motorcycles,2019,16.1,0.5
ES,Spain,Wholesale and retail trade; repair of motor vehicles and motorcycles,2020,16.6,0.25
ES,Spain,Wholesale and retail trade; repair of motor vehicles and motorcycles,2021,17.3,0.475
ES,Spain,Wholesale and retail trade; repair of motor vehicles and motorcycles,2022,17.9,0.65
ES,Spain,Wholesale and retail trade; repair of motor vehicles and motorcycles,2023,15.5,0.65
ES,Spain,Wholesale and retail trade; repair of motor vehicles and motorcycles,2024,15.5,0.5
ES,Spain,Wholesale and retail trade; repair of motor vehicles and motorcycles,2025,,0.55
FI,Finland,Accommodation and food service activities,2019,9.8,2.625
FI,Finland,Accommodation and food service activities,2020,10.4,2.0250000000000004
FI,Finland,Accommodation and food service activities,2021,9.1,3.025
FI,Finland,Accommodation and food service activities,2022,8.3,4.675000000000001
FI,Finland,Accommodation and food service activities,2023,8.1,3.8
FI,Finland,Accommodation and food service activities,2024,7.6,2.725
FI,Finland,Accommodation and food service activities,2025,,0.9750000000000001
FI,Finland,Administrative and support service activities,2019,12.1,4.725
FI,Finland,Administrative and support service activities,2020,13.7,4.375
FI,Finland,Administrative and support service activities,2021,12.6,6.824999999999999
FI,Finland,Administrative and support service activities,2022,12.7,6.825
FI,Finland,Administrative and support service activities,2023,14.0,5.05
FI,Finland,Administrative and support service activities,2024,13.3,3.525
FI,Finland,Administrative and support service activities,2025,,3.1
FI,Finland,All NACE activities (except activities of households as employers and as own use producers; activities of extra-territorial organisations and bodies),2019,,2.2
FI,Finland,All NACE activities (except activities of households as employers and as own use producers; activities of extra-territorial organisations and bodies),2020,,1.875
FI,Finland,All NACE activities (except activities of households as employers and as own use producers; activities of extra-territorial organisations and bodies),2021,,2.5749999999999997
FI,Finland,All NACE activities (except activities of households as employers and as own use producers; activities of extra-territorial organisations and bodies),2022,,2.85
FI,Finland,All NACE activities (except activities of households as employers and as own use producers; activities of extra-territorial organisations and bodies),2023,,2.25
FI,Finland,All NACE activities (except activities of households as employers and as own use producers; activities of extra-territorial organisations and bodies),2024,,1.825
FI,Finland,All NACE activities (except activities of households as employers and as own use producers; activities of extra-territorial organisations and bodies),2025,,1.325
FI,Finland,"Arts, entertainment and recreation",2019,11.4,
FI,Finland,"Arts, entertainment and recreation",2020,11.0,
FI,Finland,"Arts, entertainment and recreation",2021,10.2,
FI,Finland,"Arts, entertainment and recreation",2022,5.9,
FI,Finland,"Arts, entertainment and recreation",2023,7.4,
FI,Finland,"Arts, entertainment and recreation",2024,7.2,
FI,Finland,"Arts, entertainment and recreation; other service activities",2019,,1.85
FI,Finland,"Arts, entertainment and recreation; other service activities",2020,,2.15
FI,Finland,"Arts, entertainment and recreation; other service activities",2021,,2.2249999999999996
FI,Finland,"Arts, entertainment and recreation; other service activities",2022,,2.9000000000000004
FI,Finland,"Arts, entertainment and recreation; other service activities",2023,,2.35
FI,Finland,"Arts, entertainment and recreation; other service activities",2024,,2.7249999999999996
FI,Finland,"Arts, entertainment and recreation; other service activities",2025,,2.175
FI,Finland,Business economy,2019,15.9,2.5
FI,Finland,Business economy,2020,16.6,2.0
FI,Finland,Business economy,2021,16.0,2.8999999999999995
FI,Finland,Business economy,2022,15.0,3.125
FI,Finland,Business economy,2023,16.3,2.325
FI,Finland,Business economy,2024,16.0,1.825
FI,Finland,Business economy,2025,,1.3499999999999999
FI,Finland,Construction,2019,1.6,2.45
FI,Finland,Construction,2020,1.7,1.7
FI,Finland,Construction,2021,3.7,2.5999999999999996
FI,Finland,Construction,2022,-0.4,2.475
FI,Finland,Construction,2023,6.6,1.5750000000000002
FI,Finland,Construction,2024,6.3,1.625
FI,Finland,Construction,2025,,1.025
FI,Finland,Education,2019,11.9,1.05
FI,Finland,Education,2020,11.6,1.15
FI,Finland,Education,2021,12.3,1.075
FI,Finland,Education,2022,12.6,1.35
FI,Finland,Education,2023,13.4,1.0
FI,Finland,Education,2024,12.7,0.925
FI,Finland,Education,2025,,0.8
FI,Finland,"Electricity, gas, steam and air conditioning supply",2019,16.3,
FI,Finland,"Electricity, gas, steam and air conditioning supply",2020,13.8,
FI,Finland,"Electricity, gas, steam and air conditioning supply",2021,12.0,
FI,Finland,"Electricity, gas, steam and air conditioning supply",2022,7.9,
FI,Finland,"Electricity, gas, steam and air conditioning supply",2023,9.8,
FI,Finland,"Electricity, gas, steam and air conditioning supply",2024,8.9,
FI,Finland,Financial and insurance activities,2019,28.0,
FI,Finland,Financial and insurance activities,2020,27.0,
FI,Finland,Financial and insurance activities,2021,25.9,
FI,Finland,Financial and insurance activities,2022,25.7,
FI,Finland,Financial and insurance activities,2023,24.9,
FI,Finland,Financial and insurance activities,2024,23.8,
FI,Finland,Human health and social work activities,2019,20.7,1.9500000000000002
FI,Finland,Human health and social work activities,2020,20.6,2.0999999999999996
FI,Finland,Human health and social work activities,2021,21.0,2.45
FI,Finland,Human health and social work activities,2022,19.6,2.925
FI,Finland,Human health and social work activities,2023,19.8,2.8499999999999996
FI,Finland,Human health and social work activities,2024,19.3,1.75
FI,Finland,Human health and social work activities,2025,,1.2750000000000001
FI,Finland,Industry (except construction),2019,,1.375
FI,Finland,Industry (except construction),2020,,1.125
FI,Finland,Industry (except construction),2021,,1.525
FI,Finland,Industry (except construction),2022,,1.9749999999999999
FI,Finland,Industry (except construction),2023,,1.3499999999999999
FI,Finland,Industry (except construction),2024,,1.025
FI,Finland,Industry (except construction),2025,,0.925
FI,Finland,Industry and construction,2019,,1.8250000000000002
FI,Finland,Industry and construction,2020,,1.3
FI,Finland,Industry and construction,2021,,1.875
FI,Finland,Industry and construction,2022,,2.15
FI,Finland,Industry and construction,2023,,1.4250000000000003
FI,Finland,Industry and construction,2024,,1.225
FI,Finland,Industry and construction,2025,,0.9000000000000001
FI,Finland,"Industry, construction and services (except activities of households as employers and extra-territorial organisations and bodies)",2019,16.4,2.2
FI,Finland,"Industry, construction and services (except activities of households as employers and extra-territorial organisations and bodies)",2020,16.6,1.9
FI,Finland,"Industry, construction and services (except activities of households as employers and extra-territorial organisations and bodies)",2021,16.5,2.575
FI,Finland,"Industry, construction and services (except activities of households as employers and extra-territorial organisations and bodies)",2022,15.6,2.875
FI,Finland,"Industry, construction and services (except activities of households as employers and extra-territorial organisations and bodies)",2023,16.4,2.25
FI,Finland,"Industry, construction and services (except activities of households as employers and extra-territorial organisations and bodies)",2024,15.9,1.775
FI,Finland,"Industry, construction and services (except activities of households as employers and extra-territorial organisations and bodies)",2025,,1.3
FI,Finland,"Industry, construction and services (except public administration, defense, compulsory social security)",2019,16.7,
FI,Finland,"Industry, construction and services (except public administration, defense, compulsory social security)",2020,16.9,
FI,Finland,"Industry, construction and services (except public administration, defense, compulsory social security)",2021,16.9,
FI,Finland,"Industry, construction and services (except public administration, defense, compulsory social security)",2022,16.0,
FI,Finland,"Industry, construction and services (except public administration, defense, compulsory social security)",2023,16.8,
FI,Finland,"Industry, construction and services (except public administration, defense, compulsory social security)",2024,16.3,
FI,Finland,Information and communication,2019,13.1,2.9499999999999997
FI,Finland,Information and communication,2020,11.8,2.7
FI,Finland,Information and communication,2021,11.2,4.1
FI,Finland,Information and communication,2022,10.9,4.775
FI,Finland,Information and communication,2023,10.8,3.55
FI,Finland,Information and communication,2024,10.4,3.0
FI,Finland,Information and communication,2025,,1.6
FI,Finland,Manufacturing,2019,8.3,1.375
FI,Finland,Manufacturing,2020,8.8,1.05
FI,Finland,Manufacturing,2021,9.1,1.4000000000000001
FI,Finland,Manufacturing,2022,7.7,1.925
FI,Finland,Manufacturing,2023,9.0,1.275
FI,Finland,Manufacturing,2024,8.8,1.0
FI,Finland,Manufacturing,2025,,0.9
FI,Finland,Mining and quarrying,2019,7.4,
FI,Finland,Mining and quarrying,2020,8.3,
FI,Finland,Mining and quarrying,2021,6.4,
FI,Finland,Mining and quarrying,2022,-3.7,
FI,Finland,Mining and quarrying,2023,-0.1,
FI,Finland,Mining and quarrying,2024,-0.3,
FI,Finland,Other service activities,2019,15.0,
FI,Finland,Other service activities,2020,13.3,
FI,Finland,Other service activities,2021,13.6,
FI,Finland,Other service activities,2022,11.9,
FI,Finland,Other service activities,2023,11.9,
FI,Finland,Other service activities,2024,11.5,
FI,Finland,"Professional, scientific and technical activities",2019,15.3,2.525
FI,Finland,"Professional, scientific and technical activities",2020,15.4,2.15
FI,Finland,"Professional, scientific and technical activities",2021,15.6,2.525
FI,Finland,"Professional, scientific and technical activities",2022,14.5,2.425
FI,Finland,"Professional, scientific and technical activities",2023,15.9,2.2249999999999996
FI,Finland,"Professional, scientific and technical activities",2024,15.7,2.225
FI,Finland,"Professional, scientific and technical activities",2025,,1.3250000000000002
FI,Finland,"Professional, scientific and technical activities; administrative and support service activities",2019,,3.8750000000000004
FI,Finland,"Professional, scientific and technical activities; administrative and support service activities",2020,,3.4250000000000003
FI,Finland,"Professional, scientific and technical activities; administrative and support service activities",2021,,4.875
FI,Finland,"Professional, scientific and technical activities; administrative and support service activities",2022,,4.65
FI,Finland,"Professional, scientific and technical activities; administrative and support service activities",2023,,3.625
FI,Finland,"Professional, scientific and technical activities; administrative and support service activities",2024,,2.9499999999999997
FI,Finland,"Professional, scientific and technical activities; administrative and support service activities",2025,,2.275
FI,Finland,Public administration and defence; compulsory social security,2019,14.0,1.275
FI,Finland,Public administration and defence; compulsory social security,2020,13.6,1.125
FI,Finland,Public administration and defence; compulsory social security,2021,13.3,1.5
FI,Finland,Public administration and defence; compulsory social security,2022,12.5,1.725
FI,Finland,Public administration and defence; compulsory social security,2023,12.2,1.4500000000000002
FI,Finland,Public administration and defence; compulsory social security,2024,11.6,1.5
FI,Finland,Public administration and defence; compulsory social security,2025,,0.975
FI,Finland,"Public administration and defence; compulsory social security; education; human health and social work activities; arts, entertainment and recreation; other service activities",2019,,1.55
FI,Finland,"Public administration and defence; compulsory social security; education; human health and social work activities; arts, entertainment and recreation; other service activities",2020,,1.75
FI,Finland,"Public administration and defence; compulsory social security; education; human health and social work activities; arts, entertainment and recreation; other service activities",2021,,1.975
FI,Finland,"Public administration and defence; compulsory social security; education; human health and social work activities; arts, entertainment and recreation; other service activities",2022,,2.35
FI,Finland,"Public administration and defence; compulsory social security; education; human health and social work activities; arts, entertainment and recreation; other service activities",2023,,2.1
FI,Finland,"Public administration and defence; compulsory social security; education; human health and social work activities; arts, entertainment and recreation; other service activities",2024,,1.5750000000000002
FI,Finland,"Public administration and defence; compulsory social security; education; human health and social work activities; arts, entertainment and recreation; other service activities",2025,,1.175
FI,Finland,"Public administration, defence, education, human health and social work activities",2019,,1.5
FI,Finland,"Public administration, defence, education, human health and social work activities",2020,,1.6749999999999998
FI,Finland,"Public administration, defence, education, human health and social work activities",2021,,1.95
FI,Finland,"Public administration, defence, education, human health and social work activities",2022,,2.3
FI,Finland,"Public administration, defence, education, human health and social work activities",2023,,2.0500000000000003
FI,Finland,"Public administration, defence, education, human health and social work activities",2024,,1.375
FI,Finland,"Public administration, defence, education, human health and social work activities",2025,,1.025
FI,Finland,Real estate activities,2019,17.3,
FI,Finland,Real estate activities,2020,17.6,
FI,Finland,Real estate activities,2021,19.2,
FI,Finland,Real estate activities,2022,17.6,
FI,Finland,Real estate activities,2023,14.9,
FI,Finland,Real estate activities,2024,15.2,
FI,Finland,Services of the business economy,2019,,2.8499999999999996
FI,Finland,Services of the business economy,2020,,2.35
FI,Finland,Services of the business economy,2021,,3.45
FI,Finland,Services of the business economy,2022,,3.6
FI,Finland,Services of the business economy,2023,,2.875
FI,Finland,Services of the business economy,2024,,2.1999999999999997
FI,Finland,Services of the business economy,2025,,1.525
FI,Finland,Transportation and storage,2019,7.1,2.5
FI,Finland,Transportation and storage,2020,6.6,1.4
FI,Finland,Transportation and storage,2021,6.9,2.45
FI,Finland,Transportation and storage,2022,5.5,2.775
FI,Finland,Transportation and storage,2023,6.4,1.725
FI,Finland,Transportation and storage,2024,6.0,1.525
FI,Finland,Transportation and storage,2025,,1.175
FI,Finland,"Water supply; sewerage, waste management and remediation activities",2019,1.1,
FI,Finland,"Water supply; sewerage, waste management and remediation activities",2020,1.9,
FI,Finland,"Water supply; sewerage, waste management and remediation activities",2021,-1.7,
FI,Finland,"Water supply; sewerage, waste management and remediation activities",2022,-6.0,
FI,Finland,"Water supply; sewerage, waste management and remediation activities",2023,-2.3,
FI,Finland,"Water supply; sewerage, waste management and remediation activities",2024,-2.1,
FI,Finland,"Wholesale and retail trade, transport, accommodation and food service activities",2019,,2.325
FI,Finland,"Wholesale and retail trade, transport, accommodation and food service activities",2020,,1.725
FI,Finland,"Wholesale and retail trade, transport, accommodation and food service activities",2021,,2.45
FI,Finland,"Wholesale and retail trade, transport, accommodation and food service activities",2022,,2.7249999999999996
FI,Finland,"Wholesale and retail trade, transport, accommodation and food service activities",2023,,2.125
FI,Finland,"Wholesale and retail trade, transport, accommodation and food service activities",2024,,1.5499999999999998
FI,Finland,"Wholesale and retail trade, transport, accommodation and food service activities",2025,,1.0
FI,Finland,Wholesale and retail trade; repair of motor vehicles and motorcycles,2019,19.2,2.1
FI,Finland,Wholesale and retail trade; repair of motor vehicles and motorcycles,2020,19.5,1.7249999999999999
FI,Finland,Wholesale and retail trade; repair of motor vehicles and motorcycles,2021,19.9,1.8499999999999999
FI,Finland,Wholesale and retail trade; repair of motor vehicles and motorcycles,2022,19.8,2.15
FI,Finland,Wholesale and retail trade; repair of motor vehicles and motorcycles,2023,21.3,2.05
FI,Finland,Wholesale and retail trade; repair of motor vehicles and motorcycles,2024,21.4,1.075
FI,Finland,Wholesale and retail trade; repair of motor vehicles and motorcycles,2025,,0.95
FR,France,Accommodation and food service activities,2019,8.0,4.325
FR,France,Accommodation and food service activities,2020,8.0,3.3000000000000003
FR,France,Accommodation and food service activities,2021,7.3,5.45
FR,France,Accommodation and food service activities,2022,5.9,6.1499999999999995
FR,France,Accommodation and food service activities,2023,4.7,4.925000000000001
FR,France,Accommodation and food service activities,2024,4.2,4.85
FR,France,Accommodation and food service activities,2025,,4.525
FR,France,Administrative and support service activities,2019,6.5,1.8250000000000002
FR,France,Administrative and support service activities,2020,7.6,1.5999999999999999
FR,France,Administrative and support service activities,2021,7.1,2.375
FR,France,Administrative and support service activities,2022,7.3,2.9
FR,France,Administrative and support service activities,2023,6.9,2.425
FR,France,Administrative and support service activities,2024,6.7,2.075
FR,France,Administrative and support service activities,2025,,2.0
FR,France,"Arts, entertainment and recreation",2019,23.0,2.675
FR,France,"Arts, entertainment and recreation",2020,21.7,2.966666666666667
FR,France,"Arts, entertainment and recreation",2021,21.2,4.025
FR,France,"Arts, entertainment and recreation",2022,20.5,4.425
FR,France,"Arts, entertainment and recreation",2023,18.5,4.0
FR,France,"Arts, entertainment and recreation",2024,17.9,3.3249999999999997
FR,France,"Arts, entertainment and recreation",2025,,3.0
FR,France,"Arts, entertainment and recreation; other service activities",2019,,2.95
FR,France,"Arts, entertainment and recreation; other service activities",2020,,3.0999999999999996
FR,France,"Arts, entertainment and recreation; other service activities",2021,,3.5250000000000004
FR,France,"Arts, entertainment and recreation; other service activities",2022,,4.0
FR,France,"Arts, entertainment and recreation; other service activities",2023,,3.8
FR,France,"Arts, entertainment and recreation; other service activities",2024,,3.55
FR,France,"Arts, entertainment and recreation; other service activities",2025,,3.1
FR,France,Business economy,2019,14.1,2.15
FR,France,Business economy,2020,13.7,1.9666666666666668
FR,France,Business economy,2021,13.3,2.6
FR,France,Business economy,2022,13.0,3.2749999999999995
FR,France,Business economy,2023,12.2,3.025
FR,France,Business economy,2024,11.7,2.525
FR,France,Business economy,2025,,2.275
FR,France,Construction,2019,-9.8,2.8249999999999997
FR,France,Construction,2020,-9.7,2.8333333333333335
FR,France,Construction,2021,-10.8,3.45
FR,France,Construction,2022,-11.4,4.025
FR,France,Construction,2023,-11.7,4.05
FR,France,Construction,2024,-11.6,3.0
FR,France,Construction,2025,,2.8
FR,France,Education,2019,14.8,1.5750000000000002
FR,France,Education,2020,12.8,2.1666666666666665
FR,France,Education,2021,11.2,2.125
FR,France,Education,2022,9.9,2.6750000000000003
FR,France,Education,2023,9.6,2.4
FR,France,Education,2024,9.6,2.15
FR,France,Education,2025,,1.7999999999999998
FR,France,"Electricity, gas, steam and air conditioning supply",2019,5.8,0.375
FR,France,"Electricity, gas, steam and air conditioning supply",2020,1.5,0.3333333333333333
FR,France,"Electricity, gas, steam and air conditioning supply",2021,-3.6,0.325
FR,France,"Electricity, gas, steam and air conditioning supply",2022,-8.8,0.7249999999999999
FR,France,"Electricity, gas, steam and air conditioning supply",2023,-9.1,0.85
FR,France,"Electricity, gas, steam and air conditioning supply",2024,-8.7,0.55
FR,France,"Electricity, gas, steam and air conditioning supply",2025,,0.6
FR,France,Financial and insurance activities,2019,31.8,1.3
FR,France,Financial and insurance activities,2020,32.2,1.2
FR,France,Financial and insurance activities,2021,32.8,1.775
FR,France,Financial and insurance activities,2022,32.9,2.125
FR,France,Financial and insurance activities,2023,32.1,2.0500000000000003
FR,France,Financial and insurance activities,2024,31.7,1.85
FR,France,Financial and insurance activities,2025,,1.5250000000000001
FR,France,Human health and social work activities,2019,17.3,2.075
FR,France,Human health and social work activities,2020,13.8,2.5333333333333337
FR,France,Human health and social work activities,2021,11.5,3.025
FR,France,Human health and social work activities,2022,8.6,3.75
FR,France,Human health and social work activities,2023,8.3,3.55
FR,France,Human health and social work activities,2024,8.3,3.25
FR,France,Human health and social work activities,2025,,2.8999999999999995
FR,France,Industry (except construction),2019,,1.475
FR,France,Industry (except construction),2020,,1.2
FR,France,Industry (except construction),2021,,1.875
FR,France,Industry (except construction),2022,,2.575
FR,France,Industry (except construction),2023,,2.45
FR,France,Industry (except construction),2024,,1.9999999999999998
FR,France,Industry (except construction),2025,,1.95
FR,France,Industry and construction,2019,,1.9249999999999998
FR,France,Industry and construction,2020,,1.7666666666666666
FR,France,Industry and construction,2021,,2.4
FR,France,Industry and construction,2022,,3.075
FR,France,Industry and construction,2023,,2.9749999999999996
FR,France,Industry and construction,2024,,2.325
FR,France,Industry and construction,2025,,2.2
FR,France,"Industry, construction and services (except activities of households as employers and extra-territorial organisations and bodies)",2019,15.6,2.125
FR,France,"Industry, construction and services (except activities of households as employers and extra-territorial organisations and bodies)",2020,14.8,2.033333333333333
FR,France,"Industry, construction and services (except activities of households as employers and extra-territorial organisations and bodies)",2021,13.8,2.675
FR,France,"Industry, construction and services (except activities of households as employers and extra-territorial organisations and bodies)",2022,13.2,3.3499999999999996
FR,France,"Industry, construction and services (except activities of households as employers and extra-territorial organisations and bodies)",2023,12.6,3.1
FR,France,"Industry, construction and services (except activities of households as employers and extra-territorial organisations and bodies)",2024,12.2,2.6500000000000004
FR,France,"Industry, construction and services (except activities of households as employers and extra-territorial organisations and bodies)",2025,,2.4000000000000004
FR,France,"Industry, construction and services (except public administration, defense, compulsory social security)",2019,16.0,
FR,France,"Industry, construction and services (except public administration, defense, compulsory social security)",2020,15.0,
FR,France,"Industry, construction and services (except public administration, defense, compulsory social security)",2021,13.7,
FR,France,"Industry, construction and services (except public administration, defense, compulsory social security)",2022,12.8,
FR,France,"Industry, construction and services (except public administration, defense, compulsory social security)",2023,12.3,
FR,France,"Industry, construction and services (except public administration, defense, compulsory social security)",2024,11.8,
FR,France,Information and communication,2019,14.8,3.275
FR,France,Information and communication,2020,13.6,2.5
FR,France,Information and communication,2021,13.0,3.1750000000000003
FR,France,Information and communication,2022,12.5,4.1
FR,France,Information and communication,2023,11.6,3.875
FR,France,Information and communication,2024,11.3,2.675
FR,France,Information and communication,2025,,2.425
FR,France,Manufacturing,2019,13.8,1.5499999999999998
FR,France,Manufacturing,2020,13.1,1.2333333333333334
FR,France,Manufacturing,2021,12.4,1.975
FR,France,Manufacturing,2022,11.8,2.75
FR,France,Manufacturing,2023,11.2,2.575
FR,France,Manufacturing,2024,10.7,2.1
FR,France,Manufacturing,2025,,2.05
FR,France,Mining and quarrying,2019,13.1,1.9999999999999998
FR,France,Mining and quarrying,2020,12.1,1.3333333333333333
FR,France,Mining and quarrying,2021,8.7,1.5999999999999999
FR,France,Mining and quarrying,2022,7.0,1.7999999999999998
FR,France,Mining and quarrying,2023,7.6,1.325
FR,France,Mining and quarrying,2024,6.5,1.075
FR,France,Mining and quarrying,2025,,0.6000000000000001
FR,France,Other service activities,2019,10.8,3.125
FR,France,Other service activities,2020,7.7,3.233333333333333
FR,France,Other service activities,2021,7.1,3.1750000000000003
FR,France,Other service activities,2022,5.3,3.7
FR,France,Other service activities,2023,4.6,3.7
FR,France,Other service activities,2024,3.0,3.675
FR,France,Other service activities,2025,,3.2
FR,France,"Professional, scientific and technical activities",2019,21.9,2.7
FR,France,"Professional, scientific and technical activities",2020,20.7,2.466666666666667
FR,France,"Professional, scientific and technical activities",2021,19.4,3.025
FR,France,"Professional, scientific and technical activities",2022,17.9,3.7750000000000004
FR,France,"Professional, scientific and technical activities",2023,16.7,3.375
FR,France,"Professional, scientific and technical activities",2024,16.0,2.95
FR,France,"Professional, scientific and technical activities",2025,,2.45
FR,France,"Professional, scientific and technical activities; administrative and support service activities",2019,,2.3
FR,France,"Professional, scientific and technical activities; administrative and support service activities",2020,,2.1
FR,France,"Professional, scientific and technical activities; administrative and support service activities",2021,,2.675
FR,France,"Professional, scientific and technical activities; administrative and support service activities",2022,,3.3499999999999996
FR,France,"Professional, scientific and technical activities; administrative and support service activities",2023,,2.9250000000000003
FR,France,"Professional, scientific and technical activities; administrative and support service activities",2024,,2.525
FR,France,"Professional, scientific and technical activities; administrative and support service activities",2025,,2.25
FR,France,Public administration and defence; compulsory social security,2019,10.1,
FR,France,Public administration and defence; compulsory social security,2020,10.1,
FR,France,Public administration and defence; compulsory social security,2021,10.9,
FR,France,Public administration and defence; compulsory social security,2022,12.8,
FR,France,Public administration and defence; compulsory social security,2023,10.2,
FR,France,Public administration and defence; compulsory social security,2024,10.2,
FR,France,"Public administration and defence; compulsory social security; education; human health and social work activities; arts, entertainment and recreation; other service activities",2019,,2.225
FR,France,"Public administration and defence; compulsory social security; education; human health and social work activities; arts, entertainment and recreation; other service activities",2020,,2.6333333333333333
FR,France,"Public administration and defence; compulsory social security; education; human health and social work activities; arts, entertainment and recreation; other service activities",2021,,3.0749999999999997
FR,France,"Public administration and defence; compulsory social security; education; human health and social work activities; arts, entertainment and recreation; other service activities",2022,,3.6999999999999997
FR,France,"Public administration and defence; compulsory social security; education; human health and social work activities; arts, entertainment and recreation; other service activities",2023,,3.5
FR,France,"Public administration and defence; compulsory social security; education; human health and social work activities; arts, entertainment and recreation; other service activities",2024,,3.175
FR,France,"Public administration and defence; compulsory social security; education; human health and social work activities; arts, entertainment and recreation; other service activities",2025,,2.8249999999999997
FR,France,"Public administration, defence, education, human health and social work activities",2019,,1.975
FR,France,"Public administration, defence, education, human health and social work activities",2020,,2.466666666666667
FR,France,"Public administration, defence, education, human health and social work activities",2021,,2.9000000000000004
FR,France,"Public administration, defence, education, human health and social work activities",2022,,3.575
FR,France,"Public administration, defence, education, human health and social work activities",2023,,3.375
FR,France,"Public administration, defence, education, human health and social work activities",2024,,3.0749999999999997
FR,France,"Public administration, defence, education, human health and social work activities",2025,,2.725
FR,France,Real estate activities,2019,15.2,3.1
FR,France,Real estate activities,2020,16.5,3.1999999999999997
FR,France,Real estate activities,2021,16.5,2.8000000000000003
FR,France,Real estate activities,2022,17.4,3.65
FR,France,Real estate activities,2023,16.3,3.65
FR,France,Real estate activities,2024,15.2,2.75
FR,France,Real estate activities,2025,,2.7
FR,France,Services of the business economy,2019,,2.25
FR,France,Services of the business economy,2020,,2.0
FR,France,Services of the business economy,2021,,2.675
FR,France,Services of the business economy,2022,,3.375
FR,France,Services of the business economy,2023,,3.05
FR,France,Services of the business economy,2024,,2.6
FR,France,Services of the business economy,2025,,2.3
FR,France,Transportation and storage,2019,2.2,1.125
FR,France,Transportation and storage,2020,1.2,0.9333333333333332
FR,France,Transportation and storage,2021,1.6,1.325
FR,France,Transportation and storage,2022,1.5,1.925
FR,France,Transportation and storage,2023,1.3,2.1
FR,France,Transportation and storage,2024,1.5,1.8
FR,France,Transportation and storage,2025,,1.725
FR,France,"Water supply; sewerage, waste management and remediation activities",2019,-3.2,0.7749999999999999
FR,France,"Water supply; sewerage, waste management and remediation activities",2020,-4.9,1.4000000000000001
FR,France,"Water supply; sewerage, waste management and remediation activities",2021,-6.0,1.7750000000000001
FR,France,"Water supply; sewerage, waste management and remediation activities",2022,-8.1,2.375
FR,France,"Water supply; sewerage, waste management and remediation activities",2023,-8.2,1.9
FR,France,"Water supply; sewerage, waste management and remediation activities",2024,-7.4,1.5999999999999999
FR,France,"Water supply; sewerage, waste management and remediation activities",2025,,1.7
FR,France,"Wholesale and retail trade, transport, accommodation and food service activities",2019,,2.1
FR,France,"Wholesale and retail trade, transport, accommodation and food service activities",2020,,1.9666666666666668
FR,France,"Wholesale and retail trade, transport, accommodation and food service activities",2021,,2.7
FR,France,"Wholesale and retail trade, transport, accommodation and food service activities",2022,,3.375
FR,France,"Wholesale and retail trade, transport, accommodation and food service activities",2023,,3.05
FR,France,"Wholesale and retail trade, transport, accommodation and food service activities",2024,,2.7
FR,France,"Wholesale and retail trade, transport, accommodation and food service activities",2025,,2.425
FR,France,Wholesale and retail trade; repair of motor vehicles and motorcycles,2019,19.6,1.725
FR,France,Wholesale and retail trade; repair of motor vehicles and motorcycles,2020,18.8,1.8666666666666665
FR,France,Wholesale and retail trade; repair of motor vehicles and motorcycles,2021,18.5,2.25
FR,France,Wholesale and retail trade; repair of motor vehicles and motorcycles,2022,17.6,2.8999999999999995
FR,France,Wholesale and retail trade; repair of motor vehicles and motorcycles,2023,16.3,2.675
FR,France,Wholesale and retail trade; repair of motor vehicles and motorcycles,2024,15.2,2.225
FR,France,Wholesale and retail trade; repair of motor vehicles and motorcycles,2025,,1.875
HR,Croatia,Accommodation and food service activities,2019,11.3,3.15
HR,Croatia,Accommodation and food service activities,2020,10.2,2.2
HR,Croatia,Accommodation and food service activities,2021,11.3,3.9749999999999996
HR,Croatia,Accommodation and food service activities,2022,9.7,3.425
HR,Croatia,Accommodation and food service activities,2023,9.3,2.825
HR,Croatia,Accommodation and food service activities,2024,7.2,2.4
HR,Croatia,Accommodation and food service activities,2025,,2.2249999999999996
HR,Croatia,Administrative and support service activities,2019,8.7,3.275
HR,Croatia,Administrative and support service activities,2020,9.5,1.7750000000000001
HR,Croatia,Administrative and support service activities,2021,10.3,2.675
HR,Croatia,Administrative and support service activities,2022,10.4,3.1500000000000004
HR,Croatia,Administrative and support service activities,2023,7.6,2.8
HR,Croatia,Administrative and support service activities,2024,8.1,2.3
HR,Croatia,Administrative and support service activities,2025,,1.9749999999999999
HR,Croatia,"Agriculture, forestry and fishing",2019,,1.8250000000000002
HR,Croatia,"Agriculture, forestry and fishing",2020,,1.325
HR,Croatia,"Agriculture, forestry and fishing",2021,,1.5499999999999998
HR,Croatia,"Agriculture, forestry and fishing",2022,,1.3749999999999998
HR,Croatia,"Agriculture, forestry and fishing",2023,,1.4249999999999998
HR,Croatia,"Agriculture, forestry and fishing",2024,,1.275
HR,Croatia,"Agriculture, forestry and fishing",2025,,1.225
HR,Croatia,All NACE activities (except activities of households as employers and as own use producers; activities of extra-territorial organisations and bodies),2019,,1.5000000000000002
HR,Croatia,All NACE activities (except activities of households as employers and as own use producers; activities of extra-territorial organisations and bodies),2020,,1.125
HR,Croatia,All NACE activities (except activities of households as employers and as own use producers; activities of extra-territorial organisations and bodies),2021,,1.55
HR,Croatia,All NACE activities (except activities of households as employers and as own use producers; activities of extra-territorial organisations and bodies),2022,,1.575
HR,Croatia,All NACE activities (except activities of households as employers and as own use producers; activities of extra-territorial organisations and bodies),2023,,1.625
HR,Croatia,All NACE activities (except activities of households as employers and as own use producers; activities of extra-territorial organisations and bodies),2024,,1.625
HR,Croatia,All NACE activities (except activities of households as employers and as own use producers; activities of extra-territorial organisations and bodies),2025,,1.475
HR,Croatia,"Arts, entertainment and recreation",2019,15.3,1.2750000000000001
HR,Croatia,"Arts, entertainment and recreation",2020,15.3,0.7999999999999999
HR,Croatia,"Arts, entertainment and recreation",2021,16.0,1.0
HR,Croatia,"Arts, entertainment and recreation",2022,19.0,1.45
HR,Croatia,"Arts, entertainment and recreation",2023,14.8,1.5
HR,Croatia,"Arts, entertainment and recreation",2024,12.2,1.5
HR,Croatia,"Arts, entertainment and recreation",2025,,1.375
HR,Croatia,"Arts, entertainment and recreation; other service activities",2019,,1.8
HR,Croatia,"Arts, entertainment and recreation; other service activities",2020,,1.175
HR,Croatia,"Arts, entertainment and recreation; other service activities",2021,,1.55
HR,Croatia,"Arts, entertainment and recreation; other service activities",2022,,2.125
HR,Croatia,"Arts, entertainment and recreation; other service activities",2023,,1.9
HR,Croatia,"Arts, entertainment and recreation; other service activities",2024,,1.95
HR,Croatia,"Arts, entertainment and recreation; other service activities",2025,,1.725
HR,Croatia,Business economy,2019,12.9,1.4249999999999998
HR,Croatia,Business economy,2020,12.7,0.9750000000000001
HR,Croatia,Business economy,2021,12.4,1.5250000000000001
HR,Croatia,Business economy,2022,10.8,1.5499999999999998
HR,Croatia,Business economy,2023,11.4,1.4500000000000002
HR,Croatia,Business economy,2024,11.3,1.3
HR,Croatia,Business economy,2025,,1.175
HR,Croatia,Construction,2019,-21.6,1.8
HR,Croatia,Construction,2020,-25.2,1.6500000000000001
HR,Croatia,Construction,2021,-27.7,2.275
HR,Croatia,Construction,2022,-31.2,1.8499999999999999
HR,Croatia,Construction,2023,-29.8,1.8
HR,Croatia,Construction,2024,-28.5,1.675
HR,Croatia,Construction,2025,,1.5750000000000002
HR,Croatia,Education,2019,14.5,1.95
HR,Croatia,Education,2020,14.1,1.8
HR,Croatia,Education,2021,13.6,2.025
HR,Croatia,Education,2022,14.3,2.225
HR,Croatia,Education,2023,14.2,2.4250000000000003
HR,Croatia,Education,2024,16.0,2.5
HR,Croatia,Education,2025,,2.75
HR,Croatia,"Electricity, gas, steam and air conditioning supply",2019,0.0,0.15
HR,Croatia,"Electricity, gas, steam and air conditioning supply",2020,-0.4,0.15
HR,Croatia,"Electricity, gas, steam and air conditioning supply",2021,-1.5,0.2
HR,Croatia,"Electricity, gas, steam and air conditioning supply",2022,-3.0,0.2
HR,Croatia,"Electricity, gas, steam and air conditioning supply",2023,-3.1,0.15000000000000002
HR,Croatia,"Electricity, gas, steam and air conditioning supply",2024,-1.9,0.27499999999999997
HR,Croatia,"Electricity, gas, steam and air conditioning supply",2025,,0.2
HR,Croatia,Financial and insurance activities,2019,24.3,0.325
HR,Croatia,Financial and insurance activities,2020,23.8,0.375
HR,Croatia,Financial and insurance activities,2021,22.1,0.3
HR,Croatia,Financial and insurance activities,2022,21.9,0.27499999999999997
HR,Croatia,Financial and insurance activities,2023,23.6,0.22500000000000003
HR,Croatia,Financial and insurance activities,2024,21.8,0.2
HR,Croatia,Financial and insurance activities,2025,,0.175
HR,Croatia,Human health and social work activities,2019,18.9,2.125
HR,Croatia,Human health and social work activities,2020,19.8,1.75
HR,Croatia,Human health and social work activities,2021,20.4,2.2
HR,Croatia,Human health and social work activities,2022,20.3,2.5
HR,Croatia,Human health and social work activities,2023,20.8,3.15
HR,Croatia,Human health and social work activities,2024,20.6,3.5
HR,Croatia,Human health and social work activities,2025,,3.1750000000000003
HR,Croatia,Industry (except construction),2019,,1.1
HR,Croatia,Industry (except construction),2020,,0.875
HR,Croatia,Industry (except construction),2021,,1.2249999999999999
HR,Croatia,Industry (except construction),2022,,1.325
HR,Croatia,Industry (except construction),2023,,1.325
HR,Croatia,Industry (except construction),2024,,1.25
HR,Croatia,Industry (except construction),2025,,1.2
HR,Croatia,Industry and construction,2019,,1.275
HR,Croatia,Industry and construction,2020,,1.05
HR,Croatia,Industry and construction,2021,,1.5
HR,Croatia,Industry and construction,2022,,1.475
HR,Croatia,Industry and construction,2023,,1.4500000000000002
HR,Croatia,Industry and construction,2024,,1.3749999999999998
HR,Croatia,Industry and construction,2025,,1.3
HR,Croatia,"Industry, construction and services (except activities of households as employers and extra-territorial organisations and bodies)",2019,10.1,1.5
HR,Croatia,"Industry, construction and services (except activities of households as employers and extra-territorial organisations and bodies)",2020,9.1,1.075
HR,Croatia,"Industry, construction and services (except activities of households as employers and extra-territorial organisations and bodies)",2021,8.2,1.575
HR,Croatia,"Industry, construction and services (except activities of households as employers and extra-territorial organisations and bodies)",2022,7.3,1.6500000000000001
HR,Croatia,"Industry, construction and services (except activities of households as employers and extra-territorial organisations and bodies)",2023,7.0,1.625
HR,Croatia,"Industry, construction and services (except activities of households as employers and extra-territorial organisations and bodies)",2024,5.9,1.6
HR,Croatia,"Industry, construction and services (except activities of households as employers and extra-territorial organisations and bodies)",2025,,1.45
HR,Croatia,"Industry, construction and services (except public administration, defense, compulsory social security)",2019,10.2,
HR,Croatia,"Industry, construction and services (except public administration, defense, compulsory social security)",2020,8.7,
HR,Croatia,"Industry, construction and services (except public administration, defense, compulsory social security)",2021,7.3,
HR,Croatia,"Industry, construction and services (except public administration, defense, compulsory social security)",2022,7.7,
HR,Croatia,"Industry, construction and services (except public administration, defense, compulsory social security)",2023,7.4,
HR,Croatia,"Industry, construction and services (except public administration, defense, compulsory social security)",2024,6.6,
HR,Croatia,Information and communication,2019,14.6,0.575
HR,Croatia,Information and communication,2020,16.8,0.35
HR,Croatia,Information and communication,2021,19.5,0.5
HR,Croatia,Information and communication,2022,22.3,0.475
HR,Croatia,Information and communication,2023,22.2,0.45
HR,Croatia,Information and communication,2024,21.8,0.4
HR,Croatia,Information and communication,2025,,0.3
HR,Croatia,Manufacturing,2019,19.7,1.225
HR,Croatia,Manufacturing,2020,17.8,0.95
HR,Croatia,Manufacturing,2021,18.0,1.375
HR,Croatia,Manufacturing,2022,15.2,1.375
HR,Croatia,Manufacturing,2023,15.0,1.375
HR,Croatia,Manufacturing,2024,13.5,1.275
HR,Croatia,Manufacturing,2025,,1.275
HR,Croatia,Mining and quarrying,2019,4.7,0.42500000000000004
HR,Croatia,Mining and quarrying,2020,6.3,0.6
HR,Croatia,Mining and quarrying,2021,7.2,0.625
HR,Croatia,Mining and quarrying,2022,9.0,0.5750000000000001
HR,Croatia,Mining and quarrying,2023,11.4,0.7249999999999999
HR,Croatia,Mining and quarrying,2024,11.7,0.525
HR,Croatia,Mining and quarrying,2025,,0.475
HR,Croatia,Other service activities,2019,31.3,2.375
HR,Croatia,Other service activities,2020,30.1,2.0
HR,Croatia,Other service activities,2021,29.6,2.3249999999999997
HR,Croatia,Other service activities,2022,25.3,2.5250000000000004
HR,Croatia,Other service activities,2023,24.0,2.3
HR,Croatia,Other service activities,2024,28.5,2.9000000000000004
HR,Croatia,Other service activities,2025,,2.125
HR,Croatia,"Professional, scientific and technical activities",2019,13.3,1.125
HR,Croatia,"Professional, scientific and technical activities",2020,9.9,0.825
HR,Croatia,"Professional, scientific and technical activities",2021,5.0,1.25
HR,Croatia,"Professional, scientific and technical activities",2022,2.4,1.0
HR,Croatia,"Professional, scientific and technical activities",2023,2.1,1.15
HR,Croatia,"Professional, scientific and technical activities",2024,1.2,1.2
HR,Croatia,"Professional, scientific and technical activities",2025,,0.9500000000000001
HR,Croatia,"Professional, scientific and technical activities; administrative and support service activities",2019,,2.125
HR,Croatia,"Professional, scientific and technical activities; administrative and support service activities",2020,,1.25
HR,Croatia,"Professional, scientific and technical activities; administrative and support service activities",2021,,1.9
HR,Croatia,"Professional, scientific and technical activities; administrative and support service activities",2022,,2.1
HR,Croatia,"Professional, scientific and technical activities; administrative and support service activities",2023,,1.9
HR,Croatia,"Professional, scientific and technical activities; administrative and support service activities",2024,,1.7000000000000002
HR,Croatia,"Professional, scientific and technical activities; administrative and support service activities",2025,,1.4249999999999998
HR,Croatia,Public administration and defence; compulsory social security,2019,8.9,0.95
HR,Croatia,Public administration and defence; compulsory social security,2020,9.3,0.6499999999999999
HR,Croatia,Public administration and defence; compulsory social security,2021,10.4,0.8500000000000001
HR,Croatia,Public administration and defence; compulsory social security,2022,8.7,0.95
HR,Croatia,Public administration and defence; compulsory social security,2023,7.4,0.925
HR,Croatia,Public administration and defence; compulsory social security,2024,9.3,1.3
HR,Croatia,Public administration and defence; compulsory social security,2025,,0.44999999999999996
HR,Croatia,"Public administration and defence; compulsory social security; education; human health and social work activities; arts, entertainment and recreation; other service activities",2019,,1.6750000000000003
HR,Croatia,"Public administration and defence; compulsory social security; education; human health and social work activities; arts, entertainment and recreation; other service activities",2020,,1.375
HR,Croatia,"Public administration and defence; compulsory social security; education; human health and social work activities; arts, entertainment and recreation; other service activities",2021,,1.7
HR,Croatia,"Public administration and defence; compulsory social security; education; human health and social work activities; arts, entertainment and recreation; other service activities",2022,,1.925
HR,Croatia,"Public administration and defence; compulsory social security; education; human health and social work activities; arts, entertainment and recreation; other service activities",2023,,2.125
HR,Croatia,"Public administration and defence; compulsory social security; education; human health and social work activities; arts, entertainment and recreation; other service activities",2024,,2.3499999999999996
HR,Croatia,"Public administration and defence; compulsory social security; education; human health and social work activities; arts, entertainment and recreation; other service activities",2025,,2.1
HR,Croatia,"Public administration, defence, education, human health and social work activities",2019,,1.6500000000000001
HR,Croatia,"Public administration, defence, education, human health and social work activities",2020,,1.4
HR,Croatia,"Public administration, defence, education, human health and social work activities",2021,,1.7
HR,Croatia,"Public administration, defence, education, human health and social work activities",2022,,1.9
HR,Croatia,"Public administration, defence, education, human health and social work activities",2023,,2.1500000000000004
HR,Croatia,"Public administration, defence, education, human health and social work activities",2024,,2.425
HR,Croatia,"Public administration, defence, education, human health and social work activities",2025,,2.1500000000000004
HR,Croatia,Real estate activities,2019,1.9,0.925
HR,Croatia,Real estate activities,2020,1.8,0.525
HR,Croatia,Real estate activities,2021,1.1,1.075
HR,Croatia,Real estate activities,2022,1.2,1.5499999999999998
HR,Croatia,Real estate activities,2023,1.6,1.45
HR,Croatia,Real estate activities,2024,-2.2,1.2
HR,Croatia,Real estate activities,2025,,1.15
HR,Croatia,Services of the business economy,2019,,1.5
HR,Croatia,Services of the business economy,2020,,0.925
HR,Croatia,Services of the business economy,2021,,1.5
HR,Croatia,Services of the business economy,2022,,1.625
HR,Croatia,Services of the business economy,2023,,1.4249999999999998
HR,Croatia,Services of the business economy,2024,,1.3
HR,Croatia,Services of the business economy,2025,,1.125
HR,Croatia,Transportation and storage,2019,2.1,1.05
HR,Croatia,Transportation and storage,2020,3.3,0.575
HR,Croatia,Transportation and storage,2021,4.7,1.025
HR,Croatia,Transportation and storage,2022,5.8,1.05
HR,Croatia,Transportation and storage,2023,9.2,1.075
HR,Croatia,Transportation and storage,2024,8.0,1.025
HR,Croatia,Transportation and storage,2025,,0.95
HR,Croatia,"Water supply; sewerage, waste management and remediation activities",2019,-3.5,0.575
HR,Croatia,"Water supply; sewerage, waste management and remediation activities",2020,-3.3,0.425
HR,Croatia,"Water supply; sewerage, waste management and remediation activities",2021,-2.1,0.6
HR,Croatia,"Water supply; sewerage, waste management and remediation activities",2022,-2.6,1.05
HR,Croatia,"Water supply; sewerage, waste management and remediation activities",2023,-1.5,1.35
HR,Croatia,"Water supply; sewerage, waste management and remediation activities",2024,-3.5,1.525
HR,Croatia,"Water supply; sewerage, waste management and remediation activities",2025,,1.2
HR,Croatia,"Wholesale and retail trade, transport, accommodation and food service activities",2019,,1.5
HR,Croatia,"Wholesale and retail trade, transport, accommodation and food service activities",2020,,0.9750000000000001
HR,Croatia,"Wholesale and retail trade, transport, accommodation and food service activities",2021,,1.625
HR,Croatia,"Wholesale and retail trade, transport, accommodation and food service activities",2022,,1.7000000000000002
HR,Croatia,"Wholesale and retail trade, transport, accommodation and food service activities",2023,,1.525
HR,Croatia,"Wholesale and retail trade, transport, accommodation and food service activities",2024,,1.325
HR,Croatia,"Wholesale and retail trade, transport, accommodation and food service activities",2025,,1.2
HR,Croatia,Wholesale and retail trade; repair of motor vehicles and motorcycles,2019,20.3,1.15
HR,Croatia,Wholesale and retail trade; repair of motor vehicles and motorcycles,2020,20.9,0.675
HR,Croatia,Wholesale and retail trade; repair of motor vehicles and motorcycles,2021,21.4,1.05
HR,Croatia,Wholesale and retail trade; repair of motor vehicles and motorcycles,2022,21.9,1.2
HR,Croatia,Wholesale and retail trade; repair of motor vehicles and motorcycles,2023,21.8,1.225
HR,Croatia,Wholesale and retail trade; repair of motor vehicles and motorcycles,2024,24.3,1.1
HR,Croatia,Wholesale and retail trade; repair of motor vehicles and motorcycles,2025,,0.875
HU,Hungary,Accommodation and food service activities,2019,11.1,2.3999999999999995
HU,Hungary,Accommodation and food service activities,2020,12.4,1.375
HU,Hungary,Accommodation and food service activities,2021,9.8,1.775
HU,Hungary,Accommodation and food service activities,2022,9.3,1.9
HU,Hungary,Accommodation and food service activities,2023,11.0,1.65
HU,Hungary,Accommodation and food service activities,2024,7.4,1.55
HU,Hungary,Accommodation and food service activities,2025,,1.175
HU,Hungary,Administrative and support service activities,2019,7.7,3.775
HU,Hungary,Administrative and support service activities,2020,7.5,3.25
HU,Hungary,Administrative and support service activities,2021,10.0,4.675
HU,Hungary,Administrative and support service activities,2022,12.5,5.625
HU,Hungary,Administrative and support service activities,2023,7.3,4.925
HU,Hungary,Administrative and support service activities,2024,11.5,3.9
HU,Hungary,Administrative and support service activities,2025,,4.199999999999999
HU,Hungary,"Agriculture, forestry and fishing",2019,,1.15
HU,Hungary,"Agriculture, forestry and fishing",2020,,0.85
HU,Hungary,"Agriculture, forestry and fishing",2021,,0.9750000000000001
HU,Hungary,"Agriculture, forestry and fishing",2022,,0.9500000000000001
HU,Hungary,"Agriculture, forestry and fishing",2023,,1.05
HU,Hungary,"Agriculture, forestry and fishing",2024,,1.1
HU,Hungary,"Agriculture, forestry and fishing",2025,,0.9750000000000001
HU,Hungary,All NACE activities (except activities of households as employers and as own use producers; activities of extra-territorial organisations and bodies),2019,,2.45
HU,Hungary,All NACE activities (except activities of households as employers and as own use producers; activities of extra-territorial organisations and bodies),2020,,1.95
HU,Hungary,All NACE activities (except activities of households as employers and as own use producers; activities of extra-territorial organisations and bodies),2021,,2.3
HU,Hungary,All NACE activities (except activities of households as employers and as own use producers; activities of extra-territorial organisations and bodies),2022,,2.75
HU,Hungary,All NACE activities (except activities of households as employers and as own use producers; activities of extra-territorial organisations and bodies),2023,,2.4
HU,Hungary,All NACE activities (except activities of households as employers and as own use producers; activities of extra-territorial organisations and bodies),2024,,2.125
HU,Hungary,All NACE activities (except activities of households as employers and as own use producers; activities of extra-territorial organisations and bodies),2025,,2.05
HU,Hungary,"Arts, entertainment and recreation",2019,33.9,1.4500000000000002
HU,Hungary,"Arts, entertainment and recreation",2020,28.8,1.325
HU,Hungary,"Arts, entertainment and recreation",2021,30.3,1.525
HU,Hungary,"Arts, entertainment and recreation",2022,27.6,1.425
HU,Hungary,"Arts, entertainment and recreation",2023,27.0,1.4
HU,Hungary,"Arts, entertainment and recreation",2024,25.8,1.125
HU,Hungary,"Arts, entertainment and recreation",2025,,1.475
HU,Hungary,"Arts, entertainment and recreation; other service activities",2019,,1.7000000000000002
HU,Hungary,"Arts, entertainment and recreation; other service activities",2020,,1.45
HU,Hungary,"Arts, entertainment and recreation; other service activities",2021,,1.5250000000000001
HU,Hungary,"Arts, entertainment and recreation; other service activities",2022,,1.5
HU,Hungary,"Arts, entertainment and recreation; other service activities",2023,,1.45
HU,Hungary,"Arts, entertainment and recreation; other service activities",2024,,1.15
HU,Hungary,"Arts, entertainment and recreation; other service activities",2025,,1.2750000000000001
HU,Hungary,Business economy,2019,15.5,2.425
HU,Hungary,Business economy,2020,15.3,1.75
HU,Hungary,Business economy,2021,16.2,2.25
HU,Hungary,Business economy,2022,16.8,2.7
HU,Hungary,Business economy,2023,16.8,2.2750000000000004
HU,Hungary,Business economy,2024,17.9,1.875
HU,Hungary,Business economy,2025,,1.775
HU,Hungary,Construction,2019,-2.8,2.625
HU,Hungary,Construction,2020,-2.5,1.65
HU,Hungary,Construction,2021,-3.1,1.875
HU,Hungary,Construction,2022,-3.9,1.7499999999999998
HU,Hungary,Construction,2023,-4.0,1.5499999999999998
HU,Hungary,Construction,2024,0.8,1.375
HU,Hungary,Construction,2025,,0.975
HU,Hungary,Education,2019,12.4,1.65
HU,Hungary,Education,2020,12.3,1.875
HU,Hungary,Education,2021,19.7,2.05
HU,Hungary,Education,2022,21.8,2.3499999999999996
HU,Hungary,Education,2023,19.9,2.4749999999999996
HU,Hungary,Education,2024,17.2,2.25
HU,Hungary,Education,2025,,2.05
HU,Hungary,"Electricity, gas, steam and air conditioning supply",2019,20.4,1.525
HU,Hungary,"Electricity, gas, steam and air conditioning supply",2020,20.5,0.9000000000000001
HU,Hungary,"Electricity, gas, steam and air conditioning supply",2021,18.3,1.5
HU,Hungary,"Electricity, gas, steam and air conditioning supply",2022,14.3,1.7999999999999998
HU,Hungary,"Electricity, gas, steam and air conditioning supply",2023,23.5,2.275
HU,Hungary,"Electricity, gas, steam and air conditioning supply",2024,23.1,2.0
HU,Hungary,"Electricity, gas, steam and air conditioning supply",2025,,1.85
HU,Hungary,Financial and insurance activities,2019,34.2,2.05
HU,Hungary,Financial and insurance activities,2020,36.1,1.725
HU,Hungary,Financial and insurance activities,2021,34.2,2.5
HU,Hungary,Financial and insurance activities,2022,35.3,2.825
HU,Hungary,Financial and insurance activities,2023,34.7,2.7750000000000004
HU,Hungary,Financial and insurance activities,2024,40.3,2.95
HU,Hungary,Financial and insurance activities,2025,,2.6250000000000004
HU,Hungary,Human health and social work activities,2019,-3.2,4.125
HU,Hungary,Human health and social work activities,2020,-5.4,3.9000000000000004
HU,Hungary,Human health and social work activities,2021,12.1,3.625
HU,Hungary,Human health and social work activities,2022,18.4,3.975
HU,Hungary,Human health and social work activities,2023,25.4,3.9000000000000004
HU,Hungary,Human health and social work activities,2024,21.2,3.8
HU,Hungary,Human health and social work activities,2025,,3.7249999999999996
HU,Hungary,Industry (except construction),2019,,2.5500000000000003
HU,Hungary,Industry (except construction),2020,,1.975
HU,Hungary,Industry (except construction),2021,,2.4
HU,Hungary,Industry (except construction),2022,,2.8999999999999995
HU,Hungary,Industry (except construction),2023,,2.375
HU,Hungary,Industry (except construction),2024,,1.8499999999999999
HU,Hungary,Industry (except construction),2025,,1.775
HU,Hungary,Industry and construction,2019,,2.575
HU,Hungary,Industry and construction,2020,,1.9
HU,Hungary,Industry and construction,2021,,2.2750000000000004
HU,Hungary,Industry and construction,2022,,2.675
HU,Hungary,Industry and construction,2023,,2.2
HU,Hungary,Industry and construction,2024,,1.75
HU,Hungary,Industry and construction,2025,,1.625
HU,Hungary,"Industry, construction and services (except activities of households as employers and extra-territorial organisations and bodies)",2019,16.7,2.475
HU,Hungary,"Industry, construction and services (except activities of households as employers and extra-territorial organisations and bodies)",2020,15.6,2.0
HU,Hungary,"Industry, construction and services (except activities of households as employers and extra-territorial organisations and bodies)",2021,15.6,2.325
HU,Hungary,"Industry, construction and services (except activities of households as employers and extra-territorial organisations and bodies)",2022,16.5,2.75
HU,Hungary,"Industry, construction and services (except activities of households as employers and extra-territorial organisations and bodies)",2023,16.9,2.45
HU,Hungary,"Industry, construction and services (except activities of households as employers and extra-territorial organisations and bodies)",2024,16.4,2.1750000000000003
HU,Hungary,"Industry, construction and services (except activities of households as employers and extra-territorial organisations and bodies)",2025,,2.05
HU,Hungary,"Industry, construction and services (except public administration, defense, compulsory social security)",2019,18.2,
HU,Hungary,"Industry, construction and services (except public administration, defense, compulsory social security)",2020,17.1,
HU,Hungary,"Industry, construction and services (except public administration, defense, compulsory social security)",2021,17.2,
HU,Hungary,"Industry, construction and services (except public administration, defense, compulsory social security)",2022,17.5,
HU,Hungary,"Industry, construction and services (except public administration, defense, compulsory social security)",2023,17.8,
HU,Hungary,"Industry, construction and services (except public administration, defense, compulsory social security)",2024,16.9,
HU,Hungary,Information and communication,2019,23.8,3.2749999999999995
HU,Hungary,Information and communication,2020,25.3,2.15
HU,Hungary,Information and communication,2021,25.0,2.8249999999999997
HU,Hungary,Information and communication,2022,26.3,3.425
HU,Hungary,Information and communication,2023,30.2,2.4
HU,Hungary,Information and communication,2024,27.8,1.8499999999999999
HU,Hungary,Information and communication,2025,,1.85
HU,Hungary,Manufacturing,2019,22.9,2.625
HU,Hungary,Manufacturing,2020,22.9,2.075
HU,Hungary,Manufacturing,2021,24.0,2.4749999999999996
HU,Hungary,Manufacturing,2022,23.2,3.0250000000000004
HU,Hungary,Manufacturing,2023,22.4,2.4
HU,Hungary,Manufacturing,2024,23.6,1.8499999999999999
HU,Hungary,Manufacturing,2025,,1.7999999999999998
HU,Hungary,Mining and quarrying,2019,4.6,1.775
HU,Hungary,Mining and quarrying,2020,1.7,1.475
HU,Hungary,Mining and quarrying,2021,1.2,1.85
HU,Hungary,Mining and quarrying,2022,9.5,1.45
HU,Hungary,Mining and quarrying,2023,21.0,0.825
HU,Hungary,Mining and quarrying,2024,19.4,0.325
HU,Hungary,Mining and quarrying,2025,,0.47500000000000003
HU,Hungary,Other service activities,2019,17.3,2.05
HU,Hungary,Other service activities,2020,16.4,1.5500000000000003
HU,Hungary,Other service activities,2021,22.4,1.35
HU,Hungary,Other service activities,2022,13.4,1.5250000000000001
HU,Hungary,Other service activities,2023,11.6,1.425
HU,Hungary,Other service activities,2024,10.5,1.2000000000000002
HU,Hungary,Other service activities,2025,,0.925
HU,Hungary,"Professional, scientific and technical activities",2019,17.3,2.175
HU,Hungary,"Professional, scientific and technical activities",2020,22.3,1.5499999999999998
HU,Hungary,"Professional, scientific and technical activities",2021,19.3,2.0999999999999996
HU,Hungary,"Professional, scientific and technical activities",2022,20.8,2.6999999999999997
HU,Hungary,"Professional, scientific and technical activities",2023,21.6,2.075
HU,Hungary,"Professional, scientific and technical activities",2024,21.6,2.05
HU,Hungary,"Professional, scientific and technical activities",2025,,1.4250000000000003
HU,Hungary,"Professional, scientific and technical activities; administrative and support service activities",2019,,3.175
HU,Hungary,"Professional, scientific and technical activities; administrative and support service activities",2020,,2.5
HU,Hungary,"Professional, scientific and technical activities; administrative and support service activities",2021,,3.6000000000000005
HU,Hungary,"Professional, scientific and technical activities; administrative and support service activities",2022,,4.3999999999999995
HU,Hungary,"Professional, scientific and technical activities; administrative and support service activities",2023,,3.75
HU,Hungary,"Professional, scientific and technical activities; administrative and support service activities",2024,,3.1250000000000004
HU,Hungary,"Professional, scientific and technical activities; administrative and support service activities",2025,,3.075
HU,Hungary,Public administration and defence; compulsory social security,2019,7.5,2.4
HU,Hungary,Public administration and defence; compulsory social security,2020,5.4,2.525
HU,Hungary,Public administration and defence; compulsory social security,2021,3.0,2.65
HU,Hungary,Public administration and defence; compulsory social security,2022,9.6,3.175
HU,Hungary,Public administration and defence; compulsory social security,2023,7.7,3.0
HU,Hungary,Public administration and defence; compulsory social security,2024,10.1,3.3249999999999997
HU,Hungary,Public administration and defence; compulsory social security,2025,,3.55
HU,Hungary,"Public administration and defence; compulsory social security; education; human health and social work activities; arts, entertainment and recreation; other service activities",2019,,2.6
HU,Hungary,"Public administration and defence; compulsory social security; education; human health and social work activities; arts, entertainment and recreation; other service activities",2020,,2.6
HU,Hungary,"Public administration and defence; compulsory social security; education; human health and social work activities; arts, entertainment and recreation; other service activities",2021,,2.625
HU,Hungary,"Public administration and defence; compulsory social security; education; human health and social work activities; arts, entertainment and recreation; other service activities",2022,,2.975
HU,Hungary,"Public administration and defence; compulsory social security; education; human health and social work activities; arts, entertainment and recreation; other service activities",2023,,2.95
HU,Hungary,"Public administration and defence; compulsory social security; education; human health and social work activities; arts, entertainment and recreation; other service activities",2024,,2.875
HU,Hungary,"Public administration and defence; compulsory social security; education; human health and social work activities; arts, entertainment and recreation; other service activities",2025,,2.825
HU,Hungary,"Public administration, defence, education, human health and social work activities",2019,,2.6500000000000004
HU,Hungary,"Public administration, defence, education, human health and social work activities",2020,,2.7249999999999996
HU,Hungary,"Public administration, defence, education, human health and social work activities",2021,,2.725
HU,Hungary,"Public administration, defence, education, human health and social work activities",2022,,3.1
HU,Hungary,"Public administration, defence, education, human health and social work activities",2023,,3.075
HU,Hungary,"Public administration, defence, education, human health and social work activities",2024,,3.025
HU,Hungary,"Public administration, defence, education, human health and social work activities",2025,,3.0
HU,Hungary,Real estate activities,2019,7.7,1.325
HU,Hungary,Real estate activities,2020,14.9,0.7749999999999999
HU,Hungary,Real estate activities,2021,6.5,1.0750000000000002
HU,Hungary,Real estate activities,2022,7.5,1.1749999999999998
HU,Hungary,Real estate activities,2023,8.8,1.475
HU,Hungary,Real estate activities,2024,-0.2,1.85
HU,Hungary,Real estate activities,2025,,2.6
HU,Hungary,Services of the business economy,2019,,2.35
HU,Hungary,Services of the business economy,2020,,1.6750000000000003
HU,Hungary,Services of the business economy,2021,,2.1750000000000003
HU,Hungary,Services of the business economy,2022,,2.65
HU,Hungary,Services of the business economy,2023,,2.3
HU,Hungary,Services of the business economy,2024,,1.95
HU,Hungary,Services of the business economy,2025,,1.85
HU,Hungary,Transportation and storage,2019,-4.9,2.55
HU,Hungary,Transportation and storage,2020,-6.6,1.725
HU,Hungary,Transportation and storage,2021,-3.7,1.85
HU,Hungary,Transportation and storage,2022,-4.0,2.4
HU,Hungary,Transportation and storage,2023,-2.8,2.25
HU,Hungary,Transportation and storage,2024,-3.1,1.6999999999999997
HU,Hungary,Transportation and storage,2025,,1.525
HU,Hungary,"Water supply; sewerage, waste management and remediation activities",2019,10.6,1.85
HU,Hungary,"Water supply; sewerage, waste management and remediation activities",2020,2.2,1.4
HU,Hungary,"Water supply; sewerage, waste management and remediation activities",2021,-0.1,1.5750000000000002
HU,Hungary,"Water supply; sewerage, waste management and remediation activities",2022,3.8,1.9
HU,Hungary,"Water supply; sewerage, waste management and remediation activities",2023,1.9,2.275
HU,Hungary,"Water supply; sewerage, waste management and remediation activities",2024,4.5,1.9249999999999998
HU,Hungary,"Water supply; sewerage, waste management and remediation activities",2025,,1.525
HU,Hungary,"Wholesale and retail trade, transport, accommodation and food service activities",2019,,2.0
HU,Hungary,"Wholesale and retail trade, transport, accommodation and food service activities",2020,,1.2000000000000002
HU,Hungary,"Wholesale and retail trade, transport, accommodation and food service activities",2021,,1.4249999999999998
HU,Hungary,"Wholesale and retail trade, transport, accommodation and food service activities",2022,,1.775
HU,Hungary,"Wholesale and retail trade, transport, accommodation and food service activities",2023,,1.55
HU,Hungary,"Wholesale and retail trade, transport, accommodation and food service activities",2024,,1.2999999999999998
HU,Hungary,"Wholesale and retail trade, transport, accommodation and food service activities",2025,,1.125
HU,Hungary,Wholesale and retail trade; repair of motor vehicles and motorcycles,2019,16.6,1.575
HU,Hungary,Wholesale and retail trade; repair of motor vehicles and motorcycles,2020,16.2,0.875
HU,Hungary,Wholesale and retail trade; repair of motor vehicles and motorcycles,2021,16.3,1.1
HU,Hungary,Wholesale and retail trade; repair of motor vehicles and motorcycles,2022,18.0,1.4
HU,Hungary,Wholesale and retail trade; repair of motor vehicles and motorcycles,2023,16.9,1.125
HU,Hungary,Wholesale and retail trade; repair of motor vehicles and motorcycles,2024,17.6,1.025
HU,Hungary,Wholesale and retail trade; repair of motor vehicles and motorcycles,2025,,0.95
IE,Ireland,Accommodation and food service activities,2019,,1.125
IE,Ireland,Accommodation and food service activities,2020,,0.42500000000000004
IE,Ireland,Accommodation and food service activities,2021,,1.05
IE,Ireland,Accommodation and food service activities,2022,10.7,0.8500000000000001
IE,Ireland,Accommodation and food service activities,2023,,0.625
IE,Ireland,Accommodation and food service activities,2024,,0.6
IE,Ireland,Accommodation and food service activities,2025,,0.4
IE,Ireland,Administrative and support service activities,2019,,0.975
IE,Ireland,Administrative and support service activities,2020,,0.8500000000000001
IE,Ireland,Administrative and support service activities,2021,,1.6750000000000003
IE,Ireland,Administrative and support service activities,2022,15.0,1.4
IE,Ireland,Administrative and support service activities,2023,,0.8250000000000001
IE,Ireland,Administrative and support service activities,2024,,1.0
IE,Ireland,Administrative and support service activities,2025,,0.825
IE,Ireland,"Arts, entertainment and recreation",2019,,1.125
IE,Ireland,"Arts, entertainment and recreation",2020,,0.5
IE,Ireland,"Arts, entertainment and recreation",2021,,1.275
IE,Ireland,"Arts, entertainment and recreation",2022,16.7,1.4
IE,Ireland,"Arts, entertainment and recreation",2023,,0.8499999999999999
IE,Ireland,"Arts, entertainment and recreation",2024,,0.9000000000000001
IE,Ireland,"Arts, entertainment and recreation",2025,,0.45
IE,Ireland,"Arts, entertainment and recreation; other service activities",2019,,0.95
IE,Ireland,"Arts, entertainment and recreation; other service activities",2020,,0.8250000000000001
IE,Ireland,"Arts, entertainment and recreation; other service activities",2021,,1.1500000000000001
IE,Ireland,"Arts, entertainment and recreation; other service activities",2022,,1.7999999999999998
IE,Ireland,"Arts, entertainment and recreation; other service activities",2023,,1.1749999999999998
IE,Ireland,"Arts, entertainment and recreation; other service activities",2024,,0.75
IE,Ireland,"Arts, entertainment and recreation; other service activities",2025,,0.55
IE,Ireland,Business economy,2019,18.2,1.1
IE,Ireland,Business economy,2020,16.1,0.675
IE,Ireland,Business economy,2021,16.8,1.325
IE,Ireland,Business economy,2022,16.7,1.5250000000000001
IE,Ireland,Business economy,2023,15.8,1.05
IE,Ireland,Business economy,2024,15.1,1.025
IE,Ireland,Business economy,2025,,1.05
IE,Ireland,Construction,2019,,0.95
IE,Ireland,Construction,2020,,0.25
IE,Ireland,Construction,2021,,1.025
IE,Ireland,Construction,2022,9.8,1.275
IE,Ireland,Construction,2023,,0.675
IE,Ireland,Construction,2024,,0.9500000000000001
IE,Ireland,Construction,2025,,1.35
IE,Ireland,Education,2019,,0.8250000000000001
IE,Ireland,Education,2020,,0.9500000000000001
IE,Ireland,Education,2021,,1.025
IE,Ireland,Education,2022,1.1,1.5499999999999998
IE,Ireland,Education,2023,,1.3249999999999997
IE,Ireland,Education,2024,,1.3499999999999999
IE,Ireland,Education,2025,,0.95
IE,Ireland,"Electricity, gas, steam and air conditioning supply",2019,,0.775
IE,Ireland,"Electricity, gas, steam and air conditioning supply",2020,,0.0
IE,Ireland,"Electricity, gas, steam and air conditioning supply",2021,,0.325
IE,Ireland,"Electricity, gas, steam and air conditioning supply",2022,11.2,0.0
IE,Ireland,"Electricity, gas, steam and air conditioning supply",2023,,0.0
IE,Ireland,"Electricity, gas, steam and air conditioning supply",2024,,0.525
IE,Ireland,"Electricity, gas, steam and air conditioning supply",2025,,0.4
IE,Ireland,Financial and insurance activities,2019,,2.0
IE,Ireland,Financial and insurance activities,2020,,1.275
IE,Ireland,Financial and insurance activities,2021,,2.275
IE,Ireland,Financial and insurance activities,2022,21.7,3.5
IE,Ireland,Financial and insurance activities,2023,,2.075
IE,Ireland,Financial and insurance activities,2024,,1.7000000000000002
IE,Ireland,Financial and insurance activities,2025,,1.7
IE,Ireland,Human health and social work activities,2019,,0.575
IE,Ireland,Human health and social work activities,2020,,0.6499999999999999
IE,Ireland,Human health and social work activities,2021,,0.775
IE,Ireland,Human health and social work activities,2022,8.1,0.975
IE,Ireland,Human health and social work activities,2023,,1.1500000000000001
IE,Ireland,Human health and social work activities,2024,,0.8500000000000001
IE,Ireland,Human health and social work activities,2025,,0.875
IE,Ireland,Industry (except construction),2019,,0.75
IE,Ireland,Industry (except construction),2020,,0.575
IE,Ireland,Industry (except construction),2021,,1.025
IE,Ireland,Industry (except construction),2022,,1.025
IE,Ireland,Industry (except construction),2023,,0.8750000000000001
IE,Ireland,Industry (except construction),2024,,0.95
IE,Ireland,Industry (except construction),2025,,0.7499999999999999
IE,Ireland,Industry and construction,2019,,0.825
IE,Ireland,Industry and construction,2020,,0.475
IE,Ireland,Industry and construction,2021,,1.025
IE,Ireland,Industry and construction,2022,,1.0750000000000002
IE,Ireland,Industry and construction,2023,,0.8
IE,Ireland,Industry and construction,2024,,0.95
IE,Ireland,Industry and construction,2025,,0.9750000000000001
IE,Ireland,"Industry, construction and services (except activities of households as employers and extra-territorial organisations and bodies)",2019,10.4,1.05
IE,Ireland,"Industry, construction and services (except activities of households as employers and extra-territorial organisations and bodies)",2020,8.9,0.7999999999999999
IE,Ireland,"Industry, construction and services (except activities of households as employers and extra-territorial organisations and bodies)",2021,9.8,1.3
IE,Ireland,"Industry, construction and services (except activities of households as employers and extra-territorial organisations and bodies)",2022,9.0,1.5500000000000003
IE,Ireland,"Industry, construction and services (except activities of households as employers and extra-territorial organisations and bodies)",2023,8.4,1.275
IE,Ireland,"Industry, construction and services (except activities of households as employers and extra-territorial organisations and bodies)",2024,8.0,1.2
IE,Ireland,"Industry, construction and services (except activities of households as employers and extra-territorial organisations and bodies)",2025,,1.3
IE,Ireland,"Industry, construction and services (except public administration, defense, compulsory social security)",2019,10.3,
IE,Ireland,"Industry, construction and services (except public administration, defense, compulsory social security)",2020,9.0,
IE,Ireland,"Industry, construction and services (except public administration, defense, compulsory social security)",2021,9.9,
IE,Ireland,"Industry, construction and services (except public administration, defense, compulsory social security)",2022,9.3,
IE,Ireland,"Industry, construction and services (except public administration, defense, compulsory social security)",2023,8.6,
IE,Ireland,"Industry, construction and services (except public administration, defense, compulsory social security)",2024,8.3,
IE,Ireland,Information and communication,2019,,1.6249999999999998
IE,Ireland,Information and communication,2020,,1.35
IE,Ireland,Information and communication,2021,,2.0
IE,Ireland,Information and communication,2022,16.8,1.9249999999999998
IE,Ireland,Information and communication,2023,,1.1
IE,Ireland,Information and communication,2024,,1.3499999999999999
IE,Ireland,Information and communication,2025,,1.725
IE,Ireland,Manufacturing,2019,,0.75
IE,Ireland,Manufacturing,2020,,0.6
IE,Ireland,Manufacturing,2021,,1.0750000000000002
IE,Ireland,Manufacturing,2022,9.5,1.05
IE,Ireland,Manufacturing,2023,,0.8500000000000001
IE,Ireland,Manufacturing,2024,,0.9500000000000001
IE,Ireland,Manufacturing,2025,,0.7749999999999999
IE,Ireland,Mining and quarrying,2019,,0.0
IE,Ireland,Mining and quarrying,2020,,0.0
IE,Ireland,Mining and quarrying,2021,,0.0
IE,Ireland,Mining and quarrying,2022,10.5,0.5
IE,Ireland,Mining and quarrying,2023,,0.8
IE,Ireland,Mining and quarrying,2024,,0.425
IE,Ireland,Mining and quarrying,2025,,0.0
IE,Ireland,Other service activities,2019,,0.9
IE,Ireland,Other service activities,2020,,0.8500000000000001
IE,Ireland,Other service activities,2021,,1.125
IE,Ireland,Other service activities,2022,8.3,2.325
IE,Ireland,Other service activities,2023,,1.775
IE,Ireland,Other service activities,2024,,0.625
IE,Ireland,Other service activities,2025,,0.725
IE,Ireland,"Professional, scientific and technical activities",2019,,2.9
IE,Ireland,"Professional, scientific and technical activities",2020,,1.525
IE,Ireland,"Professional, scientific and technical activities",2021,,2.575
IE,Ireland,"Professional, scientific and technical activities",2022,12.7,3.825
IE,Ireland,"Professional, scientific and technical activities",2023,,2.3499999999999996
IE,Ireland,"Professional, scientific and technical activities",2024,,2.225
IE,Ireland,"Professional, scientific and technical activities",2025,,2.2249999999999996
IE,Ireland,"Professional, scientific and technical activities; administrative and support service activities",2019,,1.925
IE,Ireland,"Professional, scientific and technical activities; administrative and support service activities",2020,,1.25
IE,Ireland,"Professional, scientific and technical activities; administrative and support service activities",2021,,2.175
IE,Ireland,"Professional, scientific and technical activities; administrative and support service activities",2022,,2.7
IE,Ireland,"Professional, scientific and technical activities; administrative and support service activities",2023,,1.6749999999999998
IE,Ireland,"Professional, scientific and technical activities; administrative and support service activities",2024,,1.725
IE,Ireland,"Professional, scientific and technical activities; administrative and support service activities",2025,,1.625
IE,Ireland,Public administration and defence; compulsory social security,2019,,1.525
IE,Ireland,Public administration and defence; compulsory social security,2020,,2.0
IE,Ireland,Public administration and defence; compulsory social security,2021,,2.225
IE,Ireland,Public administration and defence; compulsory social security,2022,2.9,2.4
IE,Ireland,Public administration and defence; compulsory social security,2023,,3.7
IE,Ireland,Public administration and defence; compulsory social security,2024,,3.3
IE,Ireland,Public administration and defence; compulsory social security,2025,,5.125
IE,Ireland,"Public administration and defence; compulsory social security; education; human health and social work activities; arts, entertainment and recreation; other service activities",2019,,0.875
IE,Ireland,"Public administration and defence; compulsory social security; education; human health and social work activities; arts, entertainment and recreation; other service activities",2020,,1.075
IE,Ireland,"Public administration and defence; compulsory social security; education; human health and social work activities; arts, entertainment and recreation; other service activities",2021,,1.2000000000000002
IE,Ireland,"Public administration and defence; compulsory social security; education; human health and social work activities; arts, entertainment and recreation; other service activities",2022,,1.5
IE,Ireland,"Public administration and defence; compulsory social security; education; human health and social work activities; arts, entertainment and recreation; other service activities",2023,,1.8
IE,Ireland,"Public administration and defence; compulsory social security; education; human health and social work activities; arts, entertainment and recreation; other service activities",2024,,1.5750000000000002
IE,Ireland,"Public administration and defence; compulsory social security; education; human health and social work activities; arts, entertainment and recreation; other service activities",2025,,1.875
IE,Ireland,"Public administration, defence, education, human health and social work activities",2019,,0.9
IE,Ireland,"Public administration, defence, education, human health and social work activities",2020,,1.075
IE,Ireland,"Public administration, defence, education, human health and social work activities",2021,,1.2000000000000002
IE,Ireland,"Public administration, defence, education, human health and social work activities",2022,,1.4500000000000002
IE,Ireland,"Public administration, defence, education, human health and social work activities",2023,,1.825
IE,Ireland,"Public administration, defence, education, human health and social work activities",2024,,1.625
IE,Ireland,"Public administration, defence, education, human health and social work activities",2025,,1.9749999999999999
IE,Ireland,Real estate activities,2019,,0.5
IE,Ireland,Real estate activities,2020,,0.225
IE,Ireland,Real estate activities,2021,,0.825
IE,Ireland,Real estate activities,2022,23.2,0.8999999999999999
IE,Ireland,Real estate activities,2023,,1.125
IE,Ireland,Real estate activities,2024,,0.7
IE,Ireland,Real estate activities,2025,,0.825
IE,Ireland,Services of the business economy,2019,,1.2000000000000002
IE,Ireland,Services of the business economy,2020,,0.7499999999999999
IE,Ireland,Services of the business economy,2021,,1.425
IE,Ireland,Services of the business economy,2022,,1.7
IE,Ireland,Services of the business economy,2023,,1.125
IE,Ireland,Services of the business economy,2024,,1.1
IE,Ireland,Services of the business economy,2025,,1.0750000000000002
IE,Ireland,Transportation and storage,2019,,0.475
IE,Ireland,Transportation and storage,2020,,0.375
IE,Ireland,Transportation and storage,2021,,0.575
IE,Ireland,Transportation and storage,2022,4.2,1.225
IE,Ireland,Transportation and storage,2023,,0.775
IE,Ireland,Transportation and storage,2024,,0.825
IE,Ireland,Transportation and storage,2025,,0.55
IE,Ireland,"Water supply; sewerage, waste management and remediation activities",2019,,0.625
IE,Ireland,"Water supply; sewerage, waste management and remediation activities",2020,,0.375
IE,Ireland,"Water supply; sewerage, waste management and remediation activities",2021,,0.3
IE,Ireland,"Water supply; sewerage, waste management and remediation activities",2022,-5.6,0.975
IE,Ireland,"Water supply; sewerage, waste management and remediation activities",2023,,1.0750000000000002
IE,Ireland,"Water supply; sewerage, waste management and remediation activities",2024,,1.05
IE,Ireland,"Water supply; sewerage, waste management and remediation activities",2025,,0.8999999999999999
IE,Ireland,"Wholesale and retail trade, transport, accommodation and food service activities",2019,,0.775
IE,Ireland,"Wholesale and retail trade, transport, accommodation and food service activities",2020,,0.42500000000000004
IE,Ireland,"Wholesale and retail trade, transport, accommodation and food service activities",2021,,0.8500000000000001
IE,Ireland,"Wholesale and retail trade, transport, accommodation and food service activities",2022,,0.975
IE,Ireland,"Wholesale and retail trade, transport, accommodation and food service activities",2023,,0.75
IE,Ireland,"Wholesale and retail trade, transport, accommodation and food service activities",2024,,0.675
IE,Ireland,"Wholesale and retail trade, transport, accommodation and food service activities",2025,,0.55
IE,Ireland,Wholesale and retail trade; repair of motor vehicles and motorcycles,2019,,0.65
IE,Ireland,Wholesale and retail trade; repair of motor vehicles and motorcycles,2020,,0.45
IE,Ireland,Wholesale and retail trade; repair of motor vehicles and motorcycles,2021,,0.8250000000000001
IE,Ireland,Wholesale and retail trade; repair of motor vehicles and motorcycles,2022,16.4,1.0
IE,Ireland,Wholesale and retail trade; repair of motor vehicles and motorcycles,2023,,0.825
IE,Ireland,Wholesale and retail trade; repair of motor vehicles and motorcycles,2024,,0.6749999999999999
IE,Ireland,Wholesale and retail trade; repair of motor vehicles and motorcycles,2025,,0.7000000000000001
IT,Italy,Accommodation and food service activities,2019,8.6,2.7250000000000005
IT,Italy,Accommodation and food service activities,2020,10.0,1.25
IT,Italy,Accommodation and food service activities,2021,8.8,3.0
IT,Italy,Accommodation and food service activities,2022,8.4,3.7750000000000004
IT,Italy,Accommodation and food service activities,2023,3.6,4.0249999999999995
IT,Italy,Accommodation and food service activities,2024,8.3,3.275
IT,Italy,Accommodation and food service activities,2025,,3.0
IT,Italy,Administrative and support service activities,2019,8.1,1.025
IT,Italy,Administrative and support service activities,2020,7.4,0.6499999999999999
IT,Italy,Administrative and support service activities,2021,4.9,1.35
IT,Italy,Administrative and support service activities,2022,6.4,1.6
IT,Italy,Administrative and support service activities,2023,8.1,1.65
IT,Italy,Administrative and support service activities,2024,9.3,1.725
IT,Italy,Administrative and support service activities,2025,,1.6500000000000001
IT,Italy,"Arts, entertainment and recreation",2019,57.6,1.8
IT,Italy,"Arts, entertainment and recreation",2020,67.3,1.275
IT,Italy,"Arts, entertainment and recreation",2021,60.1,1.925
IT,Italy,"Arts, entertainment and recreation",2022,57.8,2.7
IT,Italy,"Arts, entertainment and recreation",2023,57.4,2.5
IT,Italy,"Arts, entertainment and recreation",2024,57.2,1.975
IT,Italy,"Arts, entertainment and recreation",2025,,2.325
IT,Italy,"Arts, entertainment and recreation; other service activities",2019,,1.725
IT,Italy,"Arts, entertainment and recreation; other service activities",2020,,0.775
IT,Italy,"Arts, entertainment and recreation; other service activities",2021,,1.8249999999999997
IT,Italy,"Arts, entertainment and recreation; other service activities",2022,,2.4
IT,Italy,"Arts, entertainment and recreation; other service activities",2023,,2.5
IT,Italy,"Arts, entertainment and recreation; other service activities",2024,,2.3249999999999997
IT,Italy,"Arts, entertainment and recreation; other service activities",2025,,2.325
IT,Italy,Business economy,2019,14.8,1.375
IT,Italy,Business economy,2020,14.0,0.875
IT,Italy,Business economy,2021,13.4,1.8249999999999997
IT,Italy,Business economy,2022,13.5,2.225
IT,Italy,Business economy,2023,14.0,2.3249999999999997
IT,Italy,Business economy,2024,14.7,2.075
IT,Italy,Business economy,2025,,1.825
IT,Italy,Construction,2019,7.7,2.125
IT,Italy,Construction,2020,6.1,1.2
IT,Italy,Construction,2021,4.8,2.875
IT,Italy,Construction,2022,5.1,3.2249999999999996
IT,Italy,Construction,2023,7.6,3.3
IT,Italy,Construction,2024,9.1,2.9999999999999996
IT,Italy,Construction,2025,,2.525
IT,Italy,Education,2019,7.8,1.8
IT,Italy,Education,2020,7.1,1.15
IT,Italy,Education,2021,8.6,1.75
IT,Italy,Education,2022,7.9,1.7750000000000001
IT,Italy,Education,2023,7.8,2.25
IT,Italy,Education,2024,8.8,2.3
IT,Italy,Education,2025,,1.85
IT,Italy,"Electricity, gas, steam and air conditioning supply",2019,11.5,0.75
IT,Italy,"Electricity, gas, steam and air conditioning supply",2020,11.4,0.575
IT,Italy,"Electricity, gas, steam and air conditioning supply",2021,11.2,0.975
IT,Italy,"Electricity, gas, steam and air conditioning supply",2022,11.7,1.225
IT,Italy,"Electricity, gas, steam and air conditioning supply",2023,10.1,1.075
IT,Italy,"Electricity, gas, steam and air conditioning supply",2024,11.3,1.25
IT,Italy,"Electricity, gas, steam and air conditioning supply",2025,,0.925
IT,Italy,Financial and insurance activities,2019,22.5,0.7000000000000001
IT,Italy,Financial and insurance activities,2020,22.6,0.55
IT,Italy,Financial and insurance activities,2021,23.3,0.775
IT,Italy,Financial and insurance activities,2022,22.7,0.975
IT,Italy,Financial and insurance activities,2023,23.0,1.05
IT,Italy,Financial and insurance activities,2024,21.8,1.0750000000000002
IT,Italy,Financial and insurance activities,2025,,1.1
IT,Italy,Human health and social work activities,2019,22.4,1.225
IT,Italy,Human health and social work activities,2020,21.5,1.25
IT,Italy,Human health and social work activities,2021,21.1,1.625
IT,Italy,Human health and social work activities,2022,20.4,1.5750000000000002
IT,Italy,Human health and social work activities,2023,20.0,1.825
IT,Italy,Human health and social work activities,2024,19.8,1.7000000000000002
IT,Italy,Human health and social work activities,2025,,1.8499999999999999
IT,Italy,Industry (except construction),2019,,1.05
IT,Italy,Industry (except construction),2020,,0.6749999999999999
IT,Italy,Industry (except construction),2021,,1.475
IT,Italy,Industry (except construction),2022,,1.9
IT,Italy,Industry (except construction),2023,,1.9500000000000002
IT,Italy,Industry (except construction),2024,,1.725
IT,Italy,Industry (except construction),2025,,1.5
IT,Italy,Industry and construction,2019,,1.275
IT,Italy,Industry and construction,2020,,0.775
IT,Italy,Industry and construction,2021,,1.775
IT,Italy,Industry and construction,2022,,2.2249999999999996
IT,Italy,Industry and construction,2023,,2.25
IT,Italy,Industry and construction,2024,,2.0
IT,Italy,Industry and construction,2025,,1.725
IT,Italy,"Industry, construction and services (except activities of households as employers and extra-territorial organisations and bodies)",2019,5.8,1.375
IT,Italy,"Industry, construction and services (except activities of households as employers and extra-territorial organisations and bodies)",2020,5.2,0.875
IT,Italy,"Industry, construction and services (except activities of households as employers and extra-territorial organisations and bodies)",2021,5.7,1.8249999999999997
IT,Italy,"Industry, construction and services (except activities of households as employers and extra-territorial organisations and bodies)",2022,5.6,2.2
IT,Italy,"Industry, construction and services (except activities of households as employers and extra-territorial organisations and bodies)",2023,3.3,2.3
IT,Italy,"Industry, construction and services (except activities of households as employers and extra-territorial organisations and bodies)",2024,6.1,2.075
IT,Italy,"Industry, construction and services (except activities of households as employers and extra-territorial organisations and bodies)",2025,,1.8249999999999997
IT,Italy,"Industry, construction and services (except public administration, defense, compulsory social security)",2019,4.6,
IT,Italy,"Industry, construction and services (except public administration, defense, compulsory social security)",2020,4.0,
IT,Italy,"Industry, construction and services (except public administration, defense, compulsory social security)",2021,4.7,
IT,Italy,"Industry, construction and services (except public administration, defense, compulsory social security)",2022,3.8,
IT,Italy,"Industry, construction and services (except public administration, defense, compulsory social security)",2023,2.2,
IT,Italy,"Industry, construction and services (except public administration, defense, compulsory social security)",2024,5.3,
IT,Italy,Information and communication,2019,16.1,1.9249999999999998
IT,Italy,Information and communication,2020,15.5,1.2750000000000001
IT,Italy,Information and communication,2021,16.6,2.375
IT,Italy,Information and communication,2022,16.3,2.875
IT,Italy,Information and communication,2023,16.1,2.75
IT,Italy,Information and communication,2024,15.5,2.25
IT,Italy,Information and communication,2025,,1.9749999999999996
IT,Italy,Manufacturing,2019,14.8,1.0750000000000002
IT,Italy,Manufacturing,2020,13.6,0.675
IT,Italy,Manufacturing,2021,13.8,1.5000000000000002
IT,Italy,Manufacturing,2022,14.1,1.975
IT,Italy,Manufacturing,2023,14.5,1.975
IT,Italy,Manufacturing,2024,14.4,1.725
IT,Italy,Manufacturing,2025,,1.525
IT,Italy,Mining and quarrying,2019,1.4,1.2750000000000001
IT,Italy,Mining and quarrying,2020,-0.2,0.30000000000000004
IT,Italy,Mining and quarrying,2021,-1.6,0.525
IT,Italy,Mining and quarrying,2022,-3.6,1.1500000000000001
IT,Italy,Mining and quarrying,2023,-5.1,1.3
IT,Italy,Mining and quarrying,2024,-2.3,1.3250000000000002
IT,Italy,Mining and quarrying,2025,,0.65
IT,Italy,Other service activities,2019,12.4,1.75
IT,Italy,Other service activities,2020,11.9,0.575
IT,Italy,Other service activities,2021,12.6,1.8
IT,Italy,Other service activities,2022,14.1,2.3000000000000003
IT,Italy,Other service activities,2023,14.8,2.625
IT,Italy,Other service activities,2024,13.8,2.525
IT,Italy,Other service activities,2025,,2.2
IT,Italy,"Professional, scientific and technical activities",2019,24.9,1.7
IT,Italy,"Professional, scientific and technical activities",2020,26.1,1.6749999999999998
IT,Italy,"Professional, scientific and technical activities",2021,23.8,2.5250000000000004
IT,Italy,"Professional, scientific and technical activities",2022,24.0,3.05
IT,Italy,"Professional, scientific and technical activities",2023,23.5,2.775
IT,Italy,"Professional, scientific and technical activities",2024,23.4,2.65
IT,Italy,"Professional, scientific and technical activities",2025,,2.225
IT,Italy,"Professional, scientific and technical activities; administrative and support service activities",2019,,1.275
IT,Italy,"Professional, scientific and technical activities; administrative and support service activities",2020,,1.075
IT,Italy,"Professional, scientific and technical activities; administrative and support service activities",2021,,1.8250000000000002
IT,Italy,"Professional, scientific and technical activities; administrative and support service activities",2022,,2.1500000000000004
IT,Italy,"Professional, scientific and technical activities; administrative and support service activities",2023,,2.1
IT,Italy,"Professional, scientific and technical activities; administrative and support service activities",2024,,2.0749999999999997
IT,Italy,"Professional, scientific and technical activities; administrative and support service activities",2025,,1.875
IT,Italy,Public administration and defence; compulsory social security,2019,9.6,
IT,Italy,Public administration and defence; compulsory social security,2020,9.6,
IT,Italy,Public administration and defence; compulsory social security,2021,9.4,
IT,Italy,Public administration and defence; compulsory social security,2022,13.6,
IT,Italy,Public administration and defence; compulsory social security,2023,8.4,
IT,Italy,Public administration and defence; compulsory social security,2024,10.1,
IT,Italy,"Public administration and defence; compulsory social security; education; human health and social work activities; arts, entertainment and recreation; other service activities",2019,,1.4249999999999998
IT,Italy,"Public administration and defence; compulsory social security; education; human health and social work activities; arts, entertainment and recreation; other service activities",2020,,1.0750000000000002
IT,Italy,"Public administration and defence; compulsory social security; education; human health and social work activities; arts, entertainment and recreation; other service activities",2021,,1.7000000000000002
IT,Italy,"Public administration and defence; compulsory social security; education; human health and social work activities; arts, entertainment and recreation; other service activities",2022,,1.875
IT,Italy,"Public administration and defence; compulsory social security; education; human health and social work activities; arts, entertainment and recreation; other service activities",2023,,2.0749999999999997
IT,Italy,"Public administration and defence; compulsory social security; education; human health and social work activities; arts, entertainment and recreation; other service activities",2024,,2.0
IT,Italy,"Public administration and defence; compulsory social security; education; human health and social work activities; arts, entertainment and recreation; other service activities",2025,,2.025
IT,Italy,"Public administration, defence, education, human health and social work activities",2019,,1.325
IT,Italy,"Public administration, defence, education, human health and social work activities",2020,,1.25
IT,Italy,"Public administration, defence, education, human health and social work activities",2021,,1.625
IT,Italy,"Public administration, defence, education, human health and social work activities",2022,,1.6
IT,Italy,"Public administration, defence, education, human health and social work activities",2023,,1.875
IT,Italy,"Public administration, defence, education, human health and social work activities",2024,,1.8
IT,Italy,"Public administration, defence, education, human health and social work activities",2025,,1.875
IT,Italy,Real estate activities,2019,13.5,
IT,Italy,Real estate activities,2020,15.1,
IT,Italy,Real estate activities,2021,15.3,
IT,Italy,Real estate activities,2022,16.7,
IT,Italy,Real estate activities,2023,17.2,
IT,Italy,Real estate activities,2024,21.0,
IT,Italy,Services of the business economy,2019,,1.4500000000000002
IT,Italy,Services of the business economy,2020,,0.925
IT,Italy,Services of the business economy,2021,,1.8250000000000002
IT,Italy,Services of the business economy,2022,,2.25
IT,Italy,Services of the business economy,2023,,2.3499999999999996
IT,Italy,Services of the business economy,2024,,2.1500000000000004
IT,Italy,Services of the business economy,2025,,1.875
IT,Italy,Transportation and storage,2019,8.2,1.05
IT,Italy,Transportation and storage,2020,6.3,0.675
IT,Italy,Transportation and storage,2021,4.1,1.125
IT,Italy,Transportation and storage,2022,3.1,1.4500000000000002
IT,Italy,Transportation and storage,2023,3.6,1.625
IT,Italy,Transportation and storage,2024,4.9,1.675
IT,Italy,Transportation and storage,2025,,1.2750000000000001
IT,Italy,"Water supply; sewerage, waste management and remediation activities",2019,5.0,0.8999999999999999
IT,Italy,"Water supply; sewerage, waste management and remediation activities",2020,1.9,0.875
IT,Italy,"Water supply; sewerage, waste management and remediation activities",2021,1.6,1.25
IT,Italy,"Water supply; sewerage, waste management and remediation activities",2022,-0.2,1.25
IT,Italy,"Water supply; sewerage, waste management and remediation activities",2023,0.0,1.7
IT,Italy,"Water supply; sewerage, waste management and remediation activities",2024,-0.3,1.275
IT,Italy,"Water supply; sewerage, waste management and remediation activities",2025,,1.175
IT,Italy,"Wholesale and retail trade, transport, accommodation and food service activities",2019,,1.525
IT,Italy,"Wholesale and retail trade, transport, accommodation and food service activities",2020,,0.85
IT,Italy,"Wholesale and retail trade, transport, accommodation and food service activities",2021,,1.875
IT,Italy,"Wholesale and retail trade, transport, accommodation and food service activities",2022,,2.3249999999999997
IT,Italy,"Wholesale and retail trade, transport, accommodation and food service activities",2023,,2.475
IT,Italy,"Wholesale and retail trade, transport, accommodation and food service activities",2024,,2.225
IT,Italy,"Wholesale and retail trade, transport, accommodation and food service activities",2025,,1.9249999999999998
IT,Italy,Wholesale and retail trade; repair of motor vehicles and motorcycles,2019,15.7,1.05
IT,Italy,Wholesale and retail trade; repair of motor vehicles and motorcycles,2020,16.9,0.75
IT,Italy,Wholesale and retail trade; repair of motor vehicles and motorcycles,2021,16.4,1.625
IT,Italy,Wholesale and retail trade; repair of motor vehicles and motorcycles,2022,15.9,1.9249999999999998
IT,Italy,Wholesale and retail trade; repair of motor vehicles and motorcycles,2023,16.6,2.075
IT,Italy,Wholesale and retail trade; repair of motor vehicles and motorcycles,2024,17.1,1.9
IT,Italy,Wholesale and retail trade; repair of motor vehicles and motorcycles,2025,,1.6
LT,Lithuania,Accommodation and food service activities,2019,14.9,1.05
LT,Lithuania,Accommodation and food service activities,2020,15.6,0.325
LT,Lithuania,Accommodation and food service activities,2021,17.9,0.925
LT,Lithuania,Accommodation and food service activities,2022,17.1,1.725
LT,Lithuania,Accommodation and food service activities,2023,12.8,1.5
LT,Lithuania,Accommodation and food service activities,2024,12.3,1.5
LT,Lithuania,Accommodation and food service activities,2025,,0.875
LT,Lithuania,Administrative and support service activities,2019,15.7,1.775
LT,Lithuania,Administrative and support service activities,2020,12.7,1.7750000000000001
LT,Lithuania,Administrative and support service activities,2021,11.3,2.675
LT,Lithuania,Administrative and support service activities,2022,9.8,1.8750000000000002
LT,Lithuania,Administrative and support service activities,2023,7.4,2.225
LT,Lithuania,Administrative and support service activities,2024,6.6,2.325
LT,Lithuania,Administrative and support service activities,2025,,2.9
LT,Lithuania,"Agriculture, forestry and fishing",2019,,0.8
LT,Lithuania,"Agriculture, forestry and fishing",2020,,0.7250000000000001
LT,Lithuania,"Agriculture, forestry and fishing",2021,,0.75
LT,Lithuania,"Agriculture, forestry and fishing",2022,,0.7000000000000001
LT,Lithuania,"Agriculture, forestry and fishing",2023,,0.55
LT,Lithuania,"Agriculture, forestry and fishing",2024,,0.75
LT,Lithuania,"Agriculture, forestry and fishing",2025,,0.8
LT,Lithuania,All NACE activities (except activities of households as employers and as own use producers; activities of extra-territorial organisations and bodies),2019,,1.4
LT,Lithuania,All NACE activities (except activities of households as employers and as own use producers; activities of extra-territorial organisations and bodies),2020,,1.3
LT,Lithuania,All NACE activities (except activities of households as employers and as own use producers; activities of extra-territorial organisations and bodies),2021,,1.85
LT,Lithuania,All NACE activities (except activities of households as employers and as own use producers; activities of extra-territorial organisations and bodies),2022,,1.8749999999999998
LT,Lithuania,All NACE activities (except activities of households as employers and as own use producers; activities of extra-territorial organisations and bodies),2023,,1.95
LT,Lithuania,All NACE activities (except activities of households as employers and as own use producers; activities of extra-territorial organisations and bodies),2024,,2.0
LT,Lithuania,All NACE activities (except activities of households as employers and as own use producers; activities of extra-territorial organisations and bodies),2025,,2.225
LT,Lithuania,"Arts, entertainment and recreation",2019,11.5,1.5499999999999998
LT,Lithuania,"Arts, entertainment and recreation",2020,9.8,0.8250000000000001
LT,Lithuania,"Arts, entertainment and recreation",2021,8.4,1.0750000000000002
LT,Lithuania,"Arts, entertainment and recreation",2022,6.8,1.15
LT,Lithuania,"Arts, entertainment and recreation",2023,11.4,1.5499999999999998
LT,Lithuania,"Arts, entertainment and recreation",2024,10.2,1.525
LT,Lithuania,"Arts, entertainment and recreation",2025,,1.6749999999999998
LT,Lithuania,"Arts, entertainment and recreation; other service activities",2019,,1.25
LT,Lithuania,"Arts, entertainment and recreation; other service activities",2020,,0.675
LT,Lithuania,"Arts, entertainment and recreation; other service activities",2021,,0.95
LT,Lithuania,"Arts, entertainment and recreation; other service activities",2022,,1.1
LT,Lithuania,"Arts, entertainment and recreation; other service activities",2023,,1.375
LT,Lithuania,"Arts, entertainment and recreation; other service activities",2024,,1.3
LT,Lithuania,"Arts, entertainment and recreation; other service activities",2025,,1.375
LT,Lithuania,Business economy,2019,14.8,1.45
LT,Lithuania,Business economy,2020,15.5,1.275
LT,Lithuania,Business economy,2021,14.1,1.9500000000000002
LT,Lithuania,Business economy,2022,12.7,1.9249999999999998
LT,Lithuania,Business economy,2023,13.2,1.975
LT,Lithuania,Business economy,2024,13.1,1.9249999999999998
LT,Lithuania,Business economy,2025,,2.1750000000000003
LT,Lithuania,Construction,2019,-3.6,1.125
LT,Lithuania,Construction,2020,-3.3,1.2
LT,Lithuania,Construction,2021,-3.9,1.525
LT,Lithuania,Construction,2022,-6.6,1.9249999999999998
LT,Lithuania,Construction,2023,-2.7,1.85
LT,Lithuania,Construction,2024,-3.8,1.825
LT,Lithuania,Construction,2025,,1.5499999999999998
LT,Lithuania,Education,2019,3.2,0.35
LT,Lithuania,Education,2020,3.8,0.4
LT,Lithuania,Education,2021,4.7,0.475
LT,Lithuania,Education,2022,4.2,0.42500000000000004
LT,Lithuania,Education,2023,3.0,0.575
LT,Lithuania,Education,2024,3.2,0.5
LT,Lithuania,Education,2025,,0.42500000000000004
LT,Lithuania,"Electricity, gas, steam and air conditioning supply",2019,9.8,2.625
LT,Lithuania,"Electricity, gas, steam and air conditioning supply",2020,10.2,2.0250000000000004
LT,Lithuania,"Electricity, gas, steam and air conditioning supply",2021,9.5,2.5
LT,Lithuania,"Electricity, gas, steam and air conditioning supply",2022,10.6,2.525
LT,Lithuania,"Electricity, gas, steam and air conditioning supply",2023,8.0,1.6
LT,Lithuania,"Electricity, gas, steam and air conditioning supply",2024,7.9,1.45
LT,Lithuania,"Electricity, gas, steam and air conditioning supply",2025,,1.3250000000000002
LT,Lithuania,Financial and insurance activities,2019,36.8,2.725
LT,Lithuania,Financial and insurance activities,2020,34.8,2.0999999999999996
LT,Lithuania,Financial and insurance activities,2021,35.8,3.0999999999999996
LT,Lithuania,Financial and insurance activities,2022,33.9,3.0
LT,Lithuania,Financial and insurance activities,2023,31.8,2.5749999999999997
LT,Lithuania,Financial and insurance activities,2024,32.4,2.675
LT,Lithuania,Financial and insurance activities,2025,,2.725
LT,Lithuania,Human health and social work activities,2019,28.6,1.3
LT,Lithuania,Human health and social work activities,2020,30.8,1.3
LT,Lithuania,Human health and social work activities,2021,33.0,1.525
LT,Lithuania,Human health and social work activities,2022,33.0,1.6749999999999998
LT,Lithuania,Human health and social work activities,2023,24.3,2.1
LT,Lithuania,Human health and social work activities,2024,26.1,2.2
LT,Lithuania,Human health and social work activities,2025,,2.4
LT,Lithuania,Industry (except construction),2019,,1.85
LT,Lithuania,Industry (except construction),2020,,1.25
LT,Lithuania,Industry (except construction),2021,,1.8249999999999997
LT,Lithuania,Industry (except construction),2022,,1.775
LT,Lithuania,Industry (except construction),2023,,1.8
LT,Lithuania,Industry (except construction),2024,,1.825
LT,Lithuania,Industry (except construction),2025,,1.7
LT,Lithuania,Industry and construction,2019,,1.6500000000000001
LT,Lithuania,Industry and construction,2020,,1.25
LT,Lithuania,Industry and construction,2021,,1.775
LT,Lithuania,Industry and construction,2022,,1.825
LT,Lithuania,Industry and construction,2023,,1.825
LT,Lithuania,Industry and construction,2024,,1.85
LT,Lithuania,Industry and construction,2025,,1.675
LT,Lithuania,"Industry, construction and services (except activities of households as employers and extra-territorial organisations and bodies)",2019,12.1,1.4249999999999998
LT,Lithuania,"Industry, construction and services (except activities of households as employers and extra-territorial organisations and bodies)",2020,11.5,1.2999999999999998
LT,Lithuania,"Industry, construction and services (except activities of households as employers and extra-territorial organisations and bodies)",2021,10.2,1.8499999999999999
LT,Lithuania,"Industry, construction and services (except activities of households as employers and extra-territorial organisations and bodies)",2022,10.0,1.875
LT,Lithuania,"Industry, construction and services (except activities of households as employers and extra-territorial organisations and bodies)",2023,10.7,1.975
LT,Lithuania,"Industry, construction and services (except activities of households as employers and extra-territorial organisations and bodies)",2024,9.4,2.0
LT,Lithuania,"Industry, construction and services (except activities of households as employers and extra-territorial organisations and bodies)",2025,,2.225
LT,Lithuania,"Industry, construction and services (except public administration, defense, compulsory social security)",2019,12.9,
LT,Lithuania,"Industry, construction and services (except public administration, defense, compulsory social security)",2020,12.3,
LT,Lithuania,"Industry, construction and services (except public administration, defense, compulsory social security)",2021,10.9,
LT,Lithuania,"Industry, construction and services (except public administration, defense, compulsory social security)",2022,10.5,
LT,Lithuania,"Industry, construction and services (except public administration, defense, compulsory social security)",2023,11.5,
LT,Lithuania,"Industry, construction and services (except public administration, defense, compulsory social security)",2024,10.0,
LT,Lithuania,Information and communication,2019,29.4,2.1
LT,Lithuania,Information and communication,2020,27.2,2.175
LT,Lithuania,Information and communication,2021,27.0,3.4
LT,Lithuania,Information and communication,2022,25.3,3.175
LT,Lithuania,Information and communication,2023,25.8,2.3000000000000003
LT,Lithuania,Information and communication,2024,25.7,2.2249999999999996
LT,Lithuania,Information and communication,2025,,2.125
LT,Lithuania,Manufacturing,2019,24.8,1.875
LT,Lithuania,Manufacturing,2020,24.4,1.225
LT,Lithuania,Manufacturing,2021,24.5,1.85
LT,Lithuania,Manufacturing,2022,24.1,1.775
LT,Lithuania,Manufacturing,2023,23.6,1.8250000000000002
LT,Lithuania,Manufacturing,2024,23.0,1.875
LT,Lithuania,Manufacturing,2025,,1.7
LT,Lithuania,Mining and quarrying,2019,3.4,0.0
LT,Lithuania,Mining and quarrying,2020,3.6,0.05
LT,Lithuania,Mining and quarrying,2021,4.2,0.2
LT,Lithuania,Mining and quarrying,2022,6.4,0.3
LT,Lithuania,Mining and quarrying,2023,5.8,0.25
LT,Lithuania,Mining and quarrying,2024,6.1,0.44999999999999996
LT,Lithuania,Mining and quarrying,2025,,0.25
LT,Lithuania,Other service activities,2019,15.8,0.55
LT,Lithuania,Other service activities,2020,14.4,0.35
LT,Lithuania,Other service activities,2021,12.6,0.6
LT,Lithuania,Other service activities,2022,15.2,1.05
LT,Lithuania,Other service activities,2023,12.7,0.8250000000000001
LT,Lithuania,Other service activities,2024,10.5,0.8
LT,Lithuania,Other service activities,2025,,0.75
LT,Lithuania,"Professional, scientific and technical activities",2019,16.8,0.825
LT,Lithuania,"Professional, scientific and technical activities",2020,15.1,0.675
LT,Lithuania,"Professional, scientific and technical activities",2021,16.5,1.15
LT,Lithuania,"Professional, scientific and technical activities",2022,15.0,1.25
LT,Lithuania,"Professional, scientific and technical activities",2023,14.1,1.2
LT,Lithuania,"Professional, scientific and technical activities",2024,15.9,1.225
LT,Lithuania,"Professional, scientific and technical activities",2025,,1.45
LT,Lithuania,"Professional, scientific and technical activities; administrative and support service activities",2019,,1.35
LT,Lithuania,"Professional, scientific and technical activities; administrative and support service activities",2020,,1.225
LT,Lithuania,"Professional, scientific and technical activities; administrative and support service activities",2021,,1.9249999999999998
LT,Lithuania,"Professional, scientific and technical activities; administrative and support service activities",2022,,1.625
LT,Lithuania,"Professional, scientific and technical activities; administrative and support service activities",2023,,1.7249999999999999
LT,Lithuania,"Professional, scientific and technical activities; administrative and support service activities",2024,,1.85
LT,Lithuania,"Professional, scientific and technical activities; administrative and support service activities",2025,,2.25
LT,Lithuania,Public administration and defence; compulsory social security,2019,4.7,3.1250000000000004
LT,Lithuania,Public administration and defence; compulsory social security,2020,5.6,3.175
LT,Lithuania,Public administration and defence; compulsory social security,2021,4.7,3.575
LT,Lithuania,Public administration and defence; compulsory social security,2022,4.2,4.300000000000001
LT,Lithuania,Public administration and defence; compulsory social security,2023,3.7,4.425000000000001
LT,Lithuania,Public administration and defence; compulsory social security,2024,3.9,5.3
LT,Lithuania,Public administration and defence; compulsory social security,2025,,6.0249999999999995
LT,Lithuania,"Public administration and defence; compulsory social security; education; human health and social work activities; arts, entertainment and recreation; other service activities",2019,,1.3499999999999999
LT,Lithuania,"Public administration and defence; compulsory social security; education; human health and social work activities; arts, entertainment and recreation; other service activities",2020,,1.3499999999999999
LT,Lithuania,"Public administration and defence; compulsory social security; education; human health and social work activities; arts, entertainment and recreation; other service activities",2021,,1.575
LT,Lithuania,"Public administration and defence; compulsory social security; education; human health and social work activities; arts, entertainment and recreation; other service activities",2022,,1.7750000000000001
LT,Lithuania,"Public administration and defence; compulsory social security; education; human health and social work activities; arts, entertainment and recreation; other service activities",2023,,2.025
LT,Lithuania,"Public administration and defence; compulsory social security; education; human health and social work activities; arts, entertainment and recreation; other service activities",2024,,2.175
LT,Lithuania,"Public administration and defence; compulsory social security; education; human health and social work activities; arts, entertainment and recreation; other service activities",2025,,2.425
LT,Lithuania,"Public administration, defence, education, human health and social work activities",2019,,1.35
LT,Lithuania,"Public administration, defence, education, human health and social work activities",2020,,1.4249999999999998
LT,Lithuania,"Public administration, defence, education, human health and social work activities",2021,,1.625
LT,Lithuania,"Public administration, defence, education, human health and social work activities",2022,,1.8499999999999999
LT,Lithuania,"Public administration, defence, education, human health and social work activities",2023,,2.075
LT,Lithuania,"Public administration, defence, education, human health and social work activities",2024,,2.275
LT,Lithuania,"Public administration, defence, education, human health and social work activities",2025,,2.55
LT,Lithuania,Real estate activities,2019,14.2,0.8
LT,Lithuania,Real estate activities,2020,11.7,0.175
LT,Lithuania,Real estate activities,2021,8.9,0.5
LT,Lithuania,Real estate activities,2022,9.1,0.525
LT,Lithuania,Real estate activities,2023,10.5,0.15000000000000002
LT,Lithuania,Real estate activities,2024,11.1,0.45
LT,Lithuania,Real estate activities,2025,,0.42500000000000004
LT,Lithuania,Services of the business economy,2019,,1.35
LT,Lithuania,Services of the business economy,2020,,1.325
LT,Lithuania,Services of the business economy,2021,,2.075
LT,Lithuania,Services of the business economy,2022,,2.0
LT,Lithuania,Services of the business economy,2023,,2.05
LT,Lithuania,Services of the business economy,2024,,2.0
LT,Lithuania,Services of the business economy,2025,,2.425
LT,Lithuania,Transportation and storage,2019,-11.7,1.3250000000000002
LT,Lithuania,Transportation and storage,2020,-5.5,2.175
LT,Lithuania,Transportation and storage,2021,-8.8,2.7
LT,Lithuania,Transportation and storage,2022,-15.9,2.7750000000000004
LT,Lithuania,Transportation and storage,2023,-14.7,3.275
LT,Lithuania,Transportation and storage,2024,-12.5,2.9749999999999996
LT,Lithuania,Transportation and storage,2025,,4.699999999999999
LT,Lithuania,"Water supply; sewerage, waste management and remediation activities",2019,11.0,1.175
LT,Lithuania,"Water supply; sewerage, waste management and remediation activities",2020,9.7,1.0750000000000002
LT,Lithuania,"Water supply; sewerage, waste management and remediation activities",2021,8.8,1.5
LT,Lithuania,"Water supply; sewerage, waste management and remediation activities",2022,3.5,1.8250000000000002
LT,Lithuania,"Water supply; sewerage, waste management and remediation activities",2023,4.9,1.925
LT,Lithuania,"Water supply; sewerage, waste management and remediation activities",2024,5.5,2.275
LT,Lithuania,"Water supply; sewerage, waste management and remediation activities",2025,,2.375
LT,Lithuania,"Wholesale and retail trade, transport, accommodation and food service activities",2019,,1.2
LT,Lithuania,"Wholesale and retail trade, transport, accommodation and food service activities",2020,,1.275
LT,Lithuania,"Wholesale and retail trade, transport, accommodation and food service activities",2021,,1.975
LT,Lithuania,"Wholesale and retail trade, transport, accommodation and food service activities",2022,,2.025
LT,Lithuania,"Wholesale and retail trade, transport, accommodation and food service activities",2023,,2.1500000000000004
LT,Lithuania,"Wholesale and retail trade, transport, accommodation and food service activities",2024,,2.0749999999999997
LT,Lithuania,"Wholesale and retail trade, transport, accommodation and food service activities",2025,,2.6
LT,Lithuania,Wholesale and retail trade; repair of motor vehicles and motorcycles,2019,22.6,1.1500000000000001
LT,Lithuania,Wholesale and retail trade; repair of motor vehicles and motorcycles,2020,22.7,0.7999999999999999
LT,Lithuania,Wholesale and retail trade; repair of motor vehicles and motorcycles,2021,21.3,1.675
LT,Lithuania,Wholesale and retail trade; repair of motor vehicles and motorcycles,2022,21.2,1.525
LT,Lithuania,Wholesale and retail trade; repair of motor vehicles and motorcycles,2023,22.0,1.375
LT,Lithuania,Wholesale and retail trade; repair of motor vehicles and motorcycles,2024,21.7,1.5000000000000002
LT,Lithuania,Wholesale and retail trade; repair of motor vehicles and motorcycles,2025,,1.375
LU,Luxembourg,Accommodation and food service activities,2019,12.6,2.4
LU,Luxembourg,Accommodation and food service activities,2020,13.1,1.5999999999999999
LU,Luxembourg,Accommodation and food service activities,2021,13.7,2.55
LU,Luxembourg,Accommodation and food service activities,2022,14.3,3.225
LU,Luxembourg,Accommodation and food service activities,2023,11.2,2.5
LU,Luxembourg,Accommodation and food service activities,2024,10.2,2.05
LU,Luxembourg,Accommodation and food service activities,2025,,2.1
LU,Luxembourg,Administrative and support service activities,2019,10.8,3.5500000000000003
LU,Luxembourg,Administrative and support service activities,2020,11.3,5.075
LU,Luxembourg,Administrative and support service activities,2021,11.9,5.3
LU,Luxembourg,Administrative and support service activities,2022,12.5,5.7
LU,Luxembourg,Administrative and support service activities,2023,10.0,3.175
LU,Luxembourg,Administrative and support service activities,2024,8.9,2.45
LU,Luxembourg,Administrative and support service activities,2025,,2.55
LU,Luxembourg,"Agriculture, forestry and fishing",2019,,3.35
LU,Luxembourg,"Agriculture, forestry and fishing",2020,,1.1
LU,Luxembourg,"Agriculture, forestry and fishing",2021,,1.0
LU,Luxembourg,"Agriculture, forestry and fishing",2022,,1.2750000000000001
LU,Luxembourg,"Agriculture, forestry and fishing",2023,,1.075
LU,Luxembourg,"Agriculture, forestry and fishing",2024,,1.0
LU,Luxembourg,"Agriculture, forestry and fishing",2025,,1.1
LU,Luxembourg,All NACE activities (except activities of households as employers and as own use producers; activities of extra-territorial organisations and bodies),2019,,1.65
LU,Luxembourg,All NACE activities (except activities of households as employers and as own use producers; activities of extra-territorial organisations and bodies),2020,,1.525
LU,Luxembourg,All NACE activities (except activities of households as employers and as own use producers; activities of extra-territorial organisations and bodies),2021,,1.925
LU,Luxembourg,All NACE activities (except activities of households as employers and as own use producers; activities of extra-territorial organisations and bodies),2022,,2.525
LU,Luxembourg,All NACE activities (except activities of households as employers and as own use producers; activities of extra-territorial organisations and bodies),2023,,1.8750000000000002
LU,Luxembourg,All NACE activities (except activities of households as employers and as own use producers; activities of extra-territorial organisations and bodies),2024,,1.4
LU,Luxembourg,All NACE activities (except activities of households as employers and as own use producers; activities of extra-territorial organisations and bodies),2025,,1.35
LU,Luxembourg,"Arts, entertainment and recreation",2019,-8.4,1.3249999999999997
LU,Luxembourg,"Arts, entertainment and recreation",2020,-5.6,1.275
LU,Luxembourg,"Arts, entertainment and recreation",2021,-2.9,1.525
LU,Luxembourg,"Arts, entertainment and recreation",2022,-0.1,1.5
LU,Luxembourg,"Arts, entertainment and recreation",2023,0.2,1.375
LU,Luxembourg,"Arts, entertainment and recreation",2024,-2.2,1.35
LU,Luxembourg,"Arts, entertainment and recreation",2025,,1.375
LU,Luxembourg,"Arts, entertainment and recreation; other service activities",2019,,1.325
LU,Luxembourg,"Arts, entertainment and recreation; other service activities",2020,,1.275
LU,Luxembourg,"Arts, entertainment and recreation; other service activities",2021,,1.55
LU,Luxembourg,"Arts, entertainment and recreation; other service activities",2022,,1.675
LU,Luxembourg,"Arts, entertainment and recreation; other service activities",2023,,1.475
LU,Luxembourg,"Arts, entertainment and recreation; other service activities",2024,,1.4500000000000002
LU,Luxembourg,"Arts, entertainment and recreation; other service activities",2025,,1.3749999999999998
LU,Luxembourg,Business economy,2019,11.1,1.9
LU,Luxembourg,Business economy,2020,10.5,1.8250000000000002
LU,Luxembourg,Business economy,2021,9.8,2.3
LU,Luxembourg,Business economy,2022,9.2,3.1000000000000005
LU,Luxembourg,Business economy,2023,8.8,2.2249999999999996
LU,Luxembourg,Business economy,2024,8.9,1.65
LU,Luxembourg,Business economy,2025,,1.525
LU,Luxembourg,Construction,2019,-10.0,0.95
LU,Luxembourg,Construction,2020,-11.6,0.975
LU,Luxembourg,Construction,2021,-13.2,1.225
LU,Luxembourg,Construction,2022,-14.8,1.3249999999999997
LU,Luxembourg,Construction,2023,-14.0,1.025
LU,Luxembourg,Construction,2024,-11.8,0.975
LU,Luxembourg,Construction,2025,,1.0
LU,Luxembourg,Education,2019,1.3,1.6749999999999998
LU,Luxembourg,Education,2020,-0.8,1.125
LU,Luxembourg,Education,2021,-2.9,1.4
LU,Luxembourg,Education,2022,-5.0,1.675
LU,Luxembourg,Education,2023,-5.5,1.3250000000000002
LU,Luxembourg,Education,2024,-6.4,1.1500000000000001
LU,Luxembourg,Education,2025,,1.15
LU,Luxembourg,"Electricity, gas, steam and air conditioning supply",2019,,0.8
LU,Luxembourg,"Electricity, gas, steam and air conditioning supply",2020,,1.1
LU,Luxembourg,"Electricity, gas, steam and air conditioning supply",2021,,1.125
LU,Luxembourg,"Electricity, gas, steam and air conditioning supply",2022,,1.05
LU,Luxembourg,"Electricity, gas, steam and air conditioning supply",2023,,1.4249999999999998
LU,Luxembourg,"Electricity, gas, steam and air conditioning supply",2024,,1.125
LU,Luxembourg,"Electricity, gas, steam and air conditioning supply",2025,,1.0999999999999999
LU,Luxembourg,Financial and insurance activities,2019,23.8,1.225
LU,Luxembourg,Financial and insurance activities,2020,22.4,1.05
LU,Luxembourg,Financial and insurance activities,2021,20.9,1.65
LU,Luxembourg,Financial and insurance activities,2022,19.4,2.15
LU,Luxembourg,Financial and insurance activities,2023,19.5,1.75
LU,Luxembourg,Financial and insurance activities,2024,18.6,1.2999999999999998
LU,Luxembourg,Financial and insurance activities,2025,,0.975
LU,Luxembourg,Human health and social work activities,2019,0.5,1.2000000000000002
LU,Luxembourg,Human health and social work activities,2020,0.5,1.0
LU,Luxembourg,Human health and social work activities,2021,0.4,1.15
LU,Luxembourg,Human health and social work activities,2022,0.4,1.2999999999999998
LU,Luxembourg,Human health and social work activities,2023,0.4,1.1
LU,Luxembourg,Human health and social work activities,2024,-0.6,1.2999999999999998
LU,Luxembourg,Human health and social work activities,2025,,1.3
LU,Luxembourg,Industry (except construction),2019,,0.875
LU,Luxembourg,Industry (except construction),2020,,0.7
LU,Luxembourg,Industry (except construction),2021,,1.2249999999999999
LU,Luxembourg,Industry (except construction),2022,,1.3499999999999999
LU,Luxembourg,Industry (except construction),2023,,1.125
LU,Luxembourg,Industry (except construction),2024,,0.95
LU,Luxembourg,Industry (except construction),2025,,1.425
LU,Luxembourg,Industry and construction,2019,,0.925
LU,Luxembourg,Industry and construction,2020,,0.825
LU,Luxembourg,Industry and construction,2021,,1.225
LU,Luxembourg,Industry and construction,2022,,1.35
LU,Luxembourg,Industry and construction,2023,,1.05
LU,Luxembourg,Industry and construction,2024,,0.975
LU,Luxembourg,Industry and construction,2025,,1.175
LU,Luxembourg,"Industry, construction and services (except activities of households as employers and extra-territorial organisations and bodies)",2019,1.0,1.6500000000000001
LU,Luxembourg,"Industry, construction and services (except activities of households as employers and extra-territorial organisations and bodies)",2020,0.4,1.525
LU,Luxembourg,"Industry, construction and services (except activities of households as employers and extra-territorial organisations and bodies)",2021,-0.2,1.9249999999999998
LU,Luxembourg,"Industry, construction and services (except activities of households as employers and extra-territorial organisations and bodies)",2022,-0.8,2.525
LU,Luxembourg,"Industry, construction and services (except activities of households as employers and extra-territorial organisations and bodies)",2023,-1.2,1.875
LU,Luxembourg,"Industry, construction and services (except activities of households as employers and extra-territorial organisations and bodies)",2024,-1.5,1.4
LU,Luxembourg,"Industry, construction and services (except activities of households as employers and extra-territorial organisations and bodies)",2025,,1.35
LU,Luxembourg,"Industry, construction and services (except public administration, defense, compulsory social security)",2019,0.9,
LU,Luxembourg,"Industry, construction and services (except public administration, defense, compulsory social security)",2020,0.3,
LU,Luxembourg,"Industry, construction and services (except public administration, defense, compulsory social security)",2021,-0.2,
LU,Luxembourg,"Industry, construction and services (except public administration, defense, compulsory social security)",2022,-0.7,
LU,Luxembourg,"Industry, construction and services (except public administration, defense, compulsory social security)",2023,-0.9,
LU,Luxembourg,"Industry, construction and services (except public administration, defense, compulsory social security)",2024,-0.8,
LU,Luxembourg,Information and communication,2019,17.0,2.75
LU,Luxembourg,Information and communication,2020,16.3,2.0
LU,Luxembourg,Information and communication,2021,15.5,2.275
LU,Luxembourg,Information and communication,2022,14.8,3.825
LU,Luxembourg,Information and communication,2023,14.7,2.4
LU,Luxembourg,Information and communication,2024,14.4,1.25
LU,Luxembourg,Information and communication,2025,,1.3249999999999997
LU,Luxembourg,Manufacturing,2019,9.1,0.9000000000000001
LU,Luxembourg,Manufacturing,2020,7.2,0.65
LU,Luxembourg,Manufacturing,2021,5.3,1.25
LU,Luxembourg,Manufacturing,2022,3.3,1.425
LU,Luxembourg,Manufacturing,2023,1.3,1.125
LU,Luxembourg,Manufacturing,2024,1.8,1.025
LU,Luxembourg,Manufacturing,2025,,1.5250000000000001
LU,Luxembourg,Mining and quarrying,2019,,0.1
LU,Luxembourg,Mining and quarrying,2020,,0.1
LU,Luxembourg,Mining and quarrying,2021,,0.275
LU,Luxembourg,Mining and quarrying,2022,,0.0
LU,Luxembourg,Mining and quarrying,2023,,0.1
LU,Luxembourg,Mining and quarrying,2024,,0.2
LU,Luxembourg,Mining and quarrying,2025,,0.0
LU,Luxembourg,Other service activities,2019,22.6,1.35
LU,Luxembourg,Other service activities,2020,19.7,1.2999999999999998
LU,Luxembourg,Other service activities,2021,16.8,1.575
LU,Luxembourg,Other service activities,2022,13.8,1.75
LU,Luxembourg,Other service activities,2023,13.6,1.4999999999999998
LU,Luxembourg,Other service activities,2024,11.9,1.4749999999999999
LU,Luxembourg,Other service activities,2025,,1.3749999999999998
LU,Luxembourg,"Professional, scientific and technical activities",2019,22.5,4.6
LU,Luxembourg,"Professional, scientific and technical activities",2020,22.0,4.35
LU,Luxembourg,"Professional, scientific and technical activities",2021,21.5,5.225
LU,Luxembourg,"Professional, scientific and technical activities",2022,20.9,7.825
LU,Luxembourg,"Professional, scientific and technical activities",2023,19.3,6.2
LU,Luxembourg,"Professional, scientific and technical activities",2024,19.2,3.6999999999999997
LU,Luxembourg,"Professional, scientific and technical activities",2025,,2.5
LU,Luxembourg,"Professional, scientific and technical activities; administrative and support service activities",2019,,4.125
LU,Luxembourg,"Professional, scientific and technical activities; administrative and support service activities",2020,,4.800000000000001
LU,Luxembourg,"Professional, scientific and technical activities; administrative and support service activities",2021,,5.275
LU,Luxembourg,"Professional, scientific and technical activities; administrative and support service activities",2022,,6.925
LU,Luxembourg,"Professional, scientific and technical activities; administrative and support service activities",2023,,4.9750000000000005
LU,Luxembourg,"Professional, scientific and technical activities; administrative and support service activities",2024,,3.2
LU,Luxembourg,"Professional, scientific and technical activities; administrative and support service activities",2025,,2.625
LU,Luxembourg,Public administration and defence; compulsory social security,2019,-0.2,0.22499999999999998
LU,Luxembourg,Public administration and defence; compulsory social security,2020,-0.9,0.15
LU,Luxembourg,Public administration and defence; compulsory social security,2021,-1.5,0.44999999999999996
LU,Luxembourg,Public administration and defence; compulsory social security,2022,-2.1,0.27499999999999997
LU,Luxembourg,Public administration and defence; compulsory social security,2023,-2.9,0.175
LU,Luxembourg,Public administration and defence; compulsory social security,2024,-4.1,0.2
LU,Luxembourg,Public administration and defence; compulsory social security,2025,,0.2
LU,Luxembourg,"Public administration and defence; compulsory social security; education; human health and social work activities; arts, entertainment and recreation; other service activities",2019,,0.7749999999999999
LU,Luxembourg,"Public administration and defence; compulsory social security; education; human health and social work activities; arts, entertainment and recreation; other service activities",2020,,0.625
LU,Luxembourg,"Public administration and defence; compulsory social security; education; human health and social work activities; arts, entertainment and recreation; other service activities",2021,,0.8999999999999999
LU,Luxembourg,"Public administration and defence; compulsory social security; education; human health and social work activities; arts, entertainment and recreation; other service activities",2022,,0.875
LU,Luxembourg,"Public administration and defence; compulsory social security; education; human health and social work activities; arts, entertainment and recreation; other service activities",2023,,0.7250000000000001
LU,Luxembourg,"Public administration and defence; compulsory social security; education; human health and social work activities; arts, entertainment and recreation; other service activities",2024,,0.7749999999999999
LU,Luxembourg,"Public administration and defence; compulsory social security; education; human health and social work activities; arts, entertainment and recreation; other service activities",2025,,0.8
LU,Luxembourg,"Public administration, defence, education, human health and social work activities",2019,,0.75
LU,Luxembourg,"Public administration, defence, education, human health and social work activities",2020,,0.575
LU,Luxembourg,"Public administration, defence, education, human health and social work activities",2021,,0.825
LU,Luxembourg,"Public administration, defence, education, human health and social work activities",2022,,0.7999999999999999
LU,Luxembourg,"Public administration, defence, education, human health and social work activities",2023,,0.625
LU,Luxembourg,"Public administration, defence, education, human health and social work activities",2024,,0.7249999999999999
LU,Luxembourg,"Public administration, defence, education, human health and social work activities",2025,,0.7
LU,Luxembourg,Real estate activities,2019,12.7,1.3250000000000002
LU,Luxembourg,Real estate activities,2020,10.6,1.3
LU,Luxembourg,Real estate activities,2021,8.6,1.625
LU,Luxembourg,Real estate activities,2022,6.5,1.5250000000000001
LU,Luxembourg,Real estate activities,2023,11.9,1.25
LU,Luxembourg,Real estate activities,2024,11.5,1.475
LU,Luxembourg,Real estate activities,2025,,1.4
LU,Luxembourg,Services of the business economy,2019,,2.1750000000000003
LU,Luxembourg,Services of the business economy,2020,,2.15
LU,Luxembourg,Services of the business economy,2021,,2.675
LU,Luxembourg,Services of the business economy,2022,,3.5999999999999996
LU,Luxembourg,Services of the business economy,2023,,2.625
LU,Luxembourg,Services of the business economy,2024,,1.8499999999999999
LU,Luxembourg,Services of the business economy,2025,,1.65
LU,Luxembourg,Transportation and storage,2019,5.5,0.725
LU,Luxembourg,Transportation and storage,2020,5.6,0.55
LU,Luxembourg,Transportation and storage,2021,5.8,0.9249999999999999
LU,Luxembourg,Transportation and storage,2022,6.0,1.325
LU,Luxembourg,Transportation and storage,2023,5.8,1.05
LU,Luxembourg,Transportation and storage,2024,7.0,1.25
LU,Luxembourg,Transportation and storage,2025,,1.4500000000000002
LU,Luxembourg,"Water supply; sewerage, waste management and remediation activities",2019,2.5,0.575
LU,Luxembourg,"Water supply; sewerage, waste management and remediation activities",2020,1.4,0.525
LU,Luxembourg,"Water supply; sewerage, waste management and remediation activities",2021,0.4,0.6749999999999999
LU,Luxembourg,"Water supply; sewerage, waste management and remediation activities",2022,-0.7,0.6
LU,Luxembourg,"Water supply; sewerage, waste management and remediation activities",2023,3.1,0.6499999999999999
LU,Luxembourg,"Water supply; sewerage, waste management and remediation activities",2024,4.9,0.5
LU,Luxembourg,"Water supply; sewerage, waste management and remediation activities",2025,,0.45
LU,Luxembourg,"Wholesale and retail trade, transport, accommodation and food service activities",2019,,1.15
LU,Luxembourg,"Wholesale and retail trade, transport, accommodation and food service activities",2020,,0.8250000000000001
LU,Luxembourg,"Wholesale and retail trade, transport, accommodation and food service activities",2021,,1.225
LU,Luxembourg,"Wholesale and retail trade, transport, accommodation and food service activities",2022,,1.725
LU,Luxembourg,"Wholesale and retail trade, transport, accommodation and food service activities",2023,,1.325
LU,Luxembourg,"Wholesale and retail trade, transport, accommodation and food service activities",2024,,1.125
LU,Luxembourg,"Wholesale and retail trade, transport, accommodation and food service activities",2025,,1.3
LU,Luxembourg,Wholesale and retail trade; repair of motor vehicles and motorcycles,2019,18.6,0.95
LU,Luxembourg,Wholesale and retail trade; repair of motor vehicles and motorcycles,2020,18.3,0.7
LU,Luxembourg,Wholesale and retail trade; repair of motor vehicles and motorcycles,2021,18.0,0.925
LU,Luxembourg,Wholesale and retail trade; repair of motor vehicles and motorcycles,2022,17.8,1.325
LU,Luxembourg,Wholesale and retail trade; repair of motor vehicles and motorcycles,2023,15.8,0.9500000000000001
LU,Luxembourg,Wholesale and retail trade; repair of motor vehicles and motorcycles,2024,15.7,0.7249999999999999
LU,Luxembourg,Wholesale and retail trade; repair of motor vehicles and motorcycles,2025,,0.8250000000000001
LV,Latvia,Accommodation and food service activities,2019,25.0,4.025
LV,Latvia,Accommodation and food service activities,2020,28.0,2.05
LV,Latvia,Accommodation and food service activities,2021,17.5,2.8
LV,Latvia,Accommodation and food service activities,2022,20.6,3.25
LV,Latvia,Accommodation and food service activities,2023,18.6,2.55
LV,Latvia,Accommodation and food service activities,2024,18.7,2.2
LV,Latvia,Accommodation and food service activities,2025,,1.525
LV,Latvia,Administrative and support service activities,2019,22.7,2.4
LV,Latvia,Administrative and support service activities,2020,18.1,1.5
LV,Latvia,Administrative and support service activities,2021,8.6,2.9749999999999996
LV,Latvia,Administrative and support service activities,2022,8.6,3.375
LV,Latvia,Administrative and support service activities,2023,5.0,4.025
LV,Latvia,Administrative and support service activities,2024,5.3,3.15
LV,Latvia,Administrative and support service activities,2025,,3.125
LV,Latvia,"Agriculture, forestry and fishing",2019,,3.1750000000000003
LV,Latvia,"Agriculture, forestry and fishing",2020,,1.1749999999999998
LV,Latvia,"Agriculture, forestry and fishing",2021,,0.95
LV,Latvia,"Agriculture, forestry and fishing",2022,,1.6500000000000001
LV,Latvia,"Agriculture, forestry and fishing",2023,,1.15
LV,Latvia,"Agriculture, forestry and fishing",2024,,1.05
LV,Latvia,"Agriculture, forestry and fishing",2025,,1.2999999999999998
LV,Latvia,All NACE activities (except activities of households as employers and as own use producers; activities of extra-territorial organisations and bodies),2019,,3.1
LV,Latvia,All NACE activities (except activities of households as employers and as own use producers; activities of extra-territorial organisations and bodies),2020,,2.175
LV,Latvia,All NACE activities (except activities of households as employers and as own use producers; activities of extra-territorial organisations and bodies),2021,,2.675
LV,Latvia,All NACE activities (except activities of households as employers and as own use producers; activities of extra-territorial organisations and bodies),2022,,2.8500000000000005
LV,Latvia,All NACE activities (except activities of households as employers and as own use producers; activities of extra-territorial organisations and bodies),2023,,2.675
LV,Latvia,All NACE activities (except activities of households as employers and as own use producers; activities of extra-territorial organisations and bodies),2024,,2.5500000000000003
LV,Latvia,All NACE activities (except activities of households as employers and as own use producers; activities of extra-territorial organisations and bodies),2025,,2.2
LV,Latvia,"Arts, entertainment and recreation",2019,23.5,1.0750000000000002
LV,Latvia,"Arts, entertainment and recreation",2020,27.4,1.025
LV,Latvia,"Arts, entertainment and recreation",2021,27.6,1.4749999999999999
LV,Latvia,"Arts, entertainment and recreation",2022,33.5,1.7000000000000002
LV,Latvia,"Arts, entertainment and recreation",2023,34.2,1.225
LV,Latvia,"Arts, entertainment and recreation",2024,33.1,1.3
LV,Latvia,"Arts, entertainment and recreation",2025,,1.25
LV,Latvia,"Arts, entertainment and recreation; other service activities",2019,,1.175
LV,Latvia,"Arts, entertainment and recreation; other service activities",2020,,0.7749999999999999
LV,Latvia,"Arts, entertainment and recreation; other service activities",2021,,1.075
LV,Latvia,"Arts, entertainment and recreation; other service activities",2022,,1.325
LV,Latvia,"Arts, entertainment and recreation; other service activities",2023,,0.9500000000000001
LV,Latvia,"Arts, entertainment and recreation; other service activities",2024,,1.25
LV,Latvia,"Arts, entertainment and recreation; other service activities",2025,,1.0250000000000001
LV,Latvia,Business economy,2019,21.5,3.1999999999999997
LV,Latvia,Business economy,2020,23.0,1.975
LV,Latvia,Business economy,2021,19.0,2.675
LV,Latvia,Business economy,2022,20.6,2.6500000000000004
LV,Latvia,Business economy,2023,18.9,2.35
LV,Latvia,Business economy,2024,17.7,2.225
LV,Latvia,Business economy,2025,,1.9500000000000002
LV,Latvia,Construction,2019,5.0,4.825
LV,Latvia,Construction,2020,12.4,2.9499999999999997
LV,Latvia,Construction,2021,5.6,3.5
LV,Latvia,Construction,2022,9.7,3.2249999999999996
LV,Latvia,Construction,2023,10.3,2.85
LV,Latvia,Construction,2024,10.4,2.25
LV,Latvia,Construction,2025,,1.925
LV,Latvia,Education,2019,16.3,1.1
LV,Latvia,Education,2020,10.2,1.0
LV,Latvia,Education,2021,5.5,1.2
LV,Latvia,Education,2022,9.2,1.6
LV,Latvia,Education,2023,8.9,1.6750000000000003
LV,Latvia,Education,2024,6.5,1.625
LV,Latvia,Education,2025,,1.2
LV,Latvia,"Electricity, gas, steam and air conditioning supply",2019,6.7,2.375
LV,Latvia,"Electricity, gas, steam and air conditioning supply",2020,17.1,1.4
LV,Latvia,"Electricity, gas, steam and air conditioning supply",2021,18.0,1.7249999999999999
LV,Latvia,"Electricity, gas, steam and air conditioning supply",2022,15.1,2.55
LV,Latvia,"Electricity, gas, steam and air conditioning supply",2023,15.0,2.1
LV,Latvia,"Electricity, gas, steam and air conditioning supply",2024,11.7,2.5999999999999996
LV,Latvia,"Electricity, gas, steam and air conditioning supply",2025,,2.45
LV,Latvia,Financial and insurance activities,2019,32.5,1.875
LV,Latvia,Financial and insurance activities,2020,36.2,1.325
LV,Latvia,Financial and insurance activities,2021,32.0,2.0500000000000003
LV,Latvia,Financial and insurance activities,2022,31.1,2.275
LV,Latvia,Financial and insurance activities,2023,30.2,1.875
LV,Latvia,Financial and insurance activities,2024,29.5,2.025
LV,Latvia,Financial and insurance activities,2025,,1.85
LV,Latvia,Human health and social work activities,2019,25.2,3.1
LV,Latvia,Human health and social work activities,2020,29.7,2.75
LV,Latvia,Human health and social work activities,2021,29.7,2.9000000000000004
LV,Latvia,Human health and social work activities,2022,32.4,2.725
LV,Latvia,Human health and social work activities,2023,31.8,2.55
LV,Latvia,Human health and social work activities,2024,30.7,2.45
LV,Latvia,Human health and social work activities,2025,,2.3000000000000003
LV,Latvia,Industry (except construction),2019,,3.5250000000000004
LV,Latvia,Industry (except construction),2020,,2.6500000000000004
LV,Latvia,Industry (except construction),2021,,3.5000000000000004
LV,Latvia,Industry (except construction),2022,,3.125
LV,Latvia,Industry (except construction),2023,,2.475
LV,Latvia,Industry (except construction),2024,,2.55
LV,Latvia,Industry (except construction),2025,,2.4
LV,Latvia,Industry and construction,2019,,3.9499999999999997
LV,Latvia,Industry and construction,2020,,2.75
LV,Latvia,Industry and construction,2021,,3.4999999999999996
LV,Latvia,Industry and construction,2022,,3.1500000000000004
LV,Latvia,Industry and construction,2023,,2.575
LV,Latvia,Industry and construction,2024,,2.45
LV,Latvia,Industry and construction,2025,,2.25
LV,Latvia,"Industry, construction and services (except activities of households as employers and extra-territorial organisations and bodies)",2019,19.8,3.075
LV,Latvia,"Industry, construction and services (except activities of households as employers and extra-territorial organisations and bodies)",2020,21.3,2.175
LV,Latvia,"Industry, construction and services (except activities of households as employers and extra-territorial organisations and bodies)",2021,14.6,2.7
LV,Latvia,"Industry, construction and services (except activities of households as employers and extra-territorial organisations and bodies)",2022,17.8,2.8500000000000005
LV,Latvia,"Industry, construction and services (except activities of households as employers and extra-territorial organisations and bodies)",2023,15.2,2.7
LV,Latvia,"Industry, construction and services (except activities of households as employers and extra-territorial organisations and bodies)",2024,12.9,2.575
LV,Latvia,"Industry, construction and services (except activities of households as employers and extra-territorial organisations and bodies)",2025,,2.25
LV,Latvia,"Industry, construction and services (except public administration, defense, compulsory social security)",2019,21.6,
LV,Latvia,"Industry, construction and services (except public administration, defense, compulsory social security)",2020,23.2,
LV,Latvia,"Industry, construction and services (except public administration, defense, compulsory social security)",2021,15.9,
LV,Latvia,"Industry, construction and services (except public administration, defense, compulsory social security)",2022,18.9,
LV,Latvia,"Industry, construction and services (except public administration, defense, compulsory social security)",2023,16.4,
LV,Latvia,"Industry, construction and services (except public administration, defense, compulsory social security)",2024,13.9,
LV,Latvia,Information and communication,2019,30.1,2.0250000000000004
LV,Latvia,Information and communication,2020,30.5,1.8250000000000002
LV,Latvia,Information and communication,2021,26.7,2.8249999999999997
LV,Latvia,Information and communication,2022,28.2,3.275
LV,Latvia,Information and communication,2023,26.4,2.525
LV,Latvia,Information and communication,2024,24.8,2.775
LV,Latvia,Information and communication,2025,,2.2750000000000004
LV,Latvia,Manufacturing,2019,22.6,3.65
LV,Latvia,Manufacturing,2020,24.8,2.8
LV,Latvia,Manufacturing,2021,20.9,3.7249999999999996
LV,Latvia,Manufacturing,2022,23.2,3.2249999999999996
LV,Latvia,Manufacturing,2023,22.2,2.475
LV,Latvia,Manufacturing,2024,20.7,2.5250000000000004
LV,Latvia,Manufacturing,2025,,2.3499999999999996
LV,Latvia,Mining and quarrying,2019,15.4,5.425
LV,Latvia,Mining and quarrying,2020,19.0,3.95
LV,Latvia,Mining and quarrying,2021,12.4,2.6750000000000003
LV,Latvia,Mining and quarrying,2022,7.5,4.125
LV,Latvia,Mining and quarrying,2023,4.2,3.25
LV,Latvia,Mining and quarrying,2024,8.3,3.05
LV,Latvia,Mining and quarrying,2025,,3.2749999999999995
LV,Latvia,Other service activities,2019,19.1,1.4
LV,Latvia,Other service activities,2020,15.5,0.325
LV,Latvia,Other service activities,2021,20.6,0.3
LV,Latvia,Other service activities,2022,16.5,0.625
LV,Latvia,Other service activities,2023,16.5,0.4
LV,Latvia,Other service activities,2024,12.5,1.175
LV,Latvia,Other service activities,2025,,0.6
LV,Latvia,"Professional, scientific and technical activities",2019,24.9,1.65
LV,Latvia,"Professional, scientific and technical activities",2020,25.0,0.7
LV,Latvia,"Professional, scientific and technical activities",2021,15.8,1.125
LV,Latvia,"Professional, scientific and technical activities",2022,17.3,1.1
LV,Latvia,"Professional, scientific and technical activities",2023,17.2,1.3
LV,Latvia,"Professional, scientific and technical activities",2024,16.4,1.025
LV,Latvia,"Professional, scientific and technical activities",2025,,1.0
LV,Latvia,"Professional, scientific and technical activities; administrative and support service activities",2019,,2.025
LV,Latvia,"Professional, scientific and technical activities; administrative and support service activities",2020,,1.075
LV,Latvia,"Professional, scientific and technical activities; administrative and support service activities",2021,,2.025
LV,Latvia,"Professional, scientific and technical activities; administrative and support service activities",2022,,2.25
LV,Latvia,"Professional, scientific and technical activities; administrative and support service activities",2023,,2.7
LV,Latvia,"Professional, scientific and technical activities; administrative and support service activities",2024,,2.1
LV,Latvia,"Professional, scientific and technical activities; administrative and support service activities",2025,,2.075
LV,Latvia,Public administration and defence; compulsory social security,2019,0.6,6.25
LV,Latvia,Public administration and defence; compulsory social security,2020,0.0,5.725
LV,Latvia,Public administration and defence; compulsory social security,2021,-0.7,5.85
LV,Latvia,Public administration and defence; compulsory social security,2022,2.6,7.525
LV,Latvia,Public administration and defence; compulsory social security,2023,1.3,8.350000000000001
LV,Latvia,Public administration and defence; compulsory social security,2024,3.0,7.9
LV,Latvia,Public administration and defence; compulsory social security,2025,,6.6
LV,Latvia,"Public administration and defence; compulsory social security; education; human health and social work activities; arts, entertainment and recreation; other service activities",2019,,2.875
LV,Latvia,"Public administration and defence; compulsory social security; education; human health and social work activities; arts, entertainment and recreation; other service activities",2020,,2.5999999999999996
LV,Latvia,"Public administration and defence; compulsory social security; education; human health and social work activities; arts, entertainment and recreation; other service activities",2021,,2.775
LV,Latvia,"Public administration and defence; compulsory social security; education; human health and social work activities; arts, entertainment and recreation; other service activities",2022,,3.3249999999999997
LV,Latvia,"Public administration and defence; compulsory social security; education; human health and social work activities; arts, entertainment and recreation; other service activities",2023,,3.425
LV,Latvia,"Public administration and defence; compulsory social security; education; human health and social work activities; arts, entertainment and recreation; other service activities",2024,,3.325
LV,Latvia,"Public administration and defence; compulsory social security; education; human health and social work activities; arts, entertainment and recreation; other service activities",2025,,2.775
LV,Latvia,"Public administration, defence, education, human health and social work activities",2019,,3.125
LV,Latvia,"Public administration, defence, education, human health and social work activities",2020,,2.875
LV,Latvia,"Public administration, defence, education, human health and social work activities",2021,,3.0250000000000004
LV,Latvia,"Public administration, defence, education, human health and social work activities",2022,,3.625
LV,Latvia,"Public administration, defence, education, human health and social work activities",2023,,3.8
LV,Latvia,"Public administration, defence, education, human health and social work activities",2024,,3.6
LV,Latvia,"Public administration, defence, education, human health and social work activities",2025,,3.0250000000000004
LV,Latvia,Real estate activities,2019,16.7,1.0
LV,Latvia,Real estate activities,2020,16.3,1.4249999999999998
LV,Latvia,Real estate activities,2021,13.5,2.075
LV,Latvia,Real estate activities,2022,4.1,1.4500000000000002
LV,Latvia,Real estate activities,2023,5.7,1.425
LV,Latvia,Real estate activities,2024,4.0,1.475
LV,Latvia,Real estate activities,2025,,1.375
LV,Latvia,Services of the business economy,2019,,2.825
LV,Latvia,Services of the business economy,2020,,1.5999999999999999
LV,Latvia,Services of the business economy,2021,,2.275
LV,Latvia,Services of the business economy,2022,,2.4000000000000004
LV,Latvia,Services of the business economy,2023,,2.275
LV,Latvia,Services of the business economy,2024,,2.1
LV,Latvia,Services of the business economy,2025,,1.825
LV,Latvia,Transportation and storage,2019,15.1,3.4250000000000003
LV,Latvia,Transportation and storage,2020,14.8,2.625
LV,Latvia,Transportation and storage,2021,15.0,2.625
LV,Latvia,Transportation and storage,2022,8.9,3.2
LV,Latvia,Transportation and storage,2023,8.0,2.9
LV,Latvia,Transportation and storage,2024,5.6,3.0249999999999995
LV,Latvia,Transportation and storage,2025,,2.35
LV,Latvia,"Water supply; sewerage, waste management and remediation activities",2019,17.5,2.725
LV,Latvia,"Water supply; sewerage, waste management and remediation activities",2020,19.6,1.5250000000000001
LV,Latvia,"Water supply; sewerage, waste management and remediation activities",2021,19.7,2.1750000000000003
LV,Latvia,"Water supply; sewerage, waste management and remediation activities",2022,10.5,2.475
LV,Latvia,"Water supply; sewerage, waste management and remediation activities",2023,9.0,2.0
LV,Latvia,"Water supply; sewerage, waste management and remediation activities",2024,9.7,1.7249999999999999
LV,Latvia,"Water supply; sewerage, waste management and remediation activities",2025,,2.25
LV,Latvia,"Wholesale and retail trade, transport, accommodation and food service activities",2019,,3.425
LV,Latvia,"Wholesale and retail trade, transport, accommodation and food service activities",2020,,1.775
LV,Latvia,"Wholesale and retail trade, transport, accommodation and food service activities",2021,,2.35
LV,Latvia,"Wholesale and retail trade, transport, accommodation and food service activities",2022,,2.425
LV,Latvia,"Wholesale and retail trade, transport, accommodation and food service activities",2023,,2.225
LV,Latvia,"Wholesale and retail trade, transport, accommodation and food service activities",2024,,2.0999999999999996
LV,Latvia,"Wholesale and retail trade, transport, accommodation and food service activities",2025,,1.7
LV,Latvia,Wholesale and retail trade; repair of motor vehicles and motorcycles,2019,26.9,3.25
LV,Latvia,Wholesale and retail trade; repair of motor vehicles and motorcycles,2020,25.9,1.3
LV,Latvia,Wholesale and retail trade; repair of motor vehicles and motorcycles,2021,23.7,2.075
LV,Latvia,Wholesale and retail trade; repair of motor vehicles and motorcycles,2022,24.7,1.8749999999999998
LV,Latvia,Wholesale and retail trade; repair of motor vehicles and motorcycles,2023,22.9,1.7750000000000001
LV,Latvia,Wholesale and retail trade; repair of motor vehicles and motorcycles,2024,21.1,1.6
LV,Latvia,Wholesale and retail trade; repair of motor vehicles and motorcycles,2025,,1.4249999999999998
MT,Malta,Accommodation and food service activities,2019,8.8,3.2750000000000004
MT,Malta,Accommodation and food service activities,2020,6.1,1.2750000000000001
MT,Malta,Accommodation and food service activities,2021,6.0,3.55
MT,Malta,Accommodation and food service activities,2022,4.8,4.2
MT,Malta,Accommodation and food service activities,2023,6.4,3.9
MT,Malta,Accommodation and food service activities,2024,4.8,3.25
MT,Malta,Accommodation and food service activities,2025,,3.7249999999999996
MT,Malta,Administrative and support service activities,2019,13.2,2.4000000000000004
MT,Malta,Administrative and support service activities,2020,9.6,1.125
MT,Malta,Administrative and support service activities,2021,6.1,2.1500000000000004
MT,Malta,Administrative and support service activities,2022,3.1,2.175
MT,Malta,Administrative and support service activities,2023,3.1,2.6750000000000003
MT,Malta,Administrative and support service activities,2024,2.5,4.025
MT,Malta,Administrative and support service activities,2025,,4.775
MT,Malta,"Arts, entertainment and recreation",2019,9.0,2.775
MT,Malta,"Arts, entertainment and recreation",2020,8.2,3.425
MT,Malta,"Arts, entertainment and recreation",2021,7.2,5.875
MT,Malta,"Arts, entertainment and recreation",2022,6.3,5.249999999999999
MT,Malta,"Arts, entertainment and recreation",2023,4.0,3.6999999999999997
MT,Malta,"Arts, entertainment and recreation",2024,5.7,3.925
MT,Malta,"Arts, entertainment and recreation",2025,,3.75
MT,Malta,"Arts, entertainment and recreation; other service activities",2019,,3.05
MT,Malta,"Arts, entertainment and recreation; other service activities",2020,,2.7
MT,Malta,"Arts, entertainment and recreation; other service activities",2021,,4.875
MT,Malta,"Arts, entertainment and recreation; other service activities",2022,,5.025
MT,Malta,"Arts, entertainment and recreation; other service activities",2023,,4.625
MT,Malta,"Arts, entertainment and recreation; other service activities",2024,,4.175
MT,Malta,"Arts, entertainment and recreation; other service activities",2025,,4.0249999999999995
MT,Malta,Business economy,2019,12.6,2.8
MT,Malta,Business economy,2020,9.3,1.65
MT,Malta,Business economy,2021,7.7,2.375
MT,Malta,Business economy,2022,4.4,3.025
MT,Malta,Business economy,2023,4.9,3.175
MT,Malta,Business economy,2024,4.5,3.5000000000000004
MT,Malta,Business economy,2025,,3.8000000000000003
MT,Malta,Construction,2019,-2.4,2.8499999999999996
MT,Malta,Construction,2020,-10.1,3.0749999999999997
MT,Malta,Construction,2021,-17.8,1.65
MT,Malta,Construction,2022,-25.0884389723407,2.975
MT,Malta,Construction,2023,-15.2,3.0749999999999997
MT,Malta,Construction,2024,-17.2,3.8499999999999996
MT,Malta,Construction,2025,,4.45
MT,Malta,Education,2019,13.7,1.2249999999999999
MT,Malta,Education,2020,13.2,1.3
MT,Malta,Education,2021,16.0,0.975
MT,Malta,Education,2022,17.7,1.05
MT,Malta,Education,2023,17.1,1.1
MT,Malta,Education,2024,15.4,1.025
MT,Malta,Education,2025,,1.4749999999999999
MT,Malta,"Electricity, gas, steam and air conditioning supply",2019,,2.425
MT,Malta,"Electricity, gas, steam and air conditioning supply",2020,,0.6
MT,Malta,"Electricity, gas, steam and air conditioning supply",2021,,1.3
MT,Malta,"Electricity, gas, steam and air conditioning supply",2022,,0.15
MT,Malta,"Electricity, gas, steam and air conditioning supply",2023,,0.75
MT,Malta,"Electricity, gas, steam and air conditioning supply",2024,,0.625
MT,Malta,"Electricity, gas, steam and air conditioning supply",2025,,0.22499999999999998
MT,Malta,Financial and insurance activities,2019,22.8,2.3499999999999996
MT,Malta,Financial and insurance activities,2020,19.3,1.9249999999999998
MT,Malta,Financial and insurance activities,2021,16.7,2.125
MT,Malta,Financial and insurance activities,2022,14.2,3.4
MT,Malta,Financial and insurance activities,2023,14.9,3.225
MT,Malta,Financial and insurance activities,2024,15.4,3.0
MT,Malta,Financial and insurance activities,2025,,2.9749999999999996
MT,Malta,Human health and social work activities,2019,15.9,1.2
MT,Malta,Human health and social work activities,2020,13.4,1.525
MT,Malta,Human health and social work activities,2021,10.5,0.925
MT,Malta,Human health and social work activities,2022,8.1,0.9
MT,Malta,Human health and social work activities,2023,8.4,0.925
MT,Malta,Human health and social work activities,2024,8.8,1.3
MT,Malta,Human health and social work activities,2025,,1.6999999999999997
MT,Malta,Industry (except construction),2019,,2.875
MT,Malta,Industry (except construction),2020,,1.5250000000000001
MT,Malta,Industry (except construction),2021,,2.25
MT,Malta,Industry (except construction),2022,,2.55
MT,Malta,Industry (except construction),2023,,2.725
MT,Malta,Industry (except construction),2024,,2.475
MT,Malta,Industry (except construction),2025,,2.4499999999999997
MT,Malta,Industry and construction,2019,,2.875
MT,Malta,Industry and construction,2020,,2.0999999999999996
MT,Malta,Industry and construction,2021,,2.0500000000000003
MT,Malta,Industry and construction,2022,,2.7250000000000005
MT,Malta,Industry and construction,2023,,2.825
MT,Malta,Industry and construction,2024,,2.9749999999999996
MT,Malta,Industry and construction,2025,,3.2
MT,Malta,"Industry, construction and services (except activities of households as employers and extra-territorial organisations and bodies)",2019,,2.4749999999999996
MT,Malta,"Industry, construction and services (except activities of households as employers and extra-territorial organisations and bodies)",2020,,1.625
MT,Malta,"Industry, construction and services (except activities of households as employers and extra-territorial organisations and bodies)",2021,,2.1750000000000003
MT,Malta,"Industry, construction and services (except activities of households as employers and extra-territorial organisations and bodies)",2022,,2.65
MT,Malta,"Industry, construction and services (except activities of households as employers and extra-territorial organisations and bodies)",2023,,2.775
MT,Malta,"Industry, construction and services (except activities of households as employers and extra-territorial organisations and bodies)",2024,,3.05
MT,Malta,"Industry, construction and services (except activities of households as employers and extra-territorial organisations and bodies)",2025,,3.2
MT,Malta,"Industry, construction and services (except public administration, defense, compulsory social security)",2019,10.5,
MT,Malta,"Industry, construction and services (except public administration, defense, compulsory social security)",2020,7.9,
MT,Malta,"Industry, construction and services (except public administration, defense, compulsory social security)",2021,7.2,
MT,Malta,"Industry, construction and services (except public administration, defense, compulsory social security)",2022,5.8,
MT,Malta,"Industry, construction and services (except public administration, defense, compulsory social security)",2023,5.1,
MT,Malta,"Industry, construction and services (except public administration, defense, compulsory social security)",2024,4.9,
MT,Malta,Information and communication,2019,13.8,2.6
MT,Malta,Information and communication,2020,13.0,2.675
MT,Malta,Information and communication,2021,12.1,3.2750000000000004
MT,Malta,Information and communication,2022,12.1,5.45
MT,Malta,Information and communication,2023,15.6,4.45
MT,Malta,Information and communication,2024,18.7,5.725
MT,Malta,Information and communication,2025,,4.625
MT,Malta,Manufacturing,2019,20.7,2.9
MT,Malta,Manufacturing,2020,18.0,1.575
MT,Malta,Manufacturing,2021,15.2,2.25
MT,Malta,Manufacturing,2022,13.1,2.625
MT,Malta,Manufacturing,2023,14.5,2.775
MT,Malta,Manufacturing,2024,13.9,2.4
MT,Malta,Manufacturing,2025,,2.475
MT,Malta,Mining and quarrying,2019,19.2,3.65
MT,Malta,Mining and quarrying,2020,7.4,0.0
MT,Malta,Mining and quarrying,2021,-1.5,2.1
MT,Malta,Mining and quarrying,2022,-8.9,2.3
MT,Malta,Mining and quarrying,2023,-5.1,6.425000000000001
MT,Malta,Mining and quarrying,2024,-4.0,4.625
MT,Malta,Mining and quarrying,2025,,5.475
MT,Malta,Other service activities,2019,22.5,3.725
MT,Malta,Other service activities,2020,16.3,0.775
MT,Malta,Other service activities,2021,5.3,1.8
MT,Malta,Other service activities,2022,-2.9,4.324999999999999
MT,Malta,Other service activities,2023,-2.3,7.325000000000001
MT,Malta,Other service activities,2024,-2.6,4.875
MT,Malta,Other service activities,2025,,4.725
MT,Malta,"Professional, scientific and technical activities",2019,20.7,4.324999999999999
MT,Malta,"Professional, scientific and technical activities",2020,15.0,1.875
MT,Malta,"Professional, scientific and technical activities",2021,12.2,2.95
MT,Malta,"Professional, scientific and technical activities",2022,7.9,3.275
MT,Malta,"Professional, scientific and technical activities",2023,7.2,3.5500000000000003
MT,Malta,"Professional, scientific and technical activities",2024,7.6,3.8499999999999996
MT,Malta,"Professional, scientific and technical activities",2025,,3.825
MT,Malta,"Professional, scientific and technical activities; administrative and support service activities",2019,,3.125
MT,Malta,"Professional, scientific and technical activities; administrative and support service activities",2020,,1.4
MT,Malta,"Professional, scientific and technical activities; administrative and support service activities",2021,,2.45
MT,Malta,"Professional, scientific and technical activities; administrative and support service activities",2022,,2.625
MT,Malta,"Professional, scientific and technical activities; administrative and support service activities",2023,,3.0
MT,Malta,"Professional, scientific and technical activities; administrative and support service activities",2024,,3.9749999999999996
MT,Malta,"Professional, scientific and technical activities; administrative and support service activities",2025,,4.425000000000001
MT,Malta,Public administration and defence; compulsory social security,2019,,1.425
MT,Malta,Public administration and defence; compulsory social security,2020,,1.1
MT,Malta,Public administration and defence; compulsory social security,2021,,1.05
MT,Malta,Public administration and defence; compulsory social security,2022,,1.025
MT,Malta,Public administration and defence; compulsory social security,2023,,1.5750000000000002
MT,Malta,Public administration and defence; compulsory social security,2024,,1.9999999999999998
MT,Malta,Public administration and defence; compulsory social security,2025,,1.3750000000000002
MT,Malta,"Public administration and defence; compulsory social security; education; human health and social work activities; arts, entertainment and recreation; other service activities",2019,,1.6
MT,Malta,"Public administration and defence; compulsory social security; education; human health and social work activities; arts, entertainment and recreation; other service activities",2020,,1.6
MT,Malta,"Public administration and defence; compulsory social security; education; human health and social work activities; arts, entertainment and recreation; other service activities",2021,,1.6749999999999998
MT,Malta,"Public administration and defence; compulsory social security; education; human health and social work activities; arts, entertainment and recreation; other service activities",2022,,1.725
MT,Malta,"Public administration and defence; compulsory social security; education; human health and social work activities; arts, entertainment and recreation; other service activities",2023,,1.8
MT,Malta,"Public administration and defence; compulsory social security; education; human health and social work activities; arts, entertainment and recreation; other service activities",2024,,1.9250000000000003
MT,Malta,"Public administration and defence; compulsory social security; education; human health and social work activities; arts, entertainment and recreation; other service activities",2025,,1.9500000000000002
MT,Malta,"Public administration, defence, education, human health and social work activities",2019,,1.25
MT,Malta,"Public administration, defence, education, human health and social work activities",2020,,1.3250000000000002
MT,Malta,"Public administration, defence, education, human health and social work activities",2021,,0.975
MT,Malta,"Public administration, defence, education, human health and social work activities",2022,,1.025
MT,Malta,"Public administration, defence, education, human health and social work activities",2023,,1.2
MT,Malta,"Public administration, defence, education, human health and social work activities",2024,,1.45
MT,Malta,"Public administration, defence, education, human health and social work activities",2025,,1.5250000000000001
MT,Malta,Real estate activities,2019,24.2,2.275
MT,Malta,Real estate activities,2020,31.9,2.5
MT,Malta,Real estate activities,2021,28.9,1.4749999999999999
MT,Malta,Real estate activities,2022,27.4,2.05
MT,Malta,Real estate activities,2023,18.5,3.0749999999999997
MT,Malta,Real estate activities,2024,17.4,3.0
MT,Malta,Real estate activities,2025,,3.1250000000000004
MT,Malta,Services of the business economy,2019,,2.8
MT,Malta,Services of the business economy,2020,,1.5499999999999998
MT,Malta,Services of the business economy,2021,,2.475
MT,Malta,Services of the business economy,2022,,3.1
MT,Malta,Services of the business economy,2023,,3.2749999999999995
MT,Malta,Services of the business economy,2024,,3.625
MT,Malta,Services of the business economy,2025,,3.925
MT,Malta,Transportation and storage,2019,11.4,2.125
MT,Malta,Transportation and storage,2020,11.5,0.75
MT,Malta,Transportation and storage,2021,15.3,1.5499999999999998
MT,Malta,Transportation and storage,2022,13.2,1.9500000000000002
MT,Malta,Transportation and storage,2023,12.3,2.575
MT,Malta,Transportation and storage,2024,10.6,3.6500000000000004
MT,Malta,Transportation and storage,2025,,4.15
MT,Malta,"Water supply; sewerage, waste management and remediation activities",2019,19.9,2.025
MT,Malta,"Water supply; sewerage, waste management and remediation activities",2020,20.2,1.45
MT,Malta,"Water supply; sewerage, waste management and remediation activities",2021,20.9,2.45
MT,Malta,"Water supply; sewerage, waste management and remediation activities",2022,18.4,2.05
MT,Malta,"Water supply; sewerage, waste management and remediation activities",2023,,2.5999999999999996
MT,Malta,"Water supply; sewerage, waste management and remediation activities",2024,,3.675
MT,Malta,"Water supply; sewerage, waste management and remediation activities",2025,,2.425
MT,Malta,"Wholesale and retail trade, transport, accommodation and food service activities",2019,,2.675
MT,Malta,"Wholesale and retail trade, transport, accommodation and food service activities",2020,,1.2999999999999998
MT,Malta,"Wholesale and retail trade, transport, accommodation and food service activities",2021,,2.4749999999999996
MT,Malta,"Wholesale and retail trade, transport, accommodation and food service activities",2022,,3.05
MT,Malta,"Wholesale and retail trade, transport, accommodation and food service activities",2023,,3.2500000000000004
MT,Malta,"Wholesale and retail trade, transport, accommodation and food service activities",2024,,3.125
MT,Malta,"Wholesale and retail trade, transport, accommodation and food service activities",2025,,3.625
MT,Malta,Wholesale and retail trade; repair of motor vehicles and motorcycles,2019,12.3,2.5749999999999997
MT,Malta,Wholesale and retail trade; repair of motor vehicles and motorcycles,2020,10.7,1.45
MT,Malta,Wholesale and retail trade; repair of motor vehicles and motorcycles,2021,8.0,2.075
MT,Malta,Wholesale and retail trade; repair of motor vehicles and motorcycles,2022,4.2,2.7
MT,Malta,Wholesale and retail trade; repair of motor vehicles and motorcycles,2023,4.5,3.1
MT,Malta,Wholesale and retail trade; repair of motor vehicles and motorcycles,2024,4.8,2.8499999999999996
MT,Malta,Wholesale and retail trade; repair of motor vehicles and motorcycles,2025,,3.325
NL,Netherlands,Accommodation and food service activities,2019,10.0,5.025
NL,Netherlands,Accommodation and food service activities,2020,8.7,2.275
NL,Netherlands,Accommodation and food service activities,2021,8.6,6.1499999999999995
NL,Netherlands,Accommodation and food service activities,2022,7.4,7.95
NL,Netherlands,Accommodation and food service activities,2023,10.7,6.4
NL,Netherlands,Accommodation and food service activities,2024,9.2,5.55
NL,Netherlands,Accommodation and food service activities,2025,,5.05
NL,Netherlands,Administrative and support service activities,2019,9.2,1.775
NL,Netherlands,Administrative and support service activities,2020,9.5,1.525
NL,Netherlands,Administrative and support service activities,2021,9.3,2.15
NL,Netherlands,Administrative and support service activities,2022,9.8,2.7750000000000004
NL,Netherlands,Administrative and support service activities,2023,8.7,2.8499999999999996
NL,Netherlands,Administrative and support service activities,2024,7.6,2.9
NL,Netherlands,Administrative and support service activities,2025,,2.7250000000000005
NL,Netherlands,"Agriculture, forestry and fishing",2019,,2.275
NL,Netherlands,"Agriculture, forestry and fishing",2020,,1.8
NL,Netherlands,"Agriculture, forestry and fishing",2021,,2.325
NL,Netherlands,"Agriculture, forestry and fishing",2022,,2.8749999999999996
NL,Netherlands,"Agriculture, forestry and fishing",2023,,2.875
NL,Netherlands,"Agriculture, forestry and fishing",2024,,2.9
NL,Netherlands,"Agriculture, forestry and fishing",2025,,2.675
NL,Netherlands,All NACE activities (except activities of households as employers and as own use producers; activities of extra-territorial organisations and bodies),2019,,3.2
NL,Netherlands,All NACE activities (except activities of households as employers and as own use producers; activities of extra-territorial organisations and bodies),2020,,2.5
NL,Netherlands,All NACE activities (except activities of households as employers and as own use producers; activities of extra-territorial organisations and bodies),2021,,3.75
NL,Netherlands,All NACE activities (except activities of households as employers and as own use producers; activities of extra-territorial organisations and bodies),2022,,4.8500000000000005
NL,Netherlands,All NACE activities (except activities of households as employers and as own use producers; activities of extra-territorial organisations and bodies),2023,,4.475
NL,Netherlands,All NACE activities (except activities of households as employers and as own use producers; activities of extra-territorial organisations and bodies),2024,,4.3
NL,Netherlands,All NACE activities (except activities of households as employers and as own use producers; activities of extra-territorial organisations and bodies),2025,,4.1
NL,Netherlands,"Arts, entertainment and recreation",2019,18.0,2.875
NL,Netherlands,"Arts, entertainment and recreation",2020,15.6,1.75
NL,Netherlands,"Arts, entertainment and recreation",2021,13.7,3.5
NL,Netherlands,"Arts, entertainment and recreation",2022,10.6,4.2250000000000005
NL,Netherlands,"Arts, entertainment and recreation",2023,17.9,3.925
NL,Netherlands,"Arts, entertainment and recreation",2024,16.9,3.575
NL,Netherlands,"Arts, entertainment and recreation",2025,,3.475
NL,Netherlands,"Arts, entertainment and recreation; other service activities",2019,,2.925
NL,Netherlands,"Arts, entertainment and recreation; other service activities",2020,,1.9249999999999998
NL,Netherlands,"Arts, entertainment and recreation; other service activities",2021,,3.5500000000000003
NL,Netherlands,"Arts, entertainment and recreation; other service activities",2022,,4.550000000000001
NL,Netherlands,"Arts, entertainment and recreation; other service activities",2023,,4.525
NL,Netherlands,"Arts, entertainment and recreation; other service activities",2024,,4.25
NL,Netherlands,"Arts, entertainment and recreation; other service activities",2025,,3.975
NL,Netherlands,Business economy,2019,21.1,3.6
NL,Netherlands,Business economy,2020,21.3,2.625
NL,Netherlands,Business economy,2021,21.3,4.225
NL,Netherlands,Business economy,2022,21.4,5.3999999999999995
NL,Netherlands,Business economy,2023,17.8,4.85
NL,Netherlands,Business economy,2024,16.4,4.6
NL,Netherlands,Business economy,2025,,4.4
NL,Netherlands,Construction,2019,10.2,5.25
NL,Netherlands,Construction,2020,10.6,4.075
NL,Netherlands,Construction,2021,11.3,6.0
NL,Netherlands,Construction,2022,11.4,7.025
NL,Netherlands,Construction,2023,7.3,6.75
NL,Netherlands,Construction,2024,6.7,6.8
NL,Netherlands,Construction,2025,,7.299999999999999
NL,Netherlands,Education,2019,8.2,1.4249999999999998
NL,Netherlands,Education,2020,7.1,1.1
NL,Netherlands,Education,2021,6.3,1.65
NL,Netherlands,Education,2022,4.7,2.075
NL,Netherlands,Education,2023,3.9,2.0999999999999996
NL,Netherlands,Education,2024,3.8,1.975
NL,Netherlands,Education,2025,,1.7249999999999999
NL,Netherlands,"Electricity, gas, steam and air conditioning supply",2019,10.9,3.5999999999999996
NL,Netherlands,"Electricity, gas, steam and air conditioning supply",2020,9.7,3.825
NL,Netherlands,"Electricity, gas, steam and air conditioning supply",2021,8.9,4.5
NL,Netherlands,"Electricity, gas, steam and air conditioning supply",2022,6.7,6.175
NL,Netherlands,"Electricity, gas, steam and air conditioning supply",2023,9.4,6.35
NL,Netherlands,"Electricity, gas, steam and air conditioning supply",2024,8.9,5.375
NL,Netherlands,"Electricity, gas, steam and air conditioning supply",2025,,4.675
NL,Netherlands,Financial and insurance activities,2019,25.8,4.1499999999999995
NL,Netherlands,Financial and insurance activities,2020,25.0,3.325
NL,Netherlands,Financial and insurance activities,2021,24.0,4.15
NL,Netherlands,Financial and insurance activities,2022,23.2,5.3999999999999995
NL,Netherlands,Financial and insurance activities,2023,22.6,4.575
NL,Netherlands,Financial and insurance activities,2024,21.8,3.925
NL,Netherlands,Financial and insurance activities,2025,,3.8499999999999996
NL,Netherlands,Human health and social work activities,2019,18.9,2.7250000000000005
NL,Netherlands,Human health and social work activities,2020,18.3,2.525
NL,Netherlands,Human health and social work activities,2021,17.2,3.2
NL,Netherlands,Human health and social work activities,2022,15.7,4.25
NL,Netherlands,Human health and social work activities,2023,17.3,4.2250000000000005
NL,Netherlands,Human health and social work activities,2024,16.4,4.25
NL,Netherlands,Human health and social work activities,2025,,4.225
NL,Netherlands,Industry (except construction),2019,,2.9
NL,Netherlands,Industry (except construction),2020,,2.275
NL,Netherlands,Industry (except construction),2021,,3.65
NL,Netherlands,Industry (except construction),2022,,4.525
NL,Netherlands,Industry (except construction),2023,,4.225
NL,Netherlands,Industry (except construction),2024,,4.3500000000000005
NL,Netherlands,Industry (except construction),2025,,3.925
NL,Netherlands,Industry and construction,2019,,3.5999999999999996
NL,Netherlands,Industry and construction,2020,,2.8
NL,Netherlands,Industry and construction,2021,,4.324999999999999
NL,Netherlands,Industry and construction,2022,,5.275
NL,Netherlands,Industry and construction,2023,,4.975
NL,Netherlands,Industry and construction,2024,,5.15
NL,Netherlands,Industry and construction,2025,,5.0
NL,Netherlands,"Industry, construction and services (except activities of households as employers and extra-territorial organisations and bodies)",2019,13.8,3.25
NL,Netherlands,"Industry, construction and services (except activities of households as employers and extra-territorial organisations and bodies)",2020,14.0,2.5
NL,Netherlands,"Industry, construction and services (except activities of households as employers and extra-territorial organisations and bodies)",2021,13.8,3.7750000000000004
NL,Netherlands,"Industry, construction and services (except activities of households as employers and extra-territorial organisations and bodies)",2022,13.6,4.85
NL,Netherlands,"Industry, construction and services (except activities of households as employers and extra-territorial organisations and bodies)",2023,11.4,4.5
NL,Netherlands,"Industry, construction and services (except activities of households as employers and extra-territorial organisations and bodies)",2024,10.1,4.325
NL,Netherlands,"Industry, construction and services (except activities of households as employers and extra-territorial organisations and bodies)",2025,,4.1
NL,Netherlands,"Industry, construction and services (except public administration, defense, compulsory social security)",2019,14.9,
NL,Netherlands,"Industry, construction and services (except public administration, defense, compulsory social security)",2020,14.7,
NL,Netherlands,"Industry, construction and services (except public administration, defense, compulsory social security)",2021,14.3,
NL,Netherlands,"Industry, construction and services (except public administration, defense, compulsory social security)",2022,14.0,
NL,Netherlands,"Industry, construction and services (except public administration, defense, compulsory social security)",2023,12.5,
NL,Netherlands,"Industry, construction and services (except public administration, defense, compulsory social security)",2024,11.2,
NL,Netherlands,Information and communication,2019,16.9,6.175
NL,Netherlands,Information and communication,2020,17.3,4.65
NL,Netherlands,Information and communication,2021,18.0,6.9750000000000005
NL,Netherlands,Information and communication,2022,17.8,7.625
NL,Netherlands,Information and communication,2023,13.7,6.0
NL,Netherlands,Information and communication,2024,13.0,5.375
NL,Netherlands,Information and communication,2025,,4.975
NL,Netherlands,Manufacturing,2019,18.1,3.25
NL,Netherlands,Manufacturing,2020,19.2,2.4499999999999997
NL,Netherlands,Manufacturing,2021,19.2,3.9749999999999996
NL,Netherlands,Manufacturing,2022,19.2,4.825
NL,Netherlands,Manufacturing,2023,14.3,4.5
NL,Netherlands,Manufacturing,2024,13.4,4.425000000000001
NL,Netherlands,Manufacturing,2025,,3.925
NL,Netherlands,Mining and quarrying,2019,12.5,3.35
NL,Netherlands,Mining and quarrying,2020,12.4,1.5
NL,Netherlands,Mining and quarrying,2021,8.1,3.425
NL,Netherlands,Mining and quarrying,2022,5.7,6.45
NL,Netherlands,Mining and quarrying,2023,14.2,4.5
NL,Netherlands,Mining and quarrying,2024,14.2,4.2
NL,Netherlands,Mining and quarrying,2025,,4.325
NL,Netherlands,Other service activities,2019,14.3,3.075
NL,Netherlands,Other service activities,2020,13.5,2.15
NL,Netherlands,Other service activities,2021,13.1,3.8
NL,Netherlands,Other service activities,2022,13.6,4.95
NL,Netherlands,Other service activities,2023,11.6,5.25
NL,Netherlands,Other service activities,2024,10.1,4.925
NL,Netherlands,Other service activities,2025,,4.5
NL,Netherlands,"Professional, scientific and technical activities",2019,20.8,4.375
NL,Netherlands,"Professional, scientific and technical activities",2020,20.7,3.275
NL,Netherlands,"Professional, scientific and technical activities",2021,20.1,4.95
NL,Netherlands,"Professional, scientific and technical activities",2022,19.0,6.275
NL,Netherlands,"Professional, scientific and technical activities",2023,17.0,5.75
NL,Netherlands,"Professional, scientific and technical activities",2024,16.2,5.275
NL,Netherlands,"Professional, scientific and technical activities",2025,,5.1499999999999995
NL,Netherlands,"Professional, scientific and technical activities; administrative and support service activities",2019,,2.625
NL,Netherlands,"Professional, scientific and technical activities; administrative and support service activities",2020,,2.1500000000000004
NL,Netherlands,"Professional, scientific and technical activities; administrative and support service activities",2021,,3.2
NL,Netherlands,"Professional, scientific and technical activities; administrative and support service activities",2022,,4.05
NL,Netherlands,"Professional, scientific and technical activities; administrative and support service activities",2023,,3.975
NL,Netherlands,"Professional, scientific and technical activities; administrative and support service activities",2024,,3.85
NL,Netherlands,"Professional, scientific and technical activities; administrative and support service activities",2025,,3.75
NL,Netherlands,Public administration and defence; compulsory social security,2019,1.6,2.2750000000000004
NL,Netherlands,Public administration and defence; compulsory social security,2020,3.2,2.25
NL,Netherlands,Public administration and defence; compulsory social security,2021,4.2,2.575
NL,Netherlands,Public administration and defence; compulsory social security,2022,5.3,3.3499999999999996
NL,Netherlands,Public administration and defence; compulsory social security,2023,0.7,3.6750000000000003
NL,Netherlands,Public administration and defence; compulsory social security,2024,0.8,3.875
NL,Netherlands,Public administration and defence; compulsory social security,2025,,3.2749999999999995
NL,Netherlands,"Public administration and defence; compulsory social security; education; human health and social work activities; arts, entertainment and recreation; other service activities",2019,,2.5
NL,Netherlands,"Public administration and defence; compulsory social security; education; human health and social work activities; arts, entertainment and recreation; other service activities",2020,,2.225
NL,Netherlands,"Public administration and defence; compulsory social security; education; human health and social work activities; arts, entertainment and recreation; other service activities",2021,,2.9000000000000004
NL,Netherlands,"Public administration and defence; compulsory social security; education; human health and social work activities; arts, entertainment and recreation; other service activities",2022,,3.75
NL,Netherlands,"Public administration and defence; compulsory social security; education; human health and social work activities; arts, entertainment and recreation; other service activities",2023,,3.825
NL,Netherlands,"Public administration and defence; compulsory social security; education; human health and social work activities; arts, entertainment and recreation; other service activities",2024,,3.75
NL,Netherlands,"Public administration and defence; compulsory social security; education; human health and social work activities; arts, entertainment and recreation; other service activities",2025,,3.525
NL,Netherlands,"Public administration, defence, education, human health and social work activities",2019,,2.45
NL,Netherlands,"Public administration, defence, education, human health and social work activities",2020,,2.275
NL,Netherlands,"Public administration, defence, education, human health and social work activities",2021,,2.825
NL,Netherlands,"Public administration, defence, education, human health and social work activities",2022,,3.7
NL,Netherlands,"Public administration, defence, education, human health and social work activities",2023,,3.7249999999999996
NL,Netherlands,"Public administration, defence, education, human health and social work activities",2024,,3.7
NL,Netherlands,"Public administration, defence, education, human health and social work activities",2025,,3.45
NL,Netherlands,Real estate activities,2019,15.2,3.075
NL,Netherlands,Real estate activities,2020,13.3,2.0749999999999997
NL,Netherlands,Real estate activities,2021,11.2,2.9
NL,Netherlands,Real estate activities,2022,9.0,4.800000000000001
NL,Netherlands,Real estate activities,2023,14.0,3.75
NL,Netherlands,Real estate activities,2024,12.9,3.775
NL,Netherlands,Real estate activities,2025,,3.425
NL,Netherlands,Services of the business economy,2019,,3.6
NL,Netherlands,Services of the business economy,2020,,2.6
NL,Netherlands,Services of the business economy,2021,,4.199999999999999
NL,Netherlands,Services of the business economy,2022,,5.475
NL,Netherlands,Services of the business economy,2023,,4.824999999999999
NL,Netherlands,Services of the business economy,2024,,4.425000000000001
NL,Netherlands,Services of the business economy,2025,,4.225
NL,Netherlands,Transportation and storage,2019,11.3,3.2
NL,Netherlands,Transportation and storage,2020,10.9,2.0
NL,Netherlands,Transportation and storage,2021,11.5,3.7
NL,Netherlands,Transportation and storage,2022,12.7,4.800000000000001
NL,Netherlands,Transportation and storage,2023,10.9,4.25
NL,Netherlands,Transportation and storage,2024,9.6,4.074999999999999
NL,Netherlands,Transportation and storage,2025,,3.6000000000000005
NL,Netherlands,"Water supply; sewerage, waste management and remediation activities",2019,0.6,2.95
NL,Netherlands,"Water supply; sewerage, waste management and remediation activities",2020,2.8,2.6
NL,Netherlands,"Water supply; sewerage, waste management and remediation activities",2021,5.3,3.45
NL,Netherlands,"Water supply; sewerage, waste management and remediation activities",2022,8.2,5.074999999999999
NL,Netherlands,"Water supply; sewerage, waste management and remediation activities",2023,0.7,4.35
NL,Netherlands,"Water supply; sewerage, waste management and remediation activities",2024,0.2,4.65
NL,Netherlands,"Water supply; sewerage, waste management and remediation activities",2025,,4.475
NL,Netherlands,"Wholesale and retail trade, transport, accommodation and food service activities",2019,,4.0
NL,Netherlands,"Wholesale and retail trade, transport, accommodation and food service activities",2020,,2.575
NL,Netherlands,"Wholesale and retail trade, transport, accommodation and food service activities",2021,,4.6000000000000005
NL,Netherlands,"Wholesale and retail trade, transport, accommodation and food service activities",2022,,6.199999999999999
NL,Netherlands,"Wholesale and retail trade, transport, accommodation and food service activities",2023,,5.300000000000001
NL,Netherlands,"Wholesale and retail trade, transport, accommodation and food service activities",2024,,4.825
NL,Netherlands,"Wholesale and retail trade, transport, accommodation and food service activities",2025,,4.55
NL,Netherlands,Wholesale and retail trade; repair of motor vehicles and motorcycles,2019,24.7,3.875
NL,Netherlands,Wholesale and retail trade; repair of motor vehicles and motorcycles,2020,24.4,2.8
NL,Netherlands,Wholesale and retail trade; repair of motor vehicles and motorcycles,2021,23.7,4.375
NL,Netherlands,Wholesale and retail trade; repair of motor vehicles and motorcycles,2022,22.8,5.975
NL,Netherlands,Wholesale and retail trade; repair of motor vehicles and motorcycles,2023,21.8,5.199999999999999
NL,Netherlands,Wholesale and retail trade; repair of motor vehicles and motorcycles,2024,20.0,4.775
NL,Netherlands,Wholesale and retail trade; repair of motor vehicles and motorcycles,2025,,4.625
PL,Poland,Accommodation and food service activities,2019,8.4,1.4500000000000002
PL,Poland,Accommodation and food service activities,2020,7.0,0.55
PL,Poland,Accommodation and food service activities,2021,9.9,1.3250000000000002
PL,Poland,Accommodation and food service activities,2022,12.8,1.275
PL,Poland,Accommodation and food service activities,2023,10.4,1.05
PL,Poland,Accommodation and food service activities,2024,8.0,0.95
PL,Poland,Accommodation and food service activities,2025,,1.0
PL,Poland,Administrative and support service activities,2019,0.3,0.925
PL,Poland,Administrative and support service activities,2020,0.0,0.525
PL,Poland,Administrative and support service activities,2021,-0.2,0.9500000000000001
PL,Poland,Administrative and support service activities,2022,-0.4,1.175
PL,Poland,Administrative and support service activities,2023,0.6,0.675
PL,Poland,Administrative and support service activities,2024,1.5,0.625
PL,Poland,Administrative and support service activities,2025,,0.675
PL,Poland,"Agriculture, forestry and fishing",2019,,0.42499999999999993
PL,Poland,"Agriculture, forestry and fishing",2020,,0.45
PL,Poland,"Agriculture, forestry and fishing",2021,,0.7000000000000001
PL,Poland,"Agriculture, forestry and fishing",2022,,0.6000000000000001
PL,Poland,"Agriculture, forestry and fishing",2023,,0.675
PL,Poland,"Agriculture, forestry and fishing",2024,,0.7
PL,Poland,"Agriculture, forestry and fishing",2025,,0.42500000000000004
PL,Poland,All NACE activities (except activities of households as employers and as own use producers; activities of extra-territorial organisations and bodies),2019,,1.0750000000000002
PL,Poland,All NACE activities (except activities of households as employers and as own use producers; activities of extra-territorial organisations and bodies),2020,,0.675
PL,Poland,All NACE activities (except activities of households as employers and as own use producers; activities of extra-territorial organisations and bodies),2021,,1.125
PL,Poland,All NACE activities (except activities of households as employers and as own use producers; activities of extra-territorial organisations and bodies),2022,,1.1
PL,Poland,All NACE activities (except activities of households as employers and as own use producers; activities of extra-territorial organisations and bodies),2023,,0.9
PL,Poland,All NACE activities (except activities of households as employers and as own use producers; activities of extra-territorial organisations and bodies),2024,,0.875
PL,Poland,All NACE activities (except activities of households as employers and as own use producers; activities of extra-territorial organisations and bodies),2025,,0.8
PL,Poland,"Arts, entertainment and recreation",2019,7.5,1.175
PL,Poland,"Arts, entertainment and recreation",2020,6.8,0.525
PL,Poland,"Arts, entertainment and recreation",2021,6.5,0.575
PL,Poland,"Arts, entertainment and recreation",2022,6.2,0.7250000000000001
PL,Poland,"Arts, entertainment and recreation",2023,6.9,0.6499999999999999
PL,Poland,"Arts, entertainment and recreation",2024,7.5,0.5
PL,Poland,"Arts, entertainment and recreation",2025,,0.6749999999999999
PL,Poland,"Arts, entertainment and recreation; other service activities",2019,,1.4000000000000001
PL,Poland,"Arts, entertainment and recreation; other service activities",2020,,0.575
PL,Poland,"Arts, entertainment and recreation; other service activities",2021,,0.8250000000000001
PL,Poland,"Arts, entertainment and recreation; other service activities",2022,,1.0
PL,Poland,"Arts, entertainment and recreation; other service activities",2023,,0.9
PL,Poland,"Arts, entertainment and recreation; other service activities",2024,,0.85
PL,Poland,"Arts, entertainment and recreation; other service activities",2025,,0.8
PL,Poland,Business economy,2019,13.9,1.225
PL,Poland,Business economy,2020,12.4,0.7
PL,Poland,Business economy,2021,12.8,1.25
PL,Poland,Business economy,2022,13.2,1.25
PL,Poland,Business economy,2023,12.5,0.95
PL,Poland,Business economy,2024,11.7,0.95
PL,Poland,Business economy,2025,,0.8500000000000001
PL,Poland,Construction,2019,-9.2,2.9250000000000003
PL,Poland,Construction,2020,-9.6,1.35
PL,Poland,Construction,2021,-10.5,2.5
PL,Poland,Construction,2022,-11.4,2.1750000000000003
PL,Poland,Construction,2023,-11.0,1.6500000000000001
PL,Poland,Construction,2024,-10.5,1.85
PL,Poland,Construction,2025,,1.5
PL,Poland,Education,2019,5.3,0.25
PL,Poland,Education,2020,5.4,0.2
PL,Poland,Education,2021,6.0,0.275
PL,Poland,Education,2022,6.5,0.35000000000000003
PL,Poland,Education,2023,7.2,0.375
PL,Poland,Education,2024,7.8,0.42500000000000004
PL,Poland,Education,2025,,0.32499999999999996
PL,Poland,"Electricity, gas, steam and air conditioning supply",2019,4.2,0.375
PL,Poland,"Electricity, gas, steam and air conditioning supply",2020,3.3,0.37500000000000006
PL,Poland,"Electricity, gas, steam and air conditioning supply",2021,2.2,0.5499999999999999
PL,Poland,"Electricity, gas, steam and air conditioning supply",2022,1.1,0.65
PL,Poland,"Electricity, gas, steam and air conditioning supply",2023,1.5,0.75
PL,Poland,"Electricity, gas, steam and air conditioning supply",2024,1.9,0.575
PL,Poland,"Electricity, gas, steam and air conditioning supply",2025,,0.6
PL,Poland,Financial and insurance activities,2019,30.6,0.6
PL,Poland,Financial and insurance activities,2020,30.4,0.35000000000000003
PL,Poland,Financial and insurance activities,2021,29.0,0.6499999999999999
PL,Poland,Financial and insurance activities,2022,27.6,0.75
PL,Poland,Financial and insurance activities,2023,28.1,0.525
PL,Poland,Financial and insurance activities,2024,28.6,0.45
PL,Poland,Financial and insurance activities,2025,,0.5750000000000001
PL,Poland,Human health and social work activities,2019,13.5,0.7
PL,Poland,Human health and social work activities,2020,14.4,0.7250000000000001
PL,Poland,Human health and social work activities,2021,14.8,0.9
PL,Poland,Human health and social work activities,2022,15.1,0.7749999999999999
PL,Poland,Human health and social work activities,2023,13.7,0.825
PL,Poland,Human health and social work activities,2024,12.2,0.7749999999999999
PL,Poland,Human health and social work activities,2025,,0.6749999999999999
PL,Poland,Industry (except construction),2019,,1.0250000000000001
PL,Poland,Industry (except construction),2020,,0.625
PL,Poland,Industry (except construction),2021,,1.05
PL,Poland,Industry (except construction),2022,,0.95
PL,Poland,Industry (except construction),2023,,0.8
PL,Poland,Industry (except construction),2024,,0.8
PL,Poland,Industry (except construction),2025,,0.7
PL,Poland,Industry and construction,2019,,1.4
PL,Poland,Industry and construction,2020,,0.7750000000000001
PL,Poland,Industry and construction,2021,,1.3250000000000002
PL,Poland,Industry and construction,2022,,1.2000000000000002
PL,Poland,Industry and construction,2023,,0.95
PL,Poland,Industry and construction,2024,,1.0
PL,Poland,Industry and construction,2025,,0.875
PL,Poland,"Industry, construction and services (except activities of households as employers and extra-territorial organisations and bodies)",2019,6.8,1.1
PL,Poland,"Industry, construction and services (except activities of households as employers and extra-territorial organisations and bodies)",2020,4.8,0.7
PL,Poland,"Industry, construction and services (except activities of households as employers and extra-territorial organisations and bodies)",2021,6.4,1.125
PL,Poland,"Industry, construction and services (except activities of households as employers and extra-territorial organisations and bodies)",2022,7.9,1.125
PL,Poland,"Industry, construction and services (except activities of households as employers and extra-territorial organisations and bodies)",2023,6.0,0.9
PL,Poland,"Industry, construction and services (except activities of households as employers and extra-territorial organisations and bodies)",2024,4.1,0.875
PL,Poland,"Industry, construction and services (except activities of households as employers and extra-territorial organisations and bodies)",2025,,0.8
PL,Poland,"Industry, construction and services (except public administration, defense, compulsory social security)",2019,6.5,
PL,Poland,"Industry, construction and services (except public administration, defense, compulsory social security)",2020,4.5,
PL,Poland,"Industry, construction and services (except public administration, defense, compulsory social security)",2021,6.2,
PL,Poland,"Industry, construction and services (except public administration, defense, compulsory social security)",2022,7.8,
PL,Poland,"Industry, construction and services (except public administration, defense, compulsory social security)",2023,5.9,
PL,Poland,"Industry, construction and services (except public administration, defense, compulsory social security)",2024,4.0,
PL,Poland,Information and communication,2019,27.6,2.25
PL,Poland,Information and communication,2020,27.0,1.575
PL,Poland,Information and communication,2021,25.9,3.525
PL,Poland,Information and communication,2022,24.8,3.5
PL,Poland,Information and communication,2023,24.4,1.975
PL,Poland,Information and communication,2024,24.0,1.5
PL,Poland,Information and communication,2025,,1.3499999999999999
PL,Poland,Manufacturing,2019,17.5,1.1
PL,Poland,Manufacturing,2020,16.6,0.675
PL,Poland,Manufacturing,2021,16.5,1.125
PL,Poland,Manufacturing,2022,16.3,1.025
PL,Poland,Manufacturing,2023,15.1,0.7749999999999999
PL,Poland,Manufacturing,2024,13.9,0.825
PL,Poland,Manufacturing,2025,,0.7749999999999999
PL,Poland,Mining and quarrying,2019,17.9,0.17500000000000002
PL,Poland,Mining and quarrying,2020,15.8,0.2
PL,Poland,Mining and quarrying,2021,15.1,0.15000000000000002
PL,Poland,Mining and quarrying,2022,14.3,0.175
PL,Poland,Mining and quarrying,2023,15.3,0.275
PL,Poland,Mining and quarrying,2024,16.3,0.15
PL,Poland,Mining and quarrying,2025,,0.125
PL,Poland,Other service activities,2019,26.3,1.7
PL,Poland,Other service activities,2020,23.7,0.6
PL,Poland,Other service activities,2021,25.4,1.1
PL,Poland,Other service activities,2022,27.1,1.3499999999999999
PL,Poland,Other service activities,2023,23.2,1.275
PL,Poland,Other service activities,2024,19.2,1.2999999999999998
PL,Poland,Other service activities,2025,,0.975
PL,Poland,"Professional, scientific and technical activities",2019,18.8,1.425
PL,Poland,"Professional, scientific and technical activities",2020,18.4,0.9
PL,Poland,"Professional, scientific and technical activities",2021,18.1,1.525
PL,Poland,"Professional, scientific and technical activities",2022,17.7,1.7000000000000002
PL,Poland,"Professional, scientific and technical activities",2023,17.0,1.1
PL,Poland,"Professional, scientific and technical activities",2024,16.2,1.15
PL,Poland,"Professional, scientific and technical activities",2025,,0.7999999999999999
PL,Poland,"Professional, scientific and technical activities; administrative and support service activities",2019,,1.125
PL,Poland,"Professional, scientific and technical activities; administrative and support service activities",2020,,0.7250000000000001
PL,Poland,"Professional, scientific and technical activities; administrative and support service activities",2021,,1.2249999999999999
PL,Poland,"Professional, scientific and technical activities; administrative and support service activities",2022,,1.4749999999999999
PL,Poland,"Professional, scientific and technical activities; administrative and support service activities",2023,,0.8999999999999999
PL,Poland,"Professional, scientific and technical activities; administrative and support service activities",2024,,0.875
PL,Poland,"Professional, scientific and technical activities; administrative and support service activities",2025,,0.75
PL,Poland,Public administration and defence; compulsory social security,2019,14.3,1.175
PL,Poland,Public administration and defence; compulsory social security,2020,13.4,1.05
PL,Poland,Public administration and defence; compulsory social security,2021,12.9,1.225
PL,Poland,Public administration and defence; compulsory social security,2022,12.4,1.275
PL,Poland,Public administration and defence; compulsory social security,2023,11.2,1.1749999999999998
PL,Poland,Public administration and defence; compulsory social security,2024,9.9,1.1
PL,Poland,Public administration and defence; compulsory social security,2025,,1.075
PL,Poland,"Public administration and defence; compulsory social security; education; human health and social work activities; arts, entertainment and recreation; other service activities",2019,,0.625
PL,Poland,"Public administration and defence; compulsory social security; education; human health and social work activities; arts, entertainment and recreation; other service activities",2020,,0.55
PL,Poland,"Public administration and defence; compulsory social security; education; human health and social work activities; arts, entertainment and recreation; other service activities",2021,,0.675
PL,Poland,"Public administration and defence; compulsory social security; education; human health and social work activities; arts, entertainment and recreation; other service activities",2022,,0.7
PL,Poland,"Public administration and defence; compulsory social security; education; human health and social work activities; arts, entertainment and recreation; other service activities",2023,,0.7
PL,Poland,"Public administration and defence; compulsory social security; education; human health and social work activities; arts, entertainment and recreation; other service activities",2024,,0.675
PL,Poland,"Public administration and defence; compulsory social security; education; human health and social work activities; arts, entertainment and recreation; other service activities",2025,,0.6
PL,Poland,"Public administration, defence, education, human health and social work activities",2019,,0.525
PL,Poland,"Public administration, defence, education, human health and social work activities",2020,,0.525
PL,Poland,"Public administration, defence, education, human health and social work activities",2021,,0.675
PL,Poland,"Public administration, defence, education, human health and social work activities",2022,,0.6749999999999999
PL,Poland,"Public administration, defence, education, human health and social work activities",2023,,0.65
PL,Poland,"Public administration, defence, education, human health and social work activities",2024,,0.6749999999999999
PL,Poland,"Public administration, defence, education, human health and social work activities",2025,,0.5750000000000001
PL,Poland,Real estate activities,2019,6.9,1.05
PL,Poland,Real estate activities,2020,6.2,0.675
PL,Poland,Real estate activities,2021,6.9,0.8500000000000001
PL,Poland,Real estate activities,2022,7.6,0.8999999999999999
PL,Poland,Real estate activities,2023,8.5,0.875
PL,Poland,Real estate activities,2024,9.3,0.825
PL,Poland,Real estate activities,2025,,0.825
PL,Poland,Services of the business economy,2019,,1.1
PL,Poland,Services of the business economy,2020,,0.7000000000000001
PL,Poland,Services of the business economy,2021,,1.2249999999999999
PL,Poland,Services of the business economy,2022,,1.25
PL,Poland,Services of the business economy,2023,,0.95
PL,Poland,Services of the business economy,2024,,0.875
PL,Poland,Services of the business economy,2025,,0.825
PL,Poland,Transportation and storage,2019,-5.5,1.3
PL,Poland,Transportation and storage,2020,-5.3,0.875
PL,Poland,Transportation and storage,2021,2.3,1.475
PL,Poland,Transportation and storage,2022,9.8,1.5499999999999998
PL,Poland,Transportation and storage,2023,8.2,1.275
PL,Poland,Transportation and storage,2024,6.6,1.2000000000000002
PL,Poland,Transportation and storage,2025,,1.2999999999999998
PL,Poland,"Water supply; sewerage, waste management and remediation activities",2019,-0.8,0.6
PL,Poland,"Water supply; sewerage, waste management and remediation activities",2020,-1.2,0.4
PL,Poland,"Water supply; sewerage, waste management and remediation activities",2021,-2.5,0.55
PL,Poland,"Water supply; sewerage, waste management and remediation activities",2022,-3.8,0.5
PL,Poland,"Water supply; sewerage, waste management and remediation activities",2023,-4.2,0.5
PL,Poland,"Water supply; sewerage, waste management and remediation activities",2024,-4.6,0.525
PL,Poland,"Water supply; sewerage, waste management and remediation activities",2025,,0.575
PL,Poland,"Wholesale and retail trade, transport, accommodation and food service activities",2019,,1.025
PL,Poland,"Wholesale and retail trade, transport, accommodation and food service activities",2020,,0.6
PL,Poland,"Wholesale and retail trade, transport, accommodation and food service activities",2021,,1.0
PL,Poland,"Wholesale and retail trade, transport, accommodation and food service activities",2022,,1.0750000000000002
PL,Poland,"Wholesale and retail trade, transport, accommodation and food service activities",2023,,0.9
PL,Poland,"Wholesale and retail trade, transport, accommodation and food service activities",2024,,0.825
PL,Poland,"Wholesale and retail trade, transport, accommodation and food service activities",2025,,0.8
PL,Poland,Wholesale and retail trade; repair of motor vehicles and motorcycles,2019,23.4,0.875
PL,Poland,Wholesale and retail trade; repair of motor vehicles and motorcycles,2020,22.4,0.525
PL,Poland,Wholesale and retail trade; repair of motor vehicles and motorcycles,2021,21.6,0.7499999999999999
PL,Poland,Wholesale and retail trade; repair of motor vehicles and motorcycles,2022,20.8,0.875
PL,Poland,Wholesale and retail trade; repair of motor vehicles and motorcycles,2023,20.4,0.7
PL,Poland,Wholesale and retail trade; repair of motor vehicles and motorcycles,2024,19.9,0.7
PL,Poland,Wholesale and retail trade; repair of motor vehicles and motorcycles,2025,,0.575
PT,Portugal,Accommodation and food service activities,2019,14.5,1.5250000000000001
PT,Portugal,Accommodation and food service activities,2020,17.2,0.5
PT,Portugal,Accommodation and food service activities,2021,16.8,0.9500000000000001
PT,Portugal,Accommodation and food service activities,2022,16.0,2.475
PT,Portugal,Accommodation and food service activities,2023,12.0,2.025
PT,Portugal,Accommodation and food service activities,2024,8.6,1.525
PT,Portugal,Accommodation and food service activities,2025,,1.45
PT,Portugal,Administrative and support service activities,2019,9.4,2.075
PT,Portugal,Administrative and support service activities,2020,12.7,1.5
PT,Portugal,Administrative and support service activities,2021,13.6,1.975
PT,Portugal,Administrative and support service activities,2022,10.7,3.5749999999999997
PT,Portugal,Administrative and support service activities,2023,10.7,2.75
PT,Portugal,Administrative and support service activities,2024,5.5,2.85
PT,Portugal,Administrative and support service activities,2025,,3.125
PT,Portugal,All NACE activities (except activities of households as employers and as own use producers; activities of extra-territorial organisations and bodies),2019,,0.975
PT,Portugal,All NACE activities (except activities of households as employers and as own use producers; activities of extra-territorial organisations and bodies),2020,,0.6749999999999999
PT,Portugal,All NACE activities (except activities of households as employers and as own use producers; activities of extra-territorial organisations and bodies),2021,,1.0
PT,Portugal,All NACE activities (except activities of households as employers and as own use producers; activities of extra-territorial organisations and bodies),2022,,1.475
PT,Portugal,All NACE activities (except activities of households as employers and as own use producers; activities of extra-territorial organisations and bodies),2023,,1.375
PT,Portugal,All NACE activities (except activities of households as employers and as own use producers; activities of extra-territorial organisations and bodies),2024,,1.325
PT,Portugal,All NACE activities (except activities of households as employers and as own use producers; activities of extra-territorial organisations and bodies),2025,,1.4
PT,Portugal,"Arts, entertainment and recreation",2019,48.8,1.075
PT,Portugal,"Arts, entertainment and recreation",2020,48.2,0.35000000000000003
PT,Portugal,"Arts, entertainment and recreation",2021,38.2,0.39999999999999997
PT,Portugal,"Arts, entertainment and recreation",2022,33.7,0.9
PT,Portugal,"Arts, entertainment and recreation",2023,51.8,1.0250000000000001
PT,Portugal,"Arts, entertainment and recreation",2024,48.5,1.125
PT,Portugal,"Arts, entertainment and recreation",2025,,1.175
PT,Portugal,"Arts, entertainment and recreation; other service activities",2019,,0.6
PT,Portugal,"Arts, entertainment and recreation; other service activities",2020,,0.37500000000000006
PT,Portugal,"Arts, entertainment and recreation; other service activities",2021,,0.55
PT,Portugal,"Arts, entertainment and recreation; other service activities",2022,,0.675
PT,Portugal,"Arts, entertainment and recreation; other service activities",2023,,1.1
PT,Portugal,"Arts, entertainment and recreation; other service activities",2024,,0.875
PT,Portugal,"Arts, entertainment and recreation; other service activities",2025,,1.0
PT,Portugal,Business economy,2019,15.0,1.3
PT,Portugal,Business economy,2020,14.8,0.875
PT,Portugal,Business economy,2021,14.3,1.35
PT,Portugal,Business economy,2022,13.4,2.0
PT,Portugal,Business economy,2023,13.8,1.8499999999999999
PT,Portugal,Business economy,2024,12.6,1.675
PT,Portugal,Business economy,2025,,1.825
PT,Portugal,Construction,2019,-7.7,1.125
PT,Portugal,Construction,2020,-8.8,0.75
PT,Portugal,Construction,2021,-7.9,1.025
PT,Portugal,Construction,2022,-8.0,1.525
PT,Portugal,Construction,2023,-11.1,1.4
PT,Portugal,Construction,2024,-14.7,1.4500000000000002
PT,Portugal,Construction,2025,,1.775
PT,Portugal,Education,2019,15.6,0.1
PT,Portugal,Education,2020,12.7,0.07500000000000001
PT,Portugal,Education,2021,10.4,0.125
PT,Portugal,Education,2022,8.2,0.175
PT,Portugal,Education,2023,12.1,0.2
PT,Portugal,Education,2024,11.3,0.19999999999999998
PT,Portugal,Education,2025,,0.175
PT,Portugal,"Electricity, gas, steam and air conditioning supply",2019,2.6,
PT,Portugal,"Electricity, gas, steam and air conditioning supply",2020,1.6,
PT,Portugal,"Electricity, gas, steam and air conditioning supply",2021,-1.5,
PT,Portugal,"Electricity, gas, steam and air conditioning supply",2022,-3.3,
PT,Portugal,"Electricity, gas, steam and air conditioning supply",2023,2.8,
PT,Portugal,"Electricity, gas, steam and air conditioning supply",2024,2.6,
PT,Portugal,Financial and insurance activities,2019,20.4,0.5
PT,Portugal,Financial and insurance activities,2020,20.3,0.42500000000000004
PT,Portugal,Financial and insurance activities,2021,19.8,0.55
PT,Portugal,Financial and insurance activities,2022,18.9,0.8500000000000001
PT,Portugal,Financial and insurance activities,2023,21.5,1.3000000000000003
PT,Portugal,Financial and insurance activities,2024,20.1,0.675
PT,Portugal,Financial and insurance activities,2025,,0.65
PT,Portugal,Human health and social work activities,2019,28.0,0.25
PT,Portugal,Human health and social work activities,2020,27.2,0.22499999999999998
PT,Portugal,Human health and social work activities,2021,25.5,0.3
PT,Portugal,Human health and social work activities,2022,24.2,0.44999999999999996
PT,Portugal,Human health and social work activities,2023,27.3,0.42500000000000004
PT,Portugal,Human health and social work activities,2024,29.6,0.45
PT,Portugal,Human health and social work activities,2025,,0.525
PT,Portugal,Industry (except construction),2019,,0.925
PT,Portugal,Industry (except construction),2020,,0.625
PT,Portugal,Industry (except construction),2021,,0.925
PT,Portugal,Industry (except construction),2022,,1.25
PT,Portugal,Industry (except construction),2023,,1.2249999999999999
PT,Portugal,Industry (except construction),2024,,1.025
PT,Portugal,Industry (except construction),2025,,1.125
PT,Portugal,Industry and construction,2019,,0.975
PT,Portugal,Industry and construction,2020,,0.625
PT,Portugal,Industry and construction,2021,,0.9750000000000001
PT,Portugal,Industry and construction,2022,,1.325
PT,Portugal,Industry and construction,2023,,1.25
PT,Portugal,Industry and construction,2024,,1.125
PT,Portugal,Industry and construction,2025,,1.325
PT,Portugal,"Industry, construction and services (except activities of households as employers and extra-territorial organisations and bodies)",2019,,0.975
PT,Portugal,"Industry, construction and services (except activities of households as employers and extra-territorial organisations and bodies)",2020,,0.6749999999999999
PT,Portugal,"Industry, construction and services (except activities of households as employers and extra-territorial organisations and bodies)",2021,,1.0
PT,Portugal,"Industry, construction and services (except activities of households as employers and extra-territorial organisations and bodies)",2022,,1.5
PT,Portugal,"Industry, construction and services (except activities of households as employers and extra-territorial organisations and bodies)",2023,,1.4
PT,Portugal,"Industry, construction and services (except activities of households as employers and extra-territorial organisations and bodies)",2024,,1.3
PT,Portugal,"Industry, construction and services (except activities of households as employers and extra-territorial organisations and bodies)",2025,,1.425
PT,Portugal,"Industry, construction and services (except public administration, defense, compulsory social security)",2019,9.4,
PT,Portugal,"Industry, construction and services (except public administration, defense, compulsory social security)",2020,8.3,
PT,Portugal,"Industry, construction and services (except public administration, defense, compulsory social security)",2021,7.1,
PT,Portugal,"Industry, construction and services (except public administration, defense, compulsory social security)",2022,6.3,
PT,Portugal,"Industry, construction and services (except public administration, defense, compulsory social security)",2023,8.6,
PT,Portugal,"Industry, construction and services (except public administration, defense, compulsory social security)",2024,7.0,
PT,Portugal,Information and communication,2019,13.7,2.875
PT,Portugal,Information and communication,2020,14.0,2.3
PT,Portugal,Information and communication,2021,14.3,3.775
PT,Portugal,Information and communication,2022,14.0,3.55
PT,Portugal,Information and communication,2023,17.2,3.6999999999999997
PT,Portugal,Information and communication,2024,16.7,4.05
PT,Portugal,Information and communication,2025,,4.075
PT,Portugal,Manufacturing,2019,22.8,0.9
PT,Portugal,Manufacturing,2020,23.0,0.5750000000000001
PT,Portugal,Manufacturing,2021,22.0,0.9
PT,Portugal,Manufacturing,2022,21.0,1.25
PT,Portugal,Manufacturing,2023,21.0,1.2249999999999999
PT,Portugal,Manufacturing,2024,19.8,1.025
PT,Portugal,Manufacturing,2025,,1.075
PT,Portugal,Mining and quarrying,2019,-12.5,
PT,Portugal,Mining and quarrying,2020,-13.0,
PT,Portugal,Mining and quarrying,2021,-10.8,
PT,Portugal,Mining and quarrying,2022,-11.4,
PT,Portugal,Mining and quarrying,2023,-9.4,
PT,Portugal,Mining and quarrying,2024,-18.3,
PT,Portugal,Other service activities,2019,14.2,0.375
PT,Portugal,Other service activities,2020,13.7,0.375
PT,Portugal,Other service activities,2021,12.9,0.65
PT,Portugal,Other service activities,2022,8.7,0.5
PT,Portugal,Other service activities,2023,17.3,0.95
PT,Portugal,Other service activities,2024,16.2,0.7
PT,Portugal,Other service activities,2025,,0.875
PT,Portugal,"Professional, scientific and technical activities",2019,16.3,1.6
PT,Portugal,"Professional, scientific and technical activities",2020,15.7,1.1
PT,Portugal,"Professional, scientific and technical activities",2021,15.6,1.6749999999999998
PT,Portugal,"Professional, scientific and technical activities",2022,17.2,2.45
PT,Portugal,"Professional, scientific and technical activities",2023,16.2,1.75
PT,Portugal,"Professional, scientific and technical activities",2024,15.0,1.675
PT,Portugal,"Professional, scientific and technical activities",2025,,2.1
PT,Portugal,"Professional, scientific and technical activities; administrative and support service activities",2019,,1.9499999999999997
PT,Portugal,"Professional, scientific and technical activities; administrative and support service activities",2020,,1.35
PT,Portugal,"Professional, scientific and technical activities; administrative and support service activities",2021,,1.85
PT,Portugal,"Professional, scientific and technical activities; administrative and support service activities",2022,,3.2249999999999996
PT,Portugal,"Professional, scientific and technical activities; administrative and support service activities",2023,,2.4250000000000003
PT,Portugal,"Professional, scientific and technical activities; administrative and support service activities",2024,,2.45
PT,Portugal,"Professional, scientific and technical activities; administrative and support service activities",2025,,2.7500000000000004
PT,Portugal,Public administration and defence; compulsory social security,2019,,0.125
PT,Portugal,Public administration and defence; compulsory social security,2020,,0.15000000000000002
PT,Portugal,Public administration and defence; compulsory social security,2021,,0.07500000000000001
PT,Portugal,Public administration and defence; compulsory social security,2022,,0.15000000000000002
PT,Portugal,Public administration and defence; compulsory social security,2023,,0.19999999999999998
PT,Portugal,Public administration and defence; compulsory social security,2024,,0.25
PT,Portugal,Public administration and defence; compulsory social security,2025,,0.1
PT,Portugal,"Public administration and defence; compulsory social security; education; human health and social work activities; arts, entertainment and recreation; other service activities",2019,,0.2
PT,Portugal,"Public administration and defence; compulsory social security; education; human health and social work activities; arts, entertainment and recreation; other service activities",2020,,0.175
PT,Portugal,"Public administration and defence; compulsory social security; education; human health and social work activities; arts, entertainment and recreation; other service activities",2021,,0.2
PT,Portugal,"Public administration and defence; compulsory social security; education; human health and social work activities; arts, entertainment and recreation; other service activities",2022,,0.3
PT,Portugal,"Public administration and defence; compulsory social security; education; human health and social work activities; arts, entertainment and recreation; other service activities",2023,,0.375
PT,Portugal,"Public administration and defence; compulsory social security; education; human health and social work activities; arts, entertainment and recreation; other service activities",2024,,0.375
PT,Portugal,"Public administration and defence; compulsory social security; education; human health and social work activities; arts, entertainment and recreation; other service activities",2025,,0.35000000000000003
PT,Portugal,"Public administration, defence, education, human health and social work activities",2019,,0.17500000000000002
PT,Portugal,"Public administration, defence, education, human health and social work activities",2020,,0.15000000000000002
PT,Portugal,"Public administration, defence, education, human health and social work activities",2021,,0.2
PT,Portugal,"Public administration, defence, education, human health and social work activities",2022,,0.3
PT,Portugal,"Public administration, defence, education, human health and social work activities",2023,,0.27499999999999997
PT,Portugal,"Public administration, defence, education, human health and social work activities",2024,,0.3
PT,Portugal,"Public administration, defence, education, human health and social work activities",2025,,0.325
PT,Portugal,Real estate activities,2019,24.2,
PT,Portugal,Real estate activities,2020,27.0,
PT,Portugal,Real estate activities,2021,34.0,
PT,Portugal,Real estate activities,2022,36.7,
PT,Portugal,Real estate activities,2023,16.0,
PT,Portugal,Real estate activities,2024,13.5,
PT,Portugal,Services of the business economy,2019,,1.5
PT,Portugal,Services of the business economy,2020,,1.0
PT,Portugal,Services of the business economy,2021,,1.5250000000000001
PT,Portugal,Services of the business economy,2022,,2.4000000000000004
PT,Portugal,Services of the business economy,2023,,2.2
PT,Portugal,Services of the business economy,2024,,2.0
PT,Portugal,Services of the business economy,2025,,2.125
PT,Portugal,Transportation and storage,2019,-8.0,1.0750000000000002
PT,Portugal,Transportation and storage,2020,-10.5,0.475
PT,Portugal,Transportation and storage,2021,-13.3,0.6499999999999999
PT,Portugal,Transportation and storage,2022,-11.3,0.925
PT,Portugal,Transportation and storage,2023,-3.4,0.9
PT,Portugal,Transportation and storage,2024,-1.9,0.8250000000000001
PT,Portugal,Transportation and storage,2025,,0.9500000000000001
PT,Portugal,"Water supply; sewerage, waste management and remediation activities",2019,-15.1,
PT,Portugal,"Water supply; sewerage, waste management and remediation activities",2020,-15.4,
PT,Portugal,"Water supply; sewerage, waste management and remediation activities",2021,-14.3,
PT,Portugal,"Water supply; sewerage, waste management and remediation activities",2022,-20.4,
PT,Portugal,"Water supply; sewerage, waste management and remediation activities",2023,-13.1,
PT,Portugal,"Water supply; sewerage, waste management and remediation activities",2024,-11.3,
PT,Portugal,"Wholesale and retail trade, transport, accommodation and food service activities",2019,,1.225
PT,Portugal,"Wholesale and retail trade, transport, accommodation and food service activities",2020,,0.7250000000000001
PT,Portugal,"Wholesale and retail trade, transport, accommodation and food service activities",2021,,1.275
PT,Portugal,"Wholesale and retail trade, transport, accommodation and food service activities",2022,,2.0749999999999997
PT,Portugal,"Wholesale and retail trade, transport, accommodation and food service activities",2023,,2.025
PT,Portugal,"Wholesale and retail trade, transport, accommodation and food service activities",2024,,1.5750000000000002
PT,Portugal,"Wholesale and retail trade, transport, accommodation and food service activities",2025,,1.7249999999999999
PT,Portugal,Wholesale and retail trade; repair of motor vehicles and motorcycles,2019,13.8,1.175
PT,Portugal,Wholesale and retail trade; repair of motor vehicles and motorcycles,2020,13.0,0.9249999999999999
PT,Portugal,Wholesale and retail trade; repair of motor vehicles and motorcycles,2021,11.4,1.6
PT,Portugal,Wholesale and retail trade; repair of motor vehicles and motorcycles,2022,8.6,2.2
PT,Portugal,Wholesale and retail trade; repair of motor vehicles and motorcycles,2023,12.2,2.3249999999999997
PT,Portugal,Wholesale and retail trade; repair of motor vehicles and motorcycles,2024,11.1,1.9499999999999997
PT,Portugal,Wholesale and retail trade; repair of motor vehicles and motorcycles,2025,,2.1
RO,Romania,Accommodation and food service activities,2019,9.6,0.625
RO,Romania,Accommodation and food service activities,2020,6.0,0.05
RO,Romania,Accommodation and food service activities,2021,4.5,0.35
RO,Romania,Accommodation and food service activities,2022,5.4,0.4
RO,Romania,Accommodation and food service activities,2023,6.8,0.5
RO,Romania,Accommodation and food service activities,2024,4.3,0.55
RO,Romania,Accommodation and food service activities,2025,,0.3
RO,Romania,Administrative and support service activities,2019,-20.1,0.95
RO,Romania,Administrative and support service activities,2020,-22.4,0.825
RO,Romania,Administrative and support service activities,2021,-21.9,0.875
RO,Romania,Administrative and support service activities,2022,-20.8,0.95
RO,Romania,Administrative and support service activities,2023,-16.7,0.875
RO,Romania,Administrative and support service activities,2024,-18.1,0.7250000000000001
RO,Romania,Administrative and support service activities,2025,,0.6499999999999999
RO,Romania,"Agriculture, forestry and fishing",2019,,0.6749999999999999
RO,Romania,"Agriculture, forestry and fishing",2020,,0.44999999999999996
RO,Romania,"Agriculture, forestry and fishing",2021,,0.44999999999999996
RO,Romania,"Agriculture, forestry and fishing",2022,,0.475
RO,Romania,"Agriculture, forestry and fishing",2023,,0.45
RO,Romania,"Agriculture, forestry and fishing",2024,,0.42500000000000004
RO,Romania,"Agriculture, forestry and fishing",2025,,0.475
RO,Romania,All NACE activities (except activities of households as employers and as own use producers; activities of extra-territorial organisations and bodies),2019,,1.1
RO,Romania,All NACE activities (except activities of households as employers and as own use producers; activities of extra-territorial organisations and bodies),2020,,0.7749999999999999
RO,Romania,All NACE activities (except activities of households as employers and as own use producers; activities of extra-territorial organisations and bodies),2021,,0.85
RO,Romania,All NACE activities (except activities of households as employers and as own use producers; activities of extra-territorial organisations and bodies),2022,,0.9
RO,Romania,All NACE activities (except activities of households as employers and as own use producers; activities of extra-territorial organisations and bodies),2023,,0.8
RO,Romania,All NACE activities (except activities of households as employers and as own use producers; activities of extra-territorial organisations and bodies),2024,,0.7
RO,Romania,All NACE activities (except activities of households as employers and as own use producers; activities of extra-territorial organisations and bodies),2025,,0.6
RO,Romania,"Arts, entertainment and recreation",2019,14.6,1.8
RO,Romania,"Arts, entertainment and recreation",2020,8.8,1.325
RO,Romania,"Arts, entertainment and recreation",2021,8.1,1.7000000000000002
RO,Romania,"Arts, entertainment and recreation",2022,10.4,1.475
RO,Romania,"Arts, entertainment and recreation",2023,8.2,1.35
RO,Romania,"Arts, entertainment and recreation",2024,9.9,1.4500000000000002
RO,Romania,"Arts, entertainment and recreation",2025,,1.05
RO,Romania,"Arts, entertainment and recreation; other service activities",2019,,2.0749999999999997
RO,Romania,"Arts, entertainment and recreation; other service activities",2020,,1.6
RO,Romania,"Arts, entertainment and recreation; other service activities",2021,,1.125
RO,Romania,"Arts, entertainment and recreation; other service activities",2022,,1.025
RO,Romania,"Arts, entertainment and recreation; other service activities",2023,,0.925
RO,Romania,"Arts, entertainment and recreation; other service activities",2024,,0.975
RO,Romania,"Arts, entertainment and recreation; other service activities",2025,,0.7000000000000001
RO,Romania,Business economy,2019,11.1,0.9750000000000001
RO,Romania,Business economy,2020,9.1,0.625
RO,Romania,Business economy,2021,8.9,0.75
RO,Romania,Business economy,2022,6.8,0.875
RO,Romania,Business economy,2023,9.2,0.7999999999999999
RO,Romania,Business economy,2024,9.7,0.7
RO,Romania,Business economy,2025,,0.6
RO,Romania,Construction,2019,-10.4,0.6499999999999999
RO,Romania,Construction,2020,-16.2,0.42500000000000004
RO,Romania,Construction,2021,-15.7,0.4
RO,Romania,Construction,2022,-18.1,0.4
RO,Romania,Construction,2023,-14.5,0.325
RO,Romania,Construction,2024,-11.0,0.4
RO,Romania,Construction,2025,,0.42500000000000004
RO,Romania,Education,2019,5.1,0.42500000000000004
RO,Romania,Education,2020,6.4,0.3
RO,Romania,Education,2021,4.5,0.37500000000000006
RO,Romania,Education,2022,3.1,0.42500000000000004
RO,Romania,Education,2023,3.4,0.35
RO,Romania,Education,2024,0.6,0.35
RO,Romania,Education,2025,,0.35
RO,Romania,"Electricity, gas, steam and air conditioning supply",2019,6.8,0.525
RO,Romania,"Electricity, gas, steam and air conditioning supply",2020,-1.7,0.3
RO,Romania,"Electricity, gas, steam and air conditioning supply",2021,-2.9,0.825
RO,Romania,"Electricity, gas, steam and air conditioning supply",2022,-2.2,1.1500000000000001
RO,Romania,"Electricity, gas, steam and air conditioning supply",2023,-8.3,1.375
RO,Romania,"Electricity, gas, steam and air conditioning supply",2024,2.4,1.525
RO,Romania,"Electricity, gas, steam and air conditioning supply",2025,,1.775
RO,Romania,Financial and insurance activities,2019,29.9,0.875
RO,Romania,Financial and insurance activities,2020,24.9,0.42500000000000004
RO,Romania,Financial and insurance activities,2021,24.7,0.8
RO,Romania,Financial and insurance activities,2022,19.5,1.25
RO,Romania,Financial and insurance activities,2023,18.2,1.6
RO,Romania,Financial and insurance activities,2024,30.9,1.225
RO,Romania,Financial and insurance activities,2025,,1.0
RO,Romania,Human health and social work activities,2019,14.3,1.9
RO,Romania,Human health and social work activities,2020,11.9,1.525
RO,Romania,Human health and social work activities,2021,13.1,1.625
RO,Romania,Human health and social work activities,2022,12.5,1.1
RO,Romania,Human health and social work activities,2023,11.2,0.8
RO,Romania,Human health and social work activities,2024,9.0,0.8500000000000001
RO,Romania,Human health and social work activities,2025,,0.6749999999999999
RO,Romania,Industry (except construction),2019,,1.125
RO,Romania,Industry (except construction),2020,,0.65
RO,Romania,Industry (except construction),2021,,0.875
RO,Romania,Industry (except construction),2022,,1.025
RO,Romania,Industry (except construction),2023,,0.925
RO,Romania,Industry (except construction),2024,,0.7749999999999999
RO,Romania,Industry (except construction),2025,,0.575
RO,Romania,Industry and construction,2019,,0.9999999999999999
RO,Romania,Industry and construction,2020,,0.6
RO,Romania,Industry and construction,2021,,0.75
RO,Romania,Industry and construction,2022,,0.9
RO,Romania,Industry and construction,2023,,0.8
RO,Romania,Industry and construction,2024,,0.6749999999999999
RO,Romania,Industry and construction,2025,,0.525
RO,Romania,"Industry, construction and services (except activities of households as employers and extra-territorial organisations and bodies)",2019,1.3,1.1
RO,Romania,"Industry, construction and services (except activities of households as employers and extra-territorial organisations and bodies)",2020,-0.3,0.8
RO,Romania,"Industry, construction and services (except activities of households as employers and extra-territorial organisations and bodies)",2021,0.4,0.8500000000000001
RO,Romania,"Industry, construction and services (except activities of households as employers and extra-territorial organisations and bodies)",2022,0.9,0.9
RO,Romania,"Industry, construction and services (except activities of households as employers and extra-territorial organisations and bodies)",2023,3.2,0.8
RO,Romania,"Industry, construction and services (except activities of households as employers and extra-territorial organisations and bodies)",2024,3.2,0.7
RO,Romania,"Industry, construction and services (except activities of households as employers and extra-territorial organisations and bodies)",2025,,0.6
RO,Romania,"Industry, construction and services (except public administration, defense, compulsory social security)",2019,2.6,
RO,Romania,"Industry, construction and services (except public administration, defense, compulsory social security)",2020,0.9,
RO,Romania,"Industry, construction and services (except public administration, defense, compulsory social security)",2021,1.4,
RO,Romania,"Industry, construction and services (except public administration, defense, compulsory social security)",2022,1.5,
RO,Romania,"Industry, construction and services (except public administration, defense, compulsory social security)",2023,3.8,
RO,Romania,"Industry, construction and services (except public administration, defense, compulsory social security)",2024,3.7,
RO,Romania,Information and communication,2019,25.6,1.35
RO,Romania,Information and communication,2020,20.1,1.1
RO,Romania,Information and communication,2021,17.2,1.25
RO,Romania,Information and communication,2022,17.9,1.25
RO,Romania,Information and communication,2023,16.7,1.025
RO,Romania,Information and communication,2024,17.6,0.75
RO,Romania,Information and communication,2025,,0.7250000000000001
RO,Romania,Manufacturing,2019,23.0,1.125
RO,Romania,Manufacturing,2020,21.2,0.6749999999999999
RO,Romania,Manufacturing,2021,21.4,0.875
RO,Romania,Manufacturing,2022,21.0,1.025
RO,Romania,Manufacturing,2023,22.6,0.925
RO,Romania,Manufacturing,2024,18.3,0.7250000000000001
RO,Romania,Manufacturing,2025,,0.525
RO,Romania,Mining and quarrying,2019,-13.2,0.27499999999999997
RO,Romania,Mining and quarrying,2020,-14.6,0.3
RO,Romania,Mining and quarrying,2021,-8.1,0.2
RO,Romania,Mining and quarrying,2022,-8.4,0.3
RO,Romania,Mining and quarrying,2023,-16.6,0.325
RO,Romania,Mining and quarrying,2024,-3.4,0.2
RO,Romania,Mining and quarrying,2025,,0.2
RO,Romania,Other service activities,2019,22.6,2.4749999999999996
RO,Romania,Other service activities,2020,18.4,1.975
RO,Romania,Other service activities,2021,21.0,0.22500000000000003
RO,Romania,Other service activities,2022,12.4,0.25
RO,Romania,Other service activities,2023,15.9,0.3
RO,Romania,Other service activities,2024,15.6,0.275
RO,Romania,Other service activities,2025,,0.2
RO,Romania,"Professional, scientific and technical activities",2019,2.3,0.9249999999999999
RO,Romania,"Professional, scientific and technical activities",2020,-3.8,0.6499999999999999
RO,Romania,"Professional, scientific and technical activities",2021,-3.1,0.625
RO,Romania,"Professional, scientific and technical activities",2022,-5.4,1.1
RO,Romania,"Professional, scientific and technical activities",2023,-4.3,0.7750000000000001
RO,Romania,"Professional, scientific and technical activities",2024,0.7,0.65
RO,Romania,"Professional, scientific and technical activities",2025,,0.9500000000000001
RO,Romania,"Professional, scientific and technical activities; administrative and support service activities",2019,,0.95
RO,Romania,"Professional, scientific and technical activities; administrative and support service activities",2020,,0.7499999999999999
RO,Romania,"Professional, scientific and technical activities; administrative and support service activities",2021,,0.8
RO,Romania,"Professional, scientific and technical activities; administrative and support service activities",2022,,0.975
RO,Romania,"Professional, scientific and technical activities; administrative and support service activities",2023,,0.825
RO,Romania,"Professional, scientific and technical activities; administrative and support service activities",2024,,0.7000000000000001
RO,Romania,"Professional, scientific and technical activities; administrative and support service activities",2025,,0.75
RO,Romania,Public administration and defence; compulsory social security,2019,0.5,2.25
RO,Romania,Public administration and defence; compulsory social security,2020,1.5,1.975
RO,Romania,Public administration and defence; compulsory social security,2021,2.1,2.025
RO,Romania,Public administration and defence; compulsory social security,2022,1.9,1.7500000000000002
RO,Romania,Public administration and defence; compulsory social security,2023,3.8,1.4749999999999999
RO,Romania,Public administration and defence; compulsory social security,2024,5.5,1.35
RO,Romania,Public administration and defence; compulsory social security,2025,,1.225
RO,Romania,"Public administration and defence; compulsory social security; education; human health and social work activities; arts, entertainment and recreation; other service activities",2019,,1.5250000000000001
RO,Romania,"Public administration and defence; compulsory social security; education; human health and social work activities; arts, entertainment and recreation; other service activities",2020,,1.25
RO,Romania,"Public administration and defence; compulsory social security; education; human health and social work activities; arts, entertainment and recreation; other service activities",2021,,1.275
RO,Romania,"Public administration and defence; compulsory social security; education; human health and social work activities; arts, entertainment and recreation; other service activities",2022,,1.05
RO,Romania,"Public administration and defence; compulsory social security; education; human health and social work activities; arts, entertainment and recreation; other service activities",2023,,0.8500000000000001
RO,Romania,"Public administration and defence; compulsory social security; education; human health and social work activities; arts, entertainment and recreation; other service activities",2024,,0.825
RO,Romania,"Public administration and defence; compulsory social security; education; human health and social work activities; arts, entertainment and recreation; other service activities",2025,,0.7
RO,Romania,"Public administration, defence, education, human health and social work activities",2019,,1.475
RO,Romania,"Public administration, defence, education, human health and social work activities",2020,,1.225
RO,Romania,"Public administration, defence, education, human health and social work activities",2021,,1.325
RO,Romania,"Public administration, defence, education, human health and social work activities",2022,,1.05
RO,Romania,"Public administration, defence, education, human health and social work activities",2023,,0.825
RO,Romania,"Public administration, defence, education, human health and social work activities",2024,,0.8250000000000001
RO,Romania,"Public administration, defence, education, human health and social work activities",2025,,0.7
RO,Romania,Real estate activities,2019,0.9,0.575
RO,Romania,Real estate activities,2020,3.3,0.35
RO,Romania,Real estate activities,2021,6.5,0.30000000000000004
RO,Romania,Real estate activities,2022,11.4,0.44999999999999996
RO,Romania,Real estate activities,2023,12.4,0.8500000000000001
RO,Romania,Real estate activities,2024,10.7,0.325
RO,Romania,Real estate activities,2025,,0.22499999999999998
RO,Romania,Services of the business economy,2019,,0.975
RO,Romania,Services of the business economy,2020,,0.6749999999999999
RO,Romania,Services of the business economy,2021,,0.7749999999999999
RO,Romania,Services of the business economy,2022,,0.8500000000000001
RO,Romania,Services of the business economy,2023,,0.775
RO,Romania,Services of the business economy,2024,,0.6749999999999999
RO,Romania,Services of the business economy,2025,,0.625
RO,Romania,Transportation and storage,2019,-6.6,1.525
RO,Romania,Transportation and storage,2020,-3.1,1.125
RO,Romania,Transportation and storage,2021,-4.6,1.2249999999999999
RO,Romania,Transportation and storage,2022,-5.7,1.45
RO,Romania,Transportation and storage,2023,-3.4,0.975
RO,Romania,Transportation and storage,2024,1.3,1.0
RO,Romania,Transportation and storage,2025,,1.05
RO,Romania,"Water supply; sewerage, waste management and remediation activities",2019,3.1,1.35
RO,Romania,"Water supply; sewerage, waste management and remediation activities",2020,2.0,1.0
RO,Romania,"Water supply; sewerage, waste management and remediation activities",2021,2.5,1.25
RO,Romania,"Water supply; sewerage, waste management and remediation activities",2022,1.6,1.5750000000000002
RO,Romania,"Water supply; sewerage, waste management and remediation activities",2023,4.5,1.375
RO,Romania,"Water supply; sewerage, waste management and remediation activities",2024,2.2,1.25
RO,Romania,"Water supply; sewerage, waste management and remediation activities",2025,,0.825
RO,Romania,"Wholesale and retail trade, transport, accommodation and food service activities",2019,,0.9249999999999999
RO,Romania,"Wholesale and retail trade, transport, accommodation and food service activities",2020,,0.625
RO,Romania,"Wholesale and retail trade, transport, accommodation and food service activities",2021,,0.6499999999999999
RO,Romania,"Wholesale and retail trade, transport, accommodation and food service activities",2022,,0.7249999999999999
RO,Romania,"Wholesale and retail trade, transport, accommodation and food service activities",2023,,0.6499999999999999
RO,Romania,"Wholesale and retail trade, transport, accommodation and food service activities",2024,,0.6
RO,Romania,"Wholesale and retail trade, transport, accommodation and food service activities",2025,,0.55
RO,Romania,Wholesale and retail trade; repair of motor vehicles and motorcycles,2019,12.3,0.8
RO,Romania,Wholesale and retail trade; repair of motor vehicles and motorcycles,2020,12.6,0.575
RO,Romania,Wholesale and retail trade; repair of motor vehicles and motorcycles,2021,15.3,0.55
RO,Romania,Wholesale and retail trade; repair of motor vehicles and motorcycles,2022,12.7,0.625
RO,Romania,Wholesale and retail trade; repair of motor vehicles and motorcycles,2023,13.5,0.5750000000000001
RO,Romania,Wholesale and retail trade; repair of motor vehicles and motorcycles,2024,14.0,0.525
RO,Romania,Wholesale and retail trade; repair of motor vehicles and motorcycles,2025,,0.425
SE,Sweden,Accommodation and food service activities,2019,2.7,2.475
SE,Sweden,Accommodation and food service activities,2020,4.7,1.025
SE,Sweden,Accommodation and food service activities,2021,6.3,2.325
SE,Sweden,Accommodation and food service activities,2022,5.6,2.8
SE,Sweden,Accommodation and food service activities,2023,7.0,2.3
SE,Sweden,Accommodation and food service activities,2024,5.8,2.35
SE,Sweden,Accommodation and food service activities,2025,,2.725
SE,Sweden,Administrative and support service activities,2019,2.9,3.15
SE,Sweden,Administrative and support service activities,2020,3.0,2.55
SE,Sweden,Administrative and support service activities,2021,5.3,3.3
SE,Sweden,Administrative and support service activities,2022,7.3,4.699999999999999
SE,Sweden,Administrative and support service activities,2023,4.1,3.95
SE,Sweden,Administrative and support service activities,2024,5.7,3.95
SE,Sweden,Administrative and support service activities,2025,,3.675
SE,Sweden,"Agriculture, forestry and fishing",2019,,2.7
SE,Sweden,"Agriculture, forestry and fishing",2020,,2.275
SE,Sweden,"Agriculture, forestry and fishing",2021,,1.7500000000000002
SE,Sweden,"Agriculture, forestry and fishing",2022,,2.975
SE,Sweden,"Agriculture, forestry and fishing",2023,,2.35
SE,Sweden,"Agriculture, forestry and fishing",2024,,2.4749999999999996
SE,Sweden,"Agriculture, forestry and fishing",2025,,2.85
SE,Sweden,All NACE activities (except activities of households as employers and as own use producers; activities of extra-territorial organisations and bodies),2019,,2.4
SE,Sweden,All NACE activities (except activities of households as employers and as own use producers; activities of extra-territorial organisations and bodies),2020,,1.8249999999999997
SE,Sweden,All NACE activities (except activities of households as employers and as own use producers; activities of extra-territorial organisations and bodies),2021,,2.4499999999999997
SE,Sweden,All NACE activities (except activities of households as employers and as own use producers; activities of extra-territorial organisations and bodies),2022,,3.125
SE,Sweden,All NACE activities (except activities of households as employers and as own use producers; activities of extra-territorial organisations and bodies),2023,,2.775
SE,Sweden,All NACE activities (except activities of households as employers and as own use producers; activities of extra-territorial organisations and bodies),2024,,2.3
SE,Sweden,All NACE activities (except activities of households as employers and as own use producers; activities of extra-territorial organisations and bodies),2025,,1.9500000000000002
SE,Sweden,"Arts, entertainment and recreation",2019,8.1,2.5500000000000003
SE,Sweden,"Arts, entertainment and recreation",2020,8.3,2.6500000000000004
SE,Sweden,"Arts, entertainment and recreation",2021,8.0,2.325
SE,Sweden,"Arts, entertainment and recreation",2022,8.0,3.0
SE,Sweden,"Arts, entertainment and recreation",2023,7.3,2.4000000000000004
SE,Sweden,"Arts, entertainment and recreation",2024,7.1,2.675
SE,Sweden,"Arts, entertainment and recreation",2025,,2.6250000000000004
SE,Sweden,"Arts, entertainment and recreation; other service activities",2019,,2.5250000000000004
SE,Sweden,"Arts, entertainment and recreation; other service activities",2020,,2.25
SE,Sweden,"Arts, entertainment and recreation; other service activities",2021,,2.3499999999999996
SE,Sweden,"Arts, entertainment and recreation; other service activities",2022,,2.95
SE,Sweden,"Arts, entertainment and recreation; other service activities",2023,,2.3249999999999997
SE,Sweden,"Arts, entertainment and recreation; other service activities",2024,,2.5
SE,Sweden,"Arts, entertainment and recreation; other service activities",2025,,2.525
SE,Sweden,Business economy,2019,8.6,2.45
SE,Sweden,Business economy,2020,7.7,1.75
SE,Sweden,Business economy,2021,8.3,2.475
SE,Sweden,Business economy,2022,7.8,3.2249999999999996
SE,Sweden,Business economy,2023,7.7,2.6999999999999997
SE,Sweden,Business economy,2024,7.4,2.5250000000000004
SE,Sweden,Business economy,2025,,2.3
SE,Sweden,Construction,2019,-2.8,1.85
SE,Sweden,Construction,2020,-3.4,1.225
SE,Sweden,Construction,2021,0.5,1.625
SE,Sweden,Construction,2022,-2.2,2.375
SE,Sweden,Construction,2023,3.6,1.6500000000000001
SE,Sweden,Construction,2024,-1.1,1.725
SE,Sweden,Construction,2025,,1.9500000000000002
SE,Sweden,Education,2019,8.3,2.3
SE,Sweden,Education,2020,8.8,1.875
SE,Sweden,Education,2021,8.1,2.2
SE,Sweden,Education,2022,7.7,2.675
SE,Sweden,Education,2023,6.8,2.375
SE,Sweden,Education,2024,7.0,1.425
SE,Sweden,Education,2025,,1.025
SE,Sweden,"Electricity, gas, steam and air conditioning supply",2019,5.4,3.5999999999999996
SE,Sweden,"Electricity, gas, steam and air conditioning supply",2020,4.5,3.675
SE,Sweden,"Electricity, gas, steam and air conditioning supply",2021,2.8,3.8249999999999997
SE,Sweden,"Electricity, gas, steam and air conditioning supply",2022,1.0,6.299999999999999
SE,Sweden,"Electricity, gas, steam and air conditioning supply",2023,3.7,5.925
SE,Sweden,"Electricity, gas, steam and air conditioning supply",2024,3.2,3.775
SE,Sweden,"Electricity, gas, steam and air conditioning supply",2025,,1.95
SE,Sweden,Financial and insurance activities,2019,25.0,2.5999999999999996
SE,Sweden,Financial and insurance activities,2020,24.2,2.025
SE,Sweden,Financial and insurance activities,2021,22.0,2.6
SE,Sweden,Financial and insurance activities,2022,21.9,3.125
SE,Sweden,Financial and insurance activities,2023,22.4,2.5500000000000003
SE,Sweden,Financial and insurance activities,2024,21.1,1.8249999999999997
SE,Sweden,Financial and insurance activities,2025,,1.725
SE,Sweden,Human health and social work activities,2019,8.3,2.125
SE,Sweden,Human health and social work activities,2020,7.7,1.9
SE,Sweden,Human health and social work activities,2021,7.8,2.225
SE,Sweden,Human health and social work activities,2022,7.3,2.8000000000000003
SE,Sweden,Human health and social work activities,2023,7.1,2.85
SE,Sweden,Human health and social work activities,2024,6.6,1.9
SE,Sweden,Human health and social work activities,2025,,1.325
SE,Sweden,Industry (except construction),2019,,2.0250000000000004
SE,Sweden,Industry (except construction),2020,,1.525
SE,Sweden,Industry (except construction),2021,,2.15
SE,Sweden,Industry (except construction),2022,,2.8000000000000003
SE,Sweden,Industry (except construction),2023,,2.525
SE,Sweden,Industry (except construction),2024,,2.025
SE,Sweden,Industry (except construction),2025,,1.425
SE,Sweden,Industry and construction,2019,,1.975
SE,Sweden,Industry and construction,2020,,1.4249999999999998
SE,Sweden,Industry and construction,2021,,1.9500000000000002
SE,Sweden,Industry and construction,2022,,2.625
SE,Sweden,Industry and construction,2023,,2.2
SE,Sweden,Industry and construction,2024,,1.925
SE,Sweden,Industry and construction,2025,,1.65
SE,Sweden,"Industry, construction and services (except activities of households as employers and extra-territorial organisations and bodies)",2019,11.6,2.4
SE,Sweden,"Industry, construction and services (except activities of households as employers and extra-territorial organisations and bodies)",2020,10.8,1.8250000000000002
SE,Sweden,"Industry, construction and services (except activities of households as employers and extra-territorial organisations and bodies)",2021,10.5,2.45
SE,Sweden,"Industry, construction and services (except activities of households as employers and extra-territorial organisations and bodies)",2022,10.2,3.1500000000000004
SE,Sweden,"Industry, construction and services (except activities of households as employers and extra-territorial organisations and bodies)",2023,10.5,2.7750000000000004
SE,Sweden,"Industry, construction and services (except activities of households as employers and extra-territorial organisations and bodies)",2024,10.5,2.2750000000000004
SE,Sweden,"Industry, construction and services (except activities of households as employers and extra-territorial organisations and bodies)",2025,,1.9249999999999998
SE,Sweden,"Industry, construction and services (except public administration, defense, compulsory social security)",2019,11.1,
SE,Sweden,"Industry, construction and services (except public administration, defense, compulsory social security)",2020,10.5,
SE,Sweden,"Industry, construction and services (except public administration, defense, compulsory social security)",2021,10.3,
SE,Sweden,"Industry, construction and services (except public administration, defense, compulsory social security)",2022,10.4,
SE,Sweden,"Industry, construction and services (except public administration, defense, compulsory social security)",2023,11.2,
SE,Sweden,"Industry, construction and services (except public administration, defense, compulsory social security)",2024,11.2,
SE,Sweden,Information and communication,2019,8.4,4.775
SE,Sweden,Information and communication,2020,8.4,3.3000000000000003
SE,Sweden,Information and communication,2021,9.5,4.35
SE,Sweden,Information and communication,2022,10.8,5.175
SE,Sweden,Information and communication,2023,10.8,3.55
SE,Sweden,Information and communication,2024,10.0,4.1000000000000005
SE,Sweden,Information and communication,2025,,3.6750000000000003
SE,Sweden,Manufacturing,2019,3.7,1.9249999999999998
SE,Sweden,Manufacturing,2020,2.5,1.3250000000000002
SE,Sweden,Manufacturing,2021,3.2,2.025
SE,Sweden,Manufacturing,2022,3.3,2.55
SE,Sweden,Manufacturing,2023,2.1,2.3249999999999997
SE,Sweden,Manufacturing,2024,2.0,1.975
SE,Sweden,Manufacturing,2025,,1.4500000000000002
SE,Sweden,Mining and quarrying,2019,3.5,4.225
SE,Sweden,Mining and quarrying,2020,4.1,4.35
SE,Sweden,Mining and quarrying,2021,5.2,4.575
SE,Sweden,Mining and quarrying,2022,5.6,5.35
SE,Sweden,Mining and quarrying,2023,2.6,3.6750000000000003
SE,Sweden,Mining and quarrying,2024,2.3,2.4749999999999996
SE,Sweden,Mining and quarrying,2025,,1.1
SE,Sweden,Other service activities,2019,7.3,2.425
SE,Sweden,Other service activities,2020,7.3,1.975
SE,Sweden,Other service activities,2021,6.2,2.35
SE,Sweden,Other service activities,2022,6.9,2.925
SE,Sweden,Other service activities,2023,5.5,2.325
SE,Sweden,Other service activities,2024,4.4,2.525
SE,Sweden,Other service activities,2025,,2.45
SE,Sweden,"Professional, scientific and technical activities",2019,11.0,3.2
SE,Sweden,"Professional, scientific and technical activities",2020,12.1,2.15
SE,Sweden,"Professional, scientific and technical activities",2021,12.0,3.475
SE,Sweden,"Professional, scientific and technical activities",2022,11.2,4.425000000000001
SE,Sweden,"Professional, scientific and technical activities",2023,8.8,3.825
SE,Sweden,"Professional, scientific and technical activities",2024,9.2,3.375
SE,Sweden,"Professional, scientific and technical activities",2025,,3.375
SE,Sweden,"Professional, scientific and technical activities; administrative and support service activities",2019,,3.175
SE,Sweden,"Professional, scientific and technical activities; administrative and support service activities",2020,,2.325
SE,Sweden,"Professional, scientific and technical activities; administrative and support service activities",2021,,3.3999999999999995
SE,Sweden,"Professional, scientific and technical activities; administrative and support service activities",2022,,4.6
SE,Sweden,"Professional, scientific and technical activities; administrative and support service activities",2023,,3.875
SE,Sweden,"Professional, scientific and technical activities; administrative and support service activities",2024,,3.65
SE,Sweden,"Professional, scientific and technical activities; administrative and support service activities",2025,,3.5
SE,Sweden,Public administration and defence; compulsory social security,2019,4.4,3.0749999999999997
SE,Sweden,Public administration and defence; compulsory social security,2020,4.2,2.525
SE,Sweden,Public administration and defence; compulsory social security,2021,3.1,3.1500000000000004
SE,Sweden,Public administration and defence; compulsory social security,2022,3.2,4.7749999999999995
SE,Sweden,Public administration and defence; compulsory social security,2023,4.4,5.5249999999999995
SE,Sweden,Public administration and defence; compulsory social security,2024,4.2,2.7
SE,Sweden,Public administration and defence; compulsory social security,2025,,1.325
SE,Sweden,"Public administration and defence; compulsory social security; education; human health and social work activities; arts, entertainment and recreation; other service activities",2019,,2.2750000000000004
SE,Sweden,"Public administration and defence; compulsory social security; education; human health and social work activities; arts, entertainment and recreation; other service activities",2020,,1.9500000000000002
SE,Sweden,"Public administration and defence; compulsory social security; education; human health and social work activities; arts, entertainment and recreation; other service activities",2021,,2.375
SE,Sweden,"Public administration and defence; compulsory social security; education; human health and social work activities; arts, entertainment and recreation; other service activities",2022,,3.0
SE,Sweden,"Public administration and defence; compulsory social security; education; human health and social work activities; arts, entertainment and recreation; other service activities",2023,,2.9000000000000004
SE,Sweden,"Public administration and defence; compulsory social security; education; human health and social work activities; arts, entertainment and recreation; other service activities",2024,,1.85
SE,Sweden,"Public administration and defence; compulsory social security; education; human health and social work activities; arts, entertainment and recreation; other service activities",2025,,1.4
SE,Sweden,"Public administration, defence, education, human health and social work activities",2019,,2.275
SE,Sweden,"Public administration, defence, education, human health and social work activities",2020,,1.9249999999999998
SE,Sweden,"Public administration, defence, education, human health and social work activities",2021,,2.3499999999999996
SE,Sweden,"Public administration, defence, education, human health and social work activities",2022,,3.025
SE,Sweden,"Public administration, defence, education, human health and social work activities",2023,,2.9999999999999996
SE,Sweden,"Public administration, defence, education, human health and social work activities",2024,,1.7750000000000001
SE,Sweden,"Public administration, defence, education, human health and social work activities",2025,,1.25
SE,Sweden,Real estate activities,2019,7.1,1.975
SE,Sweden,Real estate activities,2020,6.4,1.75
SE,Sweden,Real estate activities,2021,6.4,2.1500000000000004
SE,Sweden,Real estate activities,2022,6.0,2.6
SE,Sweden,Real estate activities,2023,4.9,2.25
SE,Sweden,Real estate activities,2024,3.3,3.05
SE,Sweden,Real estate activities,2025,,2.225
SE,Sweden,Services of the business economy,2019,,2.675
SE,Sweden,Services of the business economy,2020,,1.9
SE,Sweden,Services of the business economy,2021,,2.7750000000000004
SE,Sweden,Services of the business economy,2022,,3.5
SE,Sweden,Services of the business economy,2023,,2.9000000000000004
SE,Sweden,Services of the business economy,2024,,2.8
SE,Sweden,Services of the business economy,2025,,2.575
SE,Sweden,Transportation and storage,2019,-1.6,2.2
SE,Sweden,Transportation and storage,2020,-1.7,1.15
SE,Sweden,Transportation and storage,2021,-2.1,1.625
SE,Sweden,Transportation and storage,2022,-2.5,2.175
SE,Sweden,Transportation and storage,2023,-1.2,2.225
SE,Sweden,Transportation and storage,2024,-2.4,1.8250000000000002
SE,Sweden,Transportation and storage,2025,,1.6
SE,Sweden,"Water supply; sewerage, waste management and remediation activities",2019,-4.1,1.75
SE,Sweden,"Water supply; sewerage, waste management and remediation activities",2020,-4.0,1.575
SE,Sweden,"Water supply; sewerage, waste management and remediation activities",2021,-3.3,2.15
SE,Sweden,"Water supply; sewerage, waste management and remediation activities",2022,-2.1,2.675
SE,Sweden,"Water supply; sewerage, waste management and remediation activities",2023,-5.4,2.4
SE,Sweden,"Water supply; sewerage, waste management and remediation activities",2024,-5.8,1.8250000000000002
SE,Sweden,"Water supply; sewerage, waste management and remediation activities",2025,,1.525
SE,Sweden,"Wholesale and retail trade, transport, accommodation and food service activities",2019,,1.975
SE,Sweden,"Wholesale and retail trade, transport, accommodation and food service activities",2020,,1.325
SE,Sweden,"Wholesale and retail trade, transport, accommodation and food service activities",2021,,2.0500000000000003
SE,Sweden,"Wholesale and retail trade, transport, accommodation and food service activities",2022,,2.5250000000000004
SE,Sweden,"Wholesale and retail trade, transport, accommodation and food service activities",2023,,2.25
SE,Sweden,"Wholesale and retail trade, transport, accommodation and food service activities",2024,,2.05
SE,Sweden,"Wholesale and retail trade, transport, accommodation and food service activities",2025,,1.85
SE,Sweden,Wholesale and retail trade; repair of motor vehicles and motorcycles,2019,11.8,1.7750000000000001
SE,Sweden,Wholesale and retail trade; repair of motor vehicles and motorcycles,2020,10.7,1.475
SE,Sweden,Wholesale and retail trade; repair of motor vehicles and motorcycles,2021,10.0,2.05
SE,Sweden,Wholesale and retail trade; repair of motor vehicles and motorcycles,2022,9.1,2.6
SE,Sweden,Wholesale and retail trade; repair of motor vehicles and motorcycles,2023,10.7,2.275
SE,Sweden,Wholesale and retail trade; repair of motor vehicles and motorcycles,2024,11.3,2.05
SE,Sweden,Wholesale and retail trade; repair of motor vehicles and motorcycles,2025,,1.7
SI,Slovenia,Accommodation and food service activities,2019,8.3,4.875
SI,Slovenia,Accommodation and food service activities,2020,7.6,2.825
SI,Slovenia,Accommodation and food service activities,2021,6.5,4.9
SI,Slovenia,Accommodation and food service activities,2022,9.4,7.5
SI,Slovenia,Accommodation and food service activities,2023,7.7,5.475
SI,Slovenia,Accommodation and food service activities,2024,6.4,4.975
SI,Slovenia,Accommodation and food service activities,2025,,4.25
SI,Slovenia,Administrative and support service activities,2019,14.4,4.375
SI,Slovenia,Administrative and support service activities,2020,13.6,3.425
SI,Slovenia,Administrative and support service activities,2021,13.9,5.75
SI,Slovenia,Administrative and support service activities,2022,14.4,6.15
SI,Slovenia,Administrative and support service activities,2023,10.6,5.85
SI,Slovenia,Administrative and support service activities,2024,14.1,4.55
SI,Slovenia,Administrative and support service activities,2025,,4.15
SI,Slovenia,All NACE activities (except activities of households as employers and as own use producers; activities of extra-territorial organisations and bodies),2019,,2.3
SI,Slovenia,All NACE activities (except activities of households as employers and as own use producers; activities of extra-territorial organisations and bodies),2020,,1.7000000000000002
SI,Slovenia,All NACE activities (except activities of households as employers and as own use producers; activities of extra-territorial organisations and bodies),2021,,2.5749999999999997
SI,Slovenia,All NACE activities (except activities of households as employers and as own use producers; activities of extra-territorial organisations and bodies),2022,,3.0
SI,Slovenia,All NACE activities (except activities of households as employers and as own use producers; activities of extra-territorial organisations and bodies),2023,,2.725
SI,Slovenia,All NACE activities (except activities of households as employers and as own use producers; activities of extra-territorial organisations and bodies),2024,,2.375
SI,Slovenia,All NACE activities (except activities of households as employers and as own use producers; activities of extra-territorial organisations and bodies),2025,,2.2
SI,Slovenia,"Arts, entertainment and recreation",2019,5.0,1.425
SI,Slovenia,"Arts, entertainment and recreation",2020,1.7,1.075
SI,Slovenia,"Arts, entertainment and recreation",2021,0.4,0.9249999999999999
SI,Slovenia,"Arts, entertainment and recreation",2022,3.0,1.4250000000000003
SI,Slovenia,"Arts, entertainment and recreation",2023,5.8,1.525
SI,Slovenia,"Arts, entertainment and recreation",2024,5.7,1.8749999999999998
SI,Slovenia,"Arts, entertainment and recreation",2025,,1.65
SI,Slovenia,"Arts, entertainment and recreation; other service activities",2019,,2.15
SI,Slovenia,"Arts, entertainment and recreation; other service activities",2020,,1.55
SI,Slovenia,"Arts, entertainment and recreation; other service activities",2021,,1.475
SI,Slovenia,"Arts, entertainment and recreation; other service activities",2022,,2.325
SI,Slovenia,"Arts, entertainment and recreation; other service activities",2023,,2.025
SI,Slovenia,"Arts, entertainment and recreation; other service activities",2024,,2.075
SI,Slovenia,"Arts, entertainment and recreation; other service activities",2025,,2.025
SI,Slovenia,Business economy,2019,10.0,2.725
SI,Slovenia,Business economy,2020,7.5,2.025
SI,Slovenia,Business economy,2021,9.4,3.1750000000000003
SI,Slovenia,Business economy,2022,9.5,3.625
SI,Slovenia,Business economy,2023,7.1,3.2249999999999996
SI,Slovenia,Business economy,2024,8.3,2.675
SI,Slovenia,Business economy,2025,,2.55
SI,Slovenia,Construction,2019,-23.2,6.15
SI,Slovenia,Construction,2020,-19.4,4.824999999999999
SI,Slovenia,Construction,2021,-11.0,6.050000000000001
SI,Slovenia,Construction,2022,-10.4,7.0
SI,Slovenia,Construction,2023,-21.3,6.2
SI,Slovenia,Construction,2024,-13.7,4.875
SI,Slovenia,Construction,2025,,4.525
SI,Slovenia,Education,2019,14.7,0.7250000000000001
SI,Slovenia,Education,2020,13.1,0.65
SI,Slovenia,Education,2021,8.8,0.775
SI,Slovenia,Education,2022,11.2,1.05
SI,Slovenia,Education,2023,11.1,1.25
SI,Slovenia,Education,2024,11.0,1.1
SI,Slovenia,Education,2025,,1.0
SI,Slovenia,"Electricity, gas, steam and air conditioning supply",2019,3.0,0.44999999999999996
SI,Slovenia,"Electricity, gas, steam and air conditioning supply",2020,3.3,0.42500000000000004
SI,Slovenia,"Electricity, gas, steam and air conditioning supply",2021,2.1,0.475
SI,Slovenia,"Electricity, gas, steam and air conditioning supply",2022,3.7,1.125
SI,Slovenia,"Electricity, gas, steam and air conditioning supply",2023,3.2,1.0
SI,Slovenia,"Electricity, gas, steam and air conditioning supply",2024,2.8,0.7749999999999999
SI,Slovenia,"Electricity, gas, steam and air conditioning supply",2025,,0.625
SI,Slovenia,Financial and insurance activities,2019,24.0,1.025
SI,Slovenia,Financial and insurance activities,2020,24.2,0.7749999999999999
SI,Slovenia,Financial and insurance activities,2021,24.0,1.35
SI,Slovenia,Financial and insurance activities,2022,24.2,1.55
SI,Slovenia,Financial and insurance activities,2023,23.2,1.7750000000000001
SI,Slovenia,Financial and insurance activities,2024,24.5,1.2000000000000002
SI,Slovenia,Financial and insurance activities,2025,,1.55
SI,Slovenia,Human health and social work activities,2019,17.0,1.35
SI,Slovenia,Human health and social work activities,2020,16.8,1.15
SI,Slovenia,Human health and social work activities,2021,16.4,1.125
SI,Slovenia,Human health and social work activities,2022,15.1,1.5
SI,Slovenia,Human health and social work activities,2023,16.3,1.575
SI,Slovenia,Human health and social work activities,2024,17.4,1.8499999999999999
SI,Slovenia,Human health and social work activities,2025,,1.5
SI,Slovenia,Industry (except construction),2019,,1.675
SI,Slovenia,Industry (except construction),2020,,1.3250000000000002
SI,Slovenia,Industry (except construction),2021,,2.475
SI,Slovenia,Industry (except construction),2022,,2.5
SI,Slovenia,Industry (except construction),2023,,2.125
SI,Slovenia,Industry (except construction),2024,,1.8
SI,Slovenia,Industry (except construction),2025,,2.0
SI,Slovenia,Industry and construction,2019,,2.65
SI,Slovenia,Industry and construction,2020,,2.075
SI,Slovenia,Industry and construction,2021,,3.3
SI,Slovenia,Industry and construction,2022,,3.55
SI,Slovenia,Industry and construction,2023,,3.1
SI,Slovenia,Industry and construction,2024,,2.5
SI,Slovenia,Industry and construction,2025,,2.5999999999999996
SI,Slovenia,"Industry, construction and services (except activities of households as employers and extra-territorial organisations and bodies)",2019,7.3,2.3
SI,Slovenia,"Industry, construction and services (except activities of households as employers and extra-territorial organisations and bodies)",2020,3.1,1.7000000000000002
SI,Slovenia,"Industry, construction and services (except activities of households as employers and extra-territorial organisations and bodies)",2021,3.4,2.5749999999999997
SI,Slovenia,"Industry, construction and services (except activities of households as employers and extra-territorial organisations and bodies)",2022,6.5,3.0
SI,Slovenia,"Industry, construction and services (except activities of households as employers and extra-territorial organisations and bodies)",2023,5.9,2.7249999999999996
SI,Slovenia,"Industry, construction and services (except activities of households as employers and extra-territorial organisations and bodies)",2024,7.7,2.375
SI,Slovenia,"Industry, construction and services (except activities of households as employers and extra-territorial organisations and bodies)",2025,,2.2
SI,Slovenia,"Industry, construction and services (except public administration, defense, compulsory social security)",2019,7.5,
SI,Slovenia,"Industry, construction and services (except public administration, defense, compulsory social security)",2020,2.4,
SI,Slovenia,"Industry, construction and services (except public administration, defense, compulsory social security)",2021,2.7,
SI,Slovenia,"Industry, construction and services (except public administration, defense, compulsory social security)",2022,6.8,
SI,Slovenia,"Industry, construction and services (except public administration, defense, compulsory social security)",2023,6.0,
SI,Slovenia,"Industry, construction and services (except public administration, defense, compulsory social security)",2024,8.0,
SI,Slovenia,Information and communication,2019,19.7,2.175
SI,Slovenia,Information and communication,2020,19.8,2.1
SI,Slovenia,Information and communication,2021,19.5,2.75
SI,Slovenia,Information and communication,2022,21.3,3.375
SI,Slovenia,Information and communication,2023,18.2,2.15
SI,Slovenia,Information and communication,2024,18.1,1.9250000000000003
SI,Slovenia,Information and communication,2025,,1.7
SI,Slovenia,Manufacturing,2019,13.9,1.775
SI,Slovenia,Manufacturing,2020,10.8,1.375
SI,Slovenia,Manufacturing,2021,11.5,2.675
SI,Slovenia,Manufacturing,2022,12.0,2.65
SI,Slovenia,Manufacturing,2023,11.1,2.2249999999999996
SI,Slovenia,Manufacturing,2024,11.5,1.85
SI,Slovenia,Manufacturing,2025,,2.125
SI,Slovenia,Mining and quarrying,2019,17.2,0.625
SI,Slovenia,Mining and quarrying,2020,17.1,0.6249999999999999
SI,Slovenia,Mining and quarrying,2021,15.7,1.125
SI,Slovenia,Mining and quarrying,2022,14.6,1.15
SI,Slovenia,Mining and quarrying,2023,17.1,1.4
SI,Slovenia,Mining and quarrying,2024,14.0,0.9500000000000001
SI,Slovenia,Mining and quarrying,2025,,1.125
SI,Slovenia,Other service activities,2019,7.5,2.95
SI,Slovenia,Other service activities,2020,6.2,2.15
SI,Slovenia,Other service activities,2021,7.4,2.05
SI,Slovenia,Other service activities,2022,11.6,3.3249999999999997
SI,Slovenia,Other service activities,2023,13.7,2.575
SI,Slovenia,Other service activities,2024,10.9,2.35
SI,Slovenia,Other service activities,2025,,2.425
SI,Slovenia,"Professional, scientific and technical activities",2019,10.8,2.325
SI,Slovenia,"Professional, scientific and technical activities",2020,7.4,1.7
SI,Slovenia,"Professional, scientific and technical activities",2021,8.5,2.925
SI,Slovenia,"Professional, scientific and technical activities",2022,10.0,3.55
SI,Slovenia,"Professional, scientific and technical activities",2023,10.3,2.8249999999999997
SI,Slovenia,"Professional, scientific and technical activities",2024,11.2,2.4
SI,Slovenia,"Professional, scientific and technical activities",2025,,1.875
SI,Slovenia,"Professional, scientific and technical activities; administrative and support service activities",2019,,3.275
SI,Slovenia,"Professional, scientific and technical activities; administrative and support service activities",2020,,2.425
SI,Slovenia,"Professional, scientific and technical activities; administrative and support service activities",2021,,4.125
SI,Slovenia,"Professional, scientific and technical activities; administrative and support service activities",2022,,4.675
SI,Slovenia,"Professional, scientific and technical activities; administrative and support service activities",2023,,4.1
SI,Slovenia,"Professional, scientific and technical activities; administrative and support service activities",2024,,3.275
SI,Slovenia,"Professional, scientific and technical activities; administrative and support service activities",2025,,2.75
SI,Slovenia,Public administration and defence; compulsory social security,2019,11.6,0.375
SI,Slovenia,Public administration and defence; compulsory social security,2020,13.4,0.275
SI,Slovenia,Public administration and defence; compulsory social security,2021,13.9,0.45
SI,Slovenia,Public administration and defence; compulsory social security,2022,7.6,0.37500000000000006
SI,Slovenia,Public administration and defence; compulsory social security,2023,9.4,0.6
SI,Slovenia,Public administration and defence; compulsory social security,2024,8.7,0.75
SI,Slovenia,Public administration and defence; compulsory social security,2025,,0.55
SI,Slovenia,"Public administration and defence; compulsory social security; education; human health and social work activities; arts, entertainment and recreation; other service activities",2019,,0.975
SI,Slovenia,"Public administration and defence; compulsory social security; education; human health and social work activities; arts, entertainment and recreation; other service activities",2020,,0.8250000000000001
SI,Slovenia,"Public administration and defence; compulsory social security; education; human health and social work activities; arts, entertainment and recreation; other service activities",2021,,0.8500000000000001
SI,Slovenia,"Public administration and defence; compulsory social security; education; human health and social work activities; arts, entertainment and recreation; other service activities",2022,,1.1500000000000001
SI,Slovenia,"Public administration and defence; compulsory social security; education; human health and social work activities; arts, entertainment and recreation; other service activities",2023,,1.2999999999999998
SI,Slovenia,"Public administration and defence; compulsory social security; education; human health and social work activities; arts, entertainment and recreation; other service activities",2024,,1.3749999999999998
SI,Slovenia,"Public administration and defence; compulsory social security; education; human health and social work activities; arts, entertainment and recreation; other service activities",2025,,1.2
SI,Slovenia,"Public administration, defence, education, human health and social work activities",2019,,0.85
SI,Slovenia,"Public administration, defence, education, human health and social work activities",2020,,0.7250000000000001
SI,Slovenia,"Public administration, defence, education, human health and social work activities",2021,,0.8
SI,Slovenia,"Public administration, defence, education, human health and social work activities",2022,,1.025
SI,Slovenia,"Public administration, defence, education, human health and social work activities",2023,,1.225
SI,Slovenia,"Public administration, defence, education, human health and social work activities",2024,,1.275
SI,Slovenia,"Public administration, defence, education, human health and social work activities",2025,,1.1
SI,Slovenia,Real estate activities,2019,1.4,1.9249999999999998
SI,Slovenia,Real estate activities,2020,-3.0,1.05
SI,Slovenia,Real estate activities,2021,-8.9,2.35
SI,Slovenia,Real estate activities,2022,-4.4,2.6
SI,Slovenia,Real estate activities,2023,11.8,2.65
SI,Slovenia,Real estate activities,2024,10.5,1.7249999999999996
SI,Slovenia,Real estate activities,2025,,1.65
SI,Slovenia,Services of the business economy,2019,,2.8
SI,Slovenia,Services of the business economy,2020,,1.975
SI,Slovenia,Services of the business economy,2021,,3.025
SI,Slovenia,Services of the business economy,2022,,3.65
SI,Slovenia,Services of the business economy,2023,,3.325
SI,Slovenia,Services of the business economy,2024,,2.85
SI,Slovenia,Services of the business economy,2025,,2.5250000000000004
SI,Slovenia,Transportation and storage,2019,-19.9,2.35
SI,Slovenia,Transportation and storage,2020,-21.0,2.1
SI,Slovenia,Transportation and storage,2021,-10.2,2.925
SI,Slovenia,Transportation and storage,2022,-11.6,3.15
SI,Slovenia,Transportation and storage,2023,-10.4,3.0749999999999997
SI,Slovenia,Transportation and storage,2024,-9.2,3.5
SI,Slovenia,Transportation and storage,2025,,2.5
SI,Slovenia,"Water supply; sewerage, waste management and remediation activities",2019,-22.3,0.875
SI,Slovenia,"Water supply; sewerage, waste management and remediation activities",2020,-20.8,0.725
SI,Slovenia,"Water supply; sewerage, waste management and remediation activities",2021,-13.2,1.0
SI,Slovenia,"Water supply; sewerage, waste management and remediation activities",2022,-11.0,1.2999999999999998
SI,Slovenia,"Water supply; sewerage, waste management and remediation activities",2023,-12.1,1.1
SI,Slovenia,"Water supply; sewerage, waste management and remediation activities",2024,-12.6,1.25
SI,Slovenia,"Water supply; sewerage, waste management and remediation activities",2025,,1.25
SI,Slovenia,"Wholesale and retail trade, transport, accommodation and food service activities",2019,,2.875
SI,Slovenia,"Wholesale and retail trade, transport, accommodation and food service activities",2020,,1.9500000000000002
SI,Slovenia,"Wholesale and retail trade, transport, accommodation and food service activities",2021,,2.8
SI,Slovenia,"Wholesale and retail trade, transport, accommodation and food service activities",2022,,3.5000000000000004
SI,Slovenia,"Wholesale and retail trade, transport, accommodation and food service activities",2023,,3.35
SI,Slovenia,"Wholesale and retail trade, transport, accommodation and food service activities",2024,,3.025
SI,Slovenia,"Wholesale and retail trade, transport, accommodation and food service activities",2025,,2.7
SI,Slovenia,Wholesale and retail trade; repair of motor vehicles and motorcycles,2019,20.5,2.4749999999999996
SI,Slovenia,Wholesale and retail trade; repair of motor vehicles and motorcycles,2020,17.1,1.575
SI,Slovenia,Wholesale and retail trade; repair of motor vehicles and motorcycles,2021,17.1,2.15
SI,Slovenia,Wholesale and retail trade; repair of motor vehicles and motorcycles,2022,17.0,2.425
SI,Slovenia,Wholesale and retail trade; repair of motor vehicles and motorcycles,2023,14.5,2.8249999999999997
SI,Slovenia,Wholesale and retail trade; repair of motor vehicles and motorcycles,2024,14.0,2.15
SI,Slovenia,Wholesale and retail trade; repair of motor vehicles and motorcycles,2025,,2.3
SK,Slovakia,Accommodation and food service activities,2019,9.7,1.325
SK,Slovakia,Accommodation and food service activities,2020,10.9,0.875
SK,Slovakia,Accommodation and food service activities,2021,10.2,0.65
SK,Slovakia,Accommodation and food service activities,2022,10.3,0.9249999999999999
SK,Slovakia,Accommodation and food service activities,2023,12.3,0.6499999999999999
SK,Slovakia,Accommodation and food service activities,2024,9.4,0.7749999999999999
SK,Slovakia,Accommodation and food service activities,2025,,0.825
SK,Slovakia,Administrative and support service activities,2019,1.1,0.425
SK,Slovakia,Administrative and support service activities,2020,2.1,0.25
SK,Slovakia,Administrative and support service activities,2021,2.9,0.2
SK,Slovakia,Administrative and support service activities,2022,4.1,0.45000000000000007
SK,Slovakia,Administrative and support service activities,2023,4.4,0.42500000000000004
SK,Slovakia,Administrative and support service activities,2024,3.2,0.37500000000000006
SK,Slovakia,Administrative and support service activities,2025,,0.25
SK,Slovakia,"Agriculture, forestry and fishing",2019,,0.8
SK,Slovakia,"Agriculture, forestry and fishing",2020,,0.3
SK,Slovakia,"Agriculture, forestry and fishing",2021,,0.3
SK,Slovakia,"Agriculture, forestry and fishing",2022,,0.375
SK,Slovakia,"Agriculture, forestry and fishing",2023,,0.35000000000000003
SK,Slovakia,"Agriculture, forestry and fishing",2024,,0.425
SK,Slovakia,"Agriculture, forestry and fishing",2025,,0.375
SK,Slovakia,All NACE activities (except activities of households as employers and as own use producers; activities of extra-territorial organisations and bodies),2019,,1.075
SK,Slovakia,All NACE activities (except activities of households as employers and as own use producers; activities of extra-territorial organisations and bodies),2020,,0.8
SK,Slovakia,All NACE activities (except activities of households as employers and as own use producers; activities of extra-territorial organisations and bodies),2021,,0.875
SK,Slovakia,All NACE activities (except activities of households as employers and as own use producers; activities of extra-territorial organisations and bodies),2022,,1.05
SK,Slovakia,All NACE activities (except activities of households as employers and as own use producers; activities of extra-territorial organisations and bodies),2023,,1.05
SK,Slovakia,All NACE activities (except activities of households as employers and as own use producers; activities of extra-territorial organisations and bodies),2024,,1.175
SK,Slovakia,All NACE activities (except activities of households as employers and as own use producers; activities of extra-territorial organisations and bodies),2025,,1.0
SK,Slovakia,"Arts, entertainment and recreation",2019,11.7,0.7250000000000001
SK,Slovakia,"Arts, entertainment and recreation",2020,9.5,0.6499999999999999
SK,Slovakia,"Arts, entertainment and recreation",2021,11.7,1.075
SK,Slovakia,"Arts, entertainment and recreation",2022,13.6,0.625
SK,Slovakia,"Arts, entertainment and recreation",2023,15.0,0.525
SK,Slovakia,"Arts, entertainment and recreation",2024,16.6,0.6
SK,Slovakia,"Arts, entertainment and recreation",2025,,0.42500000000000004
SK,Slovakia,"Arts, entertainment and recreation; other service activities",2019,,0.8
SK,Slovakia,"Arts, entertainment and recreation; other service activities",2020,,0.55
SK,Slovakia,"Arts, entertainment and recreation; other service activities",2021,,0.7
SK,Slovakia,"Arts, entertainment and recreation; other service activities",2022,,0.675
SK,Slovakia,"Arts, entertainment and recreation; other service activities",2023,,0.525
SK,Slovakia,"Arts, entertainment and recreation; other service activities",2024,,0.6749999999999999
SK,Slovakia,"Arts, entertainment and recreation; other service activities",2025,,0.575
SK,Slovakia,Business economy,2019,18.8,0.9750000000000001
SK,Slovakia,Business economy,2020,17.7,0.6749999999999999
SK,Slovakia,Business economy,2021,17.8,0.7
SK,Slovakia,Business economy,2022,17.7,0.9
SK,Slovakia,Business economy,2023,18.0,0.85
SK,Slovakia,Business economy,2024,17.6,0.9
SK,Slovakia,Business economy,2025,,0.7
SK,Slovakia,Construction,2019,8.0,1.05
SK,Slovakia,Construction,2020,8.0,0.25
SK,Slovakia,Construction,2021,2.6,0.55
SK,Slovakia,Construction,2022,2.3,0.45
SK,Slovakia,Construction,2023,3.3,0.375
SK,Slovakia,Construction,2024,4.7,0.45000000000000007
SK,Slovakia,Construction,2025,,0.275
SK,Slovakia,Education,2019,11.1,0.1
SK,Slovakia,Education,2020,11.4,0.1
SK,Slovakia,Education,2021,11.4,0.15000000000000002
SK,Slovakia,Education,2022,11.6,0.2
SK,Slovakia,Education,2023,12.6,0.15000000000000002
SK,Slovakia,Education,2024,13.8,0.15
SK,Slovakia,Education,2025,,0.15
SK,Slovakia,"Electricity, gas, steam and air conditioning supply",2019,11.9,2.975
SK,Slovakia,"Electricity, gas, steam and air conditioning supply",2020,9.6,3.0999999999999996
SK,Slovakia,"Electricity, gas, steam and air conditioning supply",2021,10.0,3.6999999999999997
SK,Slovakia,"Electricity, gas, steam and air conditioning supply",2022,12.4,3.35
SK,Slovakia,"Electricity, gas, steam and air conditioning supply",2023,12.3,4.325
SK,Slovakia,"Electricity, gas, steam and air conditioning supply",2024,13.2,3.55
SK,Slovakia,"Electricity, gas, steam and air conditioning supply",2025,,2.9499999999999997
SK,Slovakia,Financial and insurance activities,2019,31.8,2.2249999999999996
SK,Slovakia,Financial and insurance activities,2020,31.8,1.8
SK,Slovakia,Financial and insurance activities,2021,32.0,2.125
SK,Slovakia,Financial and insurance activities,2022,31.5,2.325
SK,Slovakia,Financial and insurance activities,2023,29.6,2.075
SK,Slovakia,Financial and insurance activities,2024,28.6,2.0749999999999997
SK,Slovakia,Financial and insurance activities,2025,,2.075
SK,Slovakia,Human health and social work activities,2019,26.1,0.6499999999999999
SK,Slovakia,Human health and social work activities,2020,24.8,0.5750000000000001
SK,Slovakia,Human health and social work activities,2021,22.4,0.7250000000000001
SK,Slovakia,Human health and social work activities,2022,23.2,0.6749999999999999
SK,Slovakia,Human health and social work activities,2023,24.2,0.7250000000000001
SK,Slovakia,Human health and social work activities,2024,24.3,1.4500000000000002
SK,Slovakia,Human health and social work activities,2025,,1.125
SK,Slovakia,Industry (except construction),2019,,1.05
SK,Slovakia,Industry (except construction),2020,,0.725
SK,Slovakia,Industry (except construction),2021,,0.825
SK,Slovakia,Industry (except construction),2022,,0.975
SK,Slovakia,Industry (except construction),2023,,0.975
SK,Slovakia,Industry (except construction),2024,,0.9750000000000001
SK,Slovakia,Industry (except construction),2025,,0.7749999999999999
SK,Slovakia,Industry and construction,2019,,1.0750000000000002
SK,Slovakia,Industry and construction,2020,,0.6499999999999999
SK,Slovakia,Industry and construction,2021,,0.75
SK,Slovakia,Industry and construction,2022,,0.875
SK,Slovakia,Industry and construction,2023,,0.825
SK,Slovakia,Industry and construction,2024,,0.8500000000000001
SK,Slovakia,Industry and construction,2025,,0.6499999999999999
SK,Slovakia,"Industry, construction and services (except activities of households as employers and extra-territorial organisations and bodies)",2019,18.0,1.075
SK,Slovakia,"Industry, construction and services (except activities of households as employers and extra-territorial organisations and bodies)",2020,15.3,0.8
SK,Slovakia,"Industry, construction and services (except activities of households as employers and extra-territorial organisations and bodies)",2021,15.9,0.875
SK,Slovakia,"Industry, construction and services (except activities of households as employers and extra-territorial organisations and bodies)",2022,16.8,1.05
SK,Slovakia,"Industry, construction and services (except activities of households as employers and extra-territorial organisations and bodies)",2023,15.2,1.0750000000000002
SK,Slovakia,"Industry, construction and services (except activities of households as employers and extra-territorial organisations and bodies)",2024,15.1,1.2000000000000002
SK,Slovakia,"Industry, construction and services (except activities of households as employers and extra-territorial organisations and bodies)",2025,,1.025
SK,Slovakia,"Industry, construction and services (except public administration, defense, compulsory social security)",2019,18.2,
SK,Slovakia,"Industry, construction and services (except public administration, defense, compulsory social security)",2020,15.4,
SK,Slovakia,"Industry, construction and services (except public administration, defense, compulsory social security)",2021,16.0,
SK,Slovakia,"Industry, construction and services (except public administration, defense, compulsory social security)",2022,16.8,
SK,Slovakia,"Industry, construction and services (except public administration, defense, compulsory social security)",2023,15.7,
SK,Slovakia,"Industry, construction and services (except public administration, defense, compulsory social security)",2024,15.7,
SK,Slovakia,Information and communication,2019,27.7,0.65
SK,Slovakia,Information and communication,2020,27.3,0.42500000000000004
SK,Slovakia,Information and communication,2021,26.8,0.5249999999999999
SK,Slovakia,Information and communication,2022,26.4,0.675
SK,Slovakia,Information and communication,2023,26.4,0.6499999999999999
SK,Slovakia,Information and communication,2024,26.7,0.425
SK,Slovakia,Information and communication,2025,,0.45
SK,Slovakia,Manufacturing,2019,25.2,0.9750000000000001
SK,Slovakia,Manufacturing,2020,24.2,0.625
SK,Slovakia,Manufacturing,2021,24.1,0.7
SK,Slovakia,Manufacturing,2022,23.2,0.9
SK,Slovakia,Manufacturing,2023,23.5,0.85
SK,Slovakia,Manufacturing,2024,23.3,0.8250000000000001
SK,Slovakia,Manufacturing,2025,,0.675
SK,Slovakia,Mining and quarrying,2019,18.4,0.825
SK,Slovakia,Mining and quarrying,2020,16.0,0.75
SK,Slovakia,Mining and quarrying,2021,15.7,0.625
SK,Slovakia,Mining and quarrying,2022,14.1,0.7
SK,Slovakia,Mining and quarrying,2023,9.8,0.25
SK,Slovakia,Mining and quarrying,2024,10.2,0.425
SK,Slovakia,Mining and quarrying,2025,,0.475
SK,Slovakia,Other service activities,2019,-2.5,0.9249999999999999
SK,Slovakia,Other service activities,2020,-3.7,0.45
SK,Slovakia,Other service activities,2021,-4.0,0.425
SK,Slovakia,Other service activities,2022,-4.9,0.75
SK,Slovakia,Other service activities,2023,-5.1,0.525
SK,Slovakia,Other service activities,2024,-2.1,0.7
SK,Slovakia,Other service activities,2025,,0.6749999999999999
SK,Slovakia,"Professional, scientific and technical activities",2019,13.2,0.3
SK,Slovakia,"Professional, scientific and technical activities",2020,13.0,0.125
SK,Slovakia,"Professional, scientific and technical activities",2021,11.4,0.2
SK,Slovakia,"Professional, scientific and technical activities",2022,14.2,0.55
SK,Slovakia,"Professional, scientific and technical activities",2023,15.0,0.325
SK,Slovakia,"Professional, scientific and technical activities",2024,12.5,0.32499999999999996
SK,Slovakia,"Professional, scientific and technical activities",2025,,0.32499999999999996
SK,Slovakia,"Professional, scientific and technical activities; administrative and support service activities",2019,,0.375
SK,Slovakia,"Professional, scientific and technical activities; administrative and support service activities",2020,,0.2
SK,Slovakia,"Professional, scientific and technical activities; administrative and support service activities",2021,,0.2
SK,Slovakia,"Professional, scientific and technical activities; administrative and support service activities",2022,,0.49999999999999994
SK,Slovakia,"Professional, scientific and technical activities; administrative and support service activities",2023,,0.375
SK,Slovakia,"Professional, scientific and technical activities; administrative and support service activities",2024,,0.35000000000000003
SK,Slovakia,"Professional, scientific and technical activities; administrative and support service activities",2025,,0.3
SK,Slovakia,Public administration and defence; compulsory social security,2019,19.5,3.9
SK,Slovakia,Public administration and defence; compulsory social security,2020,20.2,3.45
SK,Slovakia,Public administration and defence; compulsory social security,2021,18.3,3.925
SK,Slovakia,Public administration and defence; compulsory social security,2022,18.9,3.975
SK,Slovakia,Public administration and defence; compulsory social security,2023,16.4,4.425000000000001
SK,Slovakia,Public administration and defence; compulsory social security,2024,14.6,4.875
SK,Slovakia,Public administration and defence; compulsory social security,2025,,4.55
SK,Slovakia,"Public administration and defence; compulsory social security; education; human health and social work activities; arts, entertainment and recreation; other service activities",2019,,1.45
SK,Slovakia,"Public administration and defence; compulsory social security; education; human health and social work activities; arts, entertainment and recreation; other service activities",2020,,1.2750000000000001
SK,Slovakia,"Public administration and defence; compulsory social security; education; human health and social work activities; arts, entertainment and recreation; other service activities",2021,,1.45
SK,Slovakia,"Public administration and defence; compulsory social security; education; human health and social work activities; arts, entertainment and recreation; other service activities",2022,,1.4249999999999998
SK,Slovakia,"Public administration and defence; compulsory social security; education; human health and social work activities; arts, entertainment and recreation; other service activities",2023,,1.5750000000000002
SK,Slovakia,"Public administration and defence; compulsory social security; education; human health and social work activities; arts, entertainment and recreation; other service activities",2024,,1.9249999999999998
SK,Slovakia,"Public administration and defence; compulsory social security; education; human health and social work activities; arts, entertainment and recreation; other service activities",2025,,1.7249999999999999
SK,Slovakia,"Public administration, defence, education, human health and social work activities",2019,,1.525
SK,Slovakia,"Public administration, defence, education, human health and social work activities",2020,,1.3499999999999999
SK,Slovakia,"Public administration, defence, education, human health and social work activities",2021,,1.5499999999999998
SK,Slovakia,"Public administration, defence, education, human health and social work activities",2022,,1.525
SK,Slovakia,"Public administration, defence, education, human health and social work activities",2023,,1.725
SK,Slovakia,"Public administration, defence, education, human health and social work activities",2024,,2.075
SK,Slovakia,"Public administration, defence, education, human health and social work activities",2025,,1.8499999999999999
SK,Slovakia,Real estate activities,2019,16.2,0.45000000000000007
SK,Slovakia,Real estate activities,2020,14.7,0.07500000000000001
SK,Slovakia,Real estate activities,2021,14.2,0.0
SK,Slovakia,Real estate activities,2022,10.2,0.4
SK,Slovakia,Real estate activities,2023,12.7,0.275
SK,Slovakia,Real estate activities,2024,9.7,0.30000000000000004
SK,Slovakia,Real estate activities,2025,,0.3
SK,Slovakia,Services of the business economy,2019,,0.9000000000000001
SK,Slovakia,Services of the business economy,2020,,0.65
SK,Slovakia,Services of the business economy,2021,,0.625
SK,Slovakia,Services of the business economy,2022,,0.9
SK,Slovakia,Services of the business economy,2023,,0.8500000000000001
SK,Slovakia,Services of the business economy,2024,,0.925
SK,Slovakia,Services of the business economy,2025,,0.75
SK,Slovakia,Transportation and storage,2019,8.9,1.9000000000000001
SK,Slovakia,Transportation and storage,2020,8.1,1.325
SK,Slovakia,Transportation and storage,2021,7.4,1.275
SK,Slovakia,Transportation and storage,2022,6.2,1.675
SK,Slovakia,Transportation and storage,2023,7.0,1.95
SK,Slovakia,Transportation and storage,2024,5.0,2.1500000000000004
SK,Slovakia,Transportation and storage,2025,,1.35
SK,Slovakia,"Water supply; sewerage, waste management and remediation activities",2019,-0.6,0.6
SK,Slovakia,"Water supply; sewerage, waste management and remediation activities",2020,-2.0,0.6
SK,Slovakia,"Water supply; sewerage, waste management and remediation activities",2021,-3.2,0.9
SK,Slovakia,"Water supply; sewerage, waste management and remediation activities",2022,-0.3,0.7749999999999999
SK,Slovakia,"Water supply; sewerage, waste management and remediation activities",2023,-5.5,0.825
SK,Slovakia,"Water supply; sewerage, waste management and remediation activities",2024,-1.8,1.05
SK,Slovakia,"Water supply; sewerage, waste management and remediation activities",2025,,0.8
SK,Slovakia,"Wholesale and retail trade, transport, accommodation and food service activities",2019,,1.05
SK,Slovakia,"Wholesale and retail trade, transport, accommodation and food service activities",2020,,0.825
SK,Slovakia,"Wholesale and retail trade, transport, accommodation and food service activities",2021,,0.825
SK,Slovakia,"Wholesale and retail trade, transport, accommodation and food service activities",2022,,1.05
SK,Slovakia,"Wholesale and retail trade, transport, accommodation and food service activities",2023,,1.05
SK,Slovakia,"Wholesale and retail trade, transport, accommodation and food service activities",2024,,1.175
SK,Slovakia,"Wholesale and retail trade, transport, accommodation and food service activities",2025,,0.925
SK,Slovakia,Wholesale and retail trade; repair of motor vehicles and motorcycles,2019,25.6,0.675
SK,Slovakia,Wholesale and retail trade; repair of motor vehicles and motorcycles,2020,24.5,0.6
SK,Slovakia,Wholesale and retail trade; repair of motor vehicles and motorcycles,2021,23.7,0.6000000000000001
SK,Slovakia,Wholesale and retail trade; repair of motor vehicles and motorcycles,2022,23.2,0.7749999999999999
SK,Slovakia,Wholesale and retail trade; repair of motor vehicles and motorcycles,2023,24.5,0.7
SK,Slovakia,Wholesale and retail trade; repair of motor vehicles and motorcycles,2024,22.2,0.7999999999999999
SK,Slovakia,Wholesale and retail trade; repair of motor vehicles and motorcycles,2025,,0.75
